data,site,uf,cidade,departamento,categoria,subcategoria,marca,descricao,ean,sku,preco_regular,preco_promocional,preco_pix,disponivel,link
2026-09-21,havan,"Nacional (rede em quase todos os estados, sede SC) — não confirmado por CEP",,Casa e Decoração,"Cama, Mesa e Banho",Jogo,,Jogo de Cama Solteiro 150 Fios Havan Kids 3 pçs - Galaxy Girl Rosa,,773999,69.99,,,sim,https://www.havan.com.br/jogo-de-cama-solteiro-kids-3-pecas-150-fios-solecasa-galaxy-girl-rosa/p
2026-09-21,havan,"Nacional (rede em quase todos os estados, sede SC) — não confirmado por CEP",,Casa e Decoração,"Cama, Mesa e Banho",Jogo,,Jogo de Cama Solteiro 150 Fios Havan Kids 3 pçs - Bailarinas,,773998,69.99,,,sim,https://www.havan.com.br/jogo-de-cama-solteiro-kids-3-pecas-150-fios-solecasa-bailarinas/p
2026-09-21,havan,"Nacional (rede em quase todos os estados, sede SC) — não confirmado por CEP",,Casa e Decoração,"Cama, Mesa e Banho",Jogo,,Jogo de Cama Queen Percal Buona Fortuna 3 pçs - Sophie Prata,,773970,219.99,,,sim,https://www.havan.com.br/jogo-de-cama-queen-percal-100-algodao-buona-fortuna-3-pcs-sophie-prata/p
2026-09-21,havan,"Nacional (rede em quase todos os estados, sede SC) — não confirmado por CEP",,Casa e Decoração,"Cama, Mesa e Banho",Jogo,,Jogo de Cama Casal Percal Buona Fortuna 3 pçs - Sophie Prata,,773969,179.99,,,sim,https://www.havan.com.br/jogo-de-cama-casal-100-algodao-3-pcs-buona-fortuna-sophie-prata/p
2026-09-21,havan,"Nacional (rede em quase todos os estados, sede SC) — não confirmado por CEP",,Casa e Decoração,"Cama, Mesa e Banho",Jogo,,Jogo de Cama Solteiro Percal Buona Fortuna 2 pçs - Sophie Prata,,773968,129.99,,,sim,https://www.havan.com.br/jogo-de-cama-solteiro-percal-100-algodao-buona-fortuna-2-pcs-sophie-prata/p
2026-09-21,havan,"Nacional (rede em quase todos os estados, sede SC) — não confirmado por CEP",,Casa e Decoração,"Cama, Mesa e Banho",Jogo,,Jogo de Cama Solteiro Micropercal Havan Casa 3 pçs - Organic Flores Azul,,773966,59.99,,,sim,https://www.havan.com.br/jogo-de-cama-solteiro-micropercal-180-fios-havan-casa-3-pcs-organic-flores-azul/p
2026-09-21,havan,"Nacional (rede em quase todos os estados, sede SC) — não confirmado por CEP",,Casa e Decoração,"Cama, Mesa e Banho",Jogo,,Jogo de Cama King Elegance Havan Casa 4 pçs - Organic Flores Azul,,773963,99.99,,,sim,https://www.havan.com.br/jogo-de-cama-king-micropercal-havan-casa-4-pcs-organic-flores-azul/p
2026-09-21,havan,"Nacional (rede em quase todos os estados, sede SC) — não confirmado por CEP",,Casa e Decoração,"Cama, Mesa e Banho",Jogo,,Jogo de Cama Queen Elegance Havan Casa 4 pçs - Saint Garden Verde,,773962,79.99,,,sim,https://www.havan.com.br/jogo-de-cama-queen-micropercal-180-fios-havan-casa-4-pcs-saint-garden-verde/p
2026-09-21,havan,"Nacional (rede em quase todos os estados, sede SC) — não confirmado por CEP",,Casa e Decoração,"Cama, Mesa e Banho",Jogo,,Jogo de Cama Queen Elegance Havan Casa 4 pçs - Lausane Listra Azul,,773961,79.99,,,sim,https://www.havan.com.br/jogo-de-cama-queen-micropercal-180-fios-havan-casa-4-pcs-lausane-listra-azul/p
2026-09-21,havan,"Nacional (rede em quase todos os estados, sede SC) — não confirmado por CEP",,Casa e Decoração,"Cama, Mesa e Banho",Jogo,,Jogo de Cama Queen Elegance Havan Casa 4 pçs - Laços Listra Azul,,773960,79.99,,,sim,https://www.havan.com.br/jogo-de-cama-queen-micropercal-180-fios-havan-casa-4-pcs-laos-listra-azul/p
2026-09-21,havan,"Nacional (rede em quase todos os estados, sede SC) — não confirmado por CEP",,Casa e Decoração,"Cama, Mesa e Banho",Jogo,,Jogo de Cama Queen Elegance Havan Casa 4 pçs - Toni Listra Azul,,773959,79.99,,,sim,https://www.havan.com.br/jogo-de-cama-queen-micropercal-180-fios-havan-casa-4-pcs-toni-listra-azul/p
2026-09-21,havan,"Nacional (rede em quase todos os estados, sede SC) — não confirmado por CEP",,Casa e Decoração,"Cama, Mesa e Banho",Jogo,,Jogo de Cama Queen Elegance Havan Casa 4 pçs - Organic Flores Azul,,773958,79.99,,,sim,https://www.havan.com.br/jogo-de-cama-queen-micropercal-180-fios-havan-casa-4-pcs-organic-flores-azul/p
2026-09-21,havan,"Nacional (rede em quase todos os estados, sede SC) — não confirmado por CEP",,Casa e Decoração,"Cama, Mesa e Banho",Jogo,,Jogo de Cama Casal Elegance Havan Casa 4 pçs - Valência Xadrez Verde,,773957,59.99,,,sim,https://www.havan.com.br/jogo-de-cama-casal-micropercal-180-fios-havan-casa-4-pcs-valncia-xadrez-verde/p
2026-09-21,havan,"Nacional (rede em quase todos os estados, sede SC) — não confirmado por CEP",,Casa e Decoração,"Cama, Mesa e Banho",Jogo,,Jogo de Cama Casal Elegance Havan Casa 4 pçs - Saint Garden Verde,,773956,59.99,,,sim,https://www.havan.com.br/jogo-de-cama-casal-micropercal-180-fios-havan-casa-4-pcs-saint-garden-verde/p
2026-09-21,havan,"Nacional (rede em quase todos os estados, sede SC) — não confirmado por CEP",,Casa e Decoração,"Cama, Mesa e Banho",Jogo,,Jogo de Cama Casal Elegance Havan Casa 4 pçs - Lausane Listra Azul,,773955,59.99,,,sim,https://www.havan.com.br/jogo-de-cama-casal-micropercal-180-fios-havan-casa-4-pcs-lausane-listra-azul/p
2026-09-21,havan,"Nacional (rede em quase todos os estados, sede SC) — não confirmado por CEP",,Casa e Decoração,"Cama, Mesa e Banho",Jogo,,Jogo de Cama Casal Elegance Havan Casa 4 pçs - Laços Listra Azul,,773954,59.99,,,sim,https://www.havan.com.br/jogo-de-cama-casal-micropercal-180-fios-havan-casa-4-pcs-laos-listra-azul/p
2026-09-21,havan,"Nacional (rede em quase todos os estados, sede SC) — não confirmado por CEP",,Casa e Decoração,"Cama, Mesa e Banho",Jogo,,Jogo de Cama Casal Elegance Havan Casa 4 pçs - Antique Boeme Rosa,,773953,59.99,,,sim,https://www.havan.com.br/jogo-de-cama-casal-micropercal-180-fios-havan-casa-4-pcs-antique-boeme-rosa/p
2026-09-21,havan,"Nacional (rede em quase todos os estados, sede SC) — não confirmado por CEP",,Casa e Decoração,"Cama, Mesa e Banho",Jogo,,Jogo de Cama Casal Elegance Havan Casa 4 pçs - Toni Listra Azul,,773952,59.99,,,sim,https://www.havan.com.br/jogo-de-cama-casal-micropercal-180-fios-havan-casa-4-pcs-toni-listra-azul/p
2026-09-21,havan,"Nacional (rede em quase todos os estados, sede SC) — não confirmado por CEP",,Casa e Decoração,"Cama, Mesa e Banho",Jogo,,Jogo de Cama Casal Elegance Havan Casa 4 pçs - Organic Flores Azul,,773951,59.99,,,sim,https://www.havan.com.br/jogo-de-cama-casal-micropercal-180-fios-havan-casa-4-pcs-organic-flores-azul/p
2026-09-21,havan,"Nacional (rede em quase todos os estados, sede SC) — não confirmado por CEP",,Casa e Decoração,"Cama, Mesa e Banho",Jogo,,Jogo de Cama Solteiro Micropercal Havan Casa 3 pçs - Jardim Botânico Verde,,773609,59.99,,,sim,https://www.havan.com.br/jogo-de-cama-solteiro-micropercal-180-fios-havan-casa-3-pcs-jardim-botnico-verde/p
2026-09-21,havan,"Nacional (rede em quase todos os estados, sede SC) — não confirmado por CEP",,Casa e Decoração,"Cama, Mesa e Banho",Jogo,,Jogo de Cama King Elegance Havan Casa 4 pçs - Jardim Botânico Verde,,773606,99.99,,,sim,https://www.havan.com.br/jogo-de-cama-king-micropercal-havan-casa-4-pcs-jardim-botnico-verde/p
2026-09-21,havan,"Nacional (rede em quase todos os estados, sede SC) — não confirmado por CEP",,Casa e Decoração,"Cama, Mesa e Banho",Jogo,,Jogo de Cama Solteiro Napoli Havan Casa 3 Peças - Lausane Listra Cinza,,773605,69.99,,,sim,https://www.havan.com.br/jogo-de-cama-solteiro-napoli-havan-casa-3-pecas-lausane-listra-cinza/p
2026-09-21,havan,"Nacional (rede em quase todos os estados, sede SC) — não confirmado por CEP",,Casa e Decoração,"Cama, Mesa e Banho",Jogo,,Jogo de Cama Casal Elegance Havan Casa 4 pçs - Jardim Botânico Verde,,773604,59.99,,,sim,https://www.havan.com.br/jogo-de-cama-casal-micropercal-180-fios-havan-casa-4-pcs-jardim-botnico-verde/p
2026-09-21,havan,"Nacional (rede em quase todos os estados, sede SC) — não confirmado por CEP",,Casa e Decoração,"Cama, Mesa e Banho",Jogo,,Jogo de Cama Queen Elegance Havan Casa 4 pçs - Jardim Botânico Verde,,773603,79.99,,,sim,https://www.havan.com.br/jogo-de-cama-queen-micropercal-180-fios-havan-casa-4-pcs-jardim-botnico-verde/p
2026-09-21,havan,"Nacional (rede em quase todos os estados, sede SC) — não confirmado por CEP",,Casa e Decoração,"Cama, Mesa e Banho",Jogo,,Jogo de Cama Queen Napoli Havan Casa 4 pçs - Lausane Listra Cinza,,773602,99.99,,,sim,https://www.havan.com.br/jogo-de-cama-queen-napoli-havan-casa-4-pcs-lausane-listra-cinza/p
2026-09-21,havan,"Nacional (rede em quase todos os estados, sede SC) — não confirmado por CEP",,Casa e Decoração,"Cama, Mesa e Banho",Jogo,,Jogo de Cama Solteiro 150 Fios Havan Kids 3 pçs - Laço Rosa e Cinza,,773237,69.99,,,sim,https://www.havan.com.br/jogo-de-cama-solteiro-kids-3-pecas-150-fios-solecasa-lao-rosa-e-cinza/p
2026-09-21,havan,"Nacional (rede em quase todos os estados, sede SC) — não confirmado por CEP",,Casa e Decoração,"Cama, Mesa e Banho",Jogo,,Jogo de Cama Solteiro Percal Buona Fortuna 3 pçs - Gael Preto,,773230,179.99,,,sim,https://www.havan.com.br/jogo-de-cama-solteiro-3-pecas-buona-fortuna-gael-preto/p
2026-09-21,havan,"Nacional (rede em quase todos os estados, sede SC) — não confirmado por CEP",,Casa e Decoração,"Cama, Mesa e Banho",Jogo,,Jogo de Cama Solteiro Napoli Havan Casa 3 Peças - Luccius Cinza,,773160,69.99,,,sim,https://www.havan.com.br/jogo-de-cama-solteiro-napoli-havan-casa-3-pecas-luccius-cinza/p
2026-09-21,havan,"Nacional (rede em quase todos os estados, sede SC) — não confirmado por CEP",,Casa e Decoração,"Cama, Mesa e Banho",Jogo,,Jogo de Cama Solteiro Micropercal Havan Casa 3 pçs - Gabriela Flowers Kaki,,773068,59.99,,,sim,https://www.havan.com.br/jogo-de-cama-solteiro-micropercal-180-fios-havan-casa-3-pcs-gabriela-flowers-kaki/p
2026-09-21,havan,"Nacional (rede em quase todos os estados, sede SC) — não confirmado por CEP",,Casa e Decoração,"Cama, Mesa e Banho",Jogo,,Jogo de Cama Solteiro Percal Buona Fortuna 3 pçs - Anthony Chumbo,,773066,179.99,,,sim,https://www.havan.com.br/jogo-de-cama-solteiro-3-pecas-buona-fortuna-anthony-chumbo/p
2026-09-21,havan,"Nacional (rede em quase todos os estados, sede SC) — não confirmado por CEP",,Casa e Decoração,"Cama, Mesa e Banho",Toalha,,Toalha Super Banho Ultra Soft Bella Havan Casa by Buddemeyer - Rosa,,773044,99.99,,,sim,https://www.havan.com.br/toalha-super-banho-ultra-soft-bella-havan-casa-by-buddemeyer-rosa/p
2026-09-21,havan,"Nacional (rede em quase todos os estados, sede SC) — não confirmado por CEP",,Casa e Decoração,"Cama, Mesa e Banho",Toalha,,Toalha Super Banho Ultra Soft Bella Havan Casa by Buddemeyer - Azul Escuro,,773043,99.99,,,sim,https://www.havan.com.br/toalha-super-banho-ultra-soft-bella-havan-casa-by-buddemeyer-azul-escuro/p
2026-09-21,havan,"Nacional (rede em quase todos os estados, sede SC) — não confirmado por CEP",,Casa e Decoração,"Cama, Mesa e Banho",Toalha,,Toalha Super Banho Ultra Soft Bella Havan Casa by Buddemeyer - Azul Claro,,773042,99.99,,,sim,https://www.havan.com.br/toalha-super-banho-ultra-soft-bella-havan-casa-by-buddemeyer-azul-claro/p
2026-09-21,havan,"Nacional (rede em quase todos os estados, sede SC) — não confirmado por CEP",,Casa e Decoração,"Cama, Mesa e Banho",Toalha,,Toalha Super Banho Ultra Soft Bella Havan Casa by Buddemeyer - Branco,,773041,99.99,,,sim,https://www.havan.com.br/toalha-super-banho-ultra-soft-bella-havan-casa-by-buddemeyer-branco/p
2026-09-21,havan,"Nacional (rede em quase todos os estados, sede SC) — não confirmado por CEP",,Casa e Decoração,"Cama, Mesa e Banho",Toalha,,Toalha Super Banho Lumina Karsten 1 Pç - Platina,,760420,99.99,,,sim,https://www.havan.com.br/toalha-super-banho-lumina-karsten-platina/p
2026-09-21,havan,"Nacional (rede em quase todos os estados, sede SC) — não confirmado por CEP",,Casa e Decoração,"Cama, Mesa e Banho",Toalha,,Toalha Super Banho Bella Ultra Soft Havan Casa by Buddemeyer - Rosa,,723517,99.99,,,sim,https://www.havan.com.br/toalha-super-banho-bella-ultra-soft-havan-casa-by-buddemeyer-rosa/p
2026-09-21,havan,"Nacional (rede em quase todos os estados, sede SC) — não confirmado por CEP",,Casa e Decoração,"Cama, Mesa e Banho",Toalha,,Toalha Super Banho Bella Ultra Soft Havan Casa by Buddemeyer - Azul Escuro,,723514,99.99,,,sim,https://www.havan.com.br/toalha-super-banho-bella-ultra-soft-havan-casa-by-buddemeyer-azul-escuro/p
2026-09-21,havan,"Nacional (rede em quase todos os estados, sede SC) — não confirmado por CEP",,Casa e Decoração,"Cama, Mesa e Banho",Toalha,,Toalha Super Banho Bella Ultra Soft Havan Casa by Buddemeyer - Azul,,723511,99.99,,,sim,https://www.havan.com.br/toalha-super-banho-bella-ultra-soft-havan-casa-by-buddemeyer-azul/p
2026-09-21,havan,"Nacional (rede em quase todos os estados, sede SC) — não confirmado por CEP",,Casa e Decoração,"Cama, Mesa e Banho",Toalha,,Toalha Super Banho Bella Ultra Soft Havan Casa by Buddemeyer - Branco,,723508,99.99,,,sim,https://www.havan.com.br/toalha-super-banho-bella-ultra-soft-havan-casa-by-buddemeyer-branco/p
2026-09-21,havan,"Nacional (rede em quase todos os estados, sede SC) — não confirmado por CEP",,Casa e Decoração,"Cama, Mesa e Banho",Toalha,,Toalha Super Banho Lumina Karsten 1 Pç - Ivory,,704575,99.99,,,sim,https://www.havan.com.br/toalha-super-banho-lumina-karsten-ivory/p
2026-09-21,havan,"Nacional (rede em quase todos os estados, sede SC) — não confirmado por CEP",,Casa e Decoração,"Cama, Mesa e Banho",Toalha,,Toalha Super Banho Lumina Karsten 1 Pç - Carbono,,704572,99.99,,,sim,https://www.havan.com.br/toalha-super-banho-lumina-karsten-carbono/p
2026-09-21,havan,"Nacional (rede em quase todos os estados, sede SC) — não confirmado por CEP",,Casa e Decoração,"Cama, Mesa e Banho",Toalha,,Toalha Super Banho Lumina Karsten 1 Pç - Lunar,,703642,99.99,,,sim,https://www.havan.com.br/toalha-super-banho-lumina-karsten-lunar/p
2026-09-21,havan,"Nacional (rede em quase todos os estados, sede SC) — não confirmado por CEP",,Casa e Decoração,"Cama, Mesa e Banho",Toalha,,Toalha Super Banho Lumina Karsten 1 Pç - Azul Sereno,,703639,99.99,,,sim,https://www.havan.com.br/toalha-super-banho-lumina-karsten-azul-sereno/p
2026-09-21,havan,"Nacional (rede em quase todos os estados, sede SC) — não confirmado por CEP",,Casa e Decoração,"Cama, Mesa e Banho",Toalha,,Toalha Super Banho Lumina Karsten 1 Pç - Pétala,,703636,99.99,,,sim,https://www.havan.com.br/toalha-super-banho-lumina-karsten-ptala/p
2026-09-21,havan,"Nacional (rede em quase todos os estados, sede SC) — não confirmado por CEP",,Casa e Decoração,"Cama, Mesa e Banho",Toalha,,Toalha Super Banho Lumina Karsten 1 Pç - Naval,,703633,99.99,,,sim,https://www.havan.com.br/toalha-super-banho-lumina-karsten-naval/p
2026-09-21,havan,"Nacional (rede em quase todos os estados, sede SC) — não confirmado por CEP",,Casa e Decoração,"Cama, Mesa e Banho",Toalha,,Toalha de Banho 100% Algodão Lollipop Buddemeyer - Cinza 2,,760524,89.99,,,sim,https://www.havan.com.br/toalha-de-banho-100-algodao-lollipop-buddemeyer-cinza-2/p
2026-09-21,havan,"Nacional (rede em quase todos os estados, sede SC) — não confirmado por CEP",,Casa e Decoração,"Cama, Mesa e Banho",Toalha,,Toalha de Banho 100% Algodão Lollipop Buddemeyer - Rosa 3231,,760523,89.99,,,sim,https://www.havan.com.br/toalha-de-banho-100-algodao-lollipop-buddemeyer-rosa-3231/p
2026-09-21,havan,"Nacional (rede em quase todos os estados, sede SC) — não confirmado por CEP",,Casa e Decoração,"Cama, Mesa e Banho",Toalha,,Toalha de Banho 100% Algodão Lollipop Buddemeyer - Azul,,760522,89.99,,,sim,https://www.havan.com.br/toalha-de-banho-100-algodao-lollipop-buddemeyer-azul/p
2026-09-21,havan,"Nacional (rede em quase todos os estados, sede SC) — não confirmado por CEP",,Casa e Decoração,"Cama, Mesa e Banho",Toalha,,Toalha de Banho 100% Algodão Lollipop Buddemeyer - Rosa 1348,,731488,89.99,,,sim,https://www.havan.com.br/toalha-de-banho-100-algodao-lollipop-buddemeyer-rosa-1348/p
2026-09-21,havan,"Nacional (rede em quase todos os estados, sede SC) — não confirmado por CEP",,Casa e Decoração,"Cama, Mesa e Banho",Toalha,,Toalha de Banho 100% Algodão Lollipop Buddemeyer - Cinza Prata,,694812,89.99,,,sim,https://www.havan.com.br/toalha-de-banho-100-algodao-lollipop-buddemeyer-cinza-prata/p
2026-09-21,havan,"Nacional (rede em quase todos os estados, sede SC) — não confirmado por CEP",,Casa e Decoração,"Cama, Mesa e Banho",Toalha,,"Toalha de Mesa Retangular 1,40M X 2,50M Estampada Havan Casa - Floral Bordô",,754102,89.99,,,sim,https://www.havan.com.br/toalha-de-mesa-1-40x2-50m-estampada-havan-casa-floral-bord/p
2026-09-21,havan,"Nacional (rede em quase todos os estados, sede SC) — não confirmado por CEP",,Casa e Decoração,"Cama, Mesa e Banho",Toalha,,"Toalha de Mesa Retangular 1,40M X 2,50M Estampada Havan Casa - Floral Rosa Centro",,754101,89.99,,,sim,https://www.havan.com.br/toalha-de-mesa-1-40x2-50m-estampada-havan-casa-floral-rosa-centro/p
2026-09-21,havan,"Nacional (rede em quase todos os estados, sede SC) — não confirmado por CEP",,Casa e Decoração,"Cama, Mesa e Banho",Toalha,,"Toalha de Mesa Retangular 1,40M X 2,50M Estampada Havan Casa - Garden",,680895,89.99,,,sim,https://www.havan.com.br/toalha-de-mesa-1-40x2-50m-estampada-havan-casa-garden/p
2026-09-21,havan,"Nacional (rede em quase todos os estados, sede SC) — não confirmado por CEP",,Casa e Decoração,"Cama, Mesa e Banho",Toalha,,"Toalha de Mesa Retangular 1,40M X 2,50M Estampada Havan Casa - Romã",,754103,89.99,,,sim,https://www.havan.com.br/toalha-de-mesa-1-40x2-50m-estampada-havan-casa-rom/p
2026-09-21,havan,"Nacional (rede em quase todos os estados, sede SC) — não confirmado por CEP",,Casa e Decoração,"Cama, Mesa e Banho",Americano,,Americano Avulso 2 Cabos Tramado Havan Casa 1 Pç - Azul Molduras,,662627,6.99,,,sim,https://www.havan.com.br/americano-avulso-2-cabos-tramado-havan-casa-1-pc-azul-molduras/p
2026-09-21,havan,"Nacional (rede em quase todos os estados, sede SC) — não confirmado por CEP",,Casa e Decoração,"Cama, Mesa e Banho",Americano,,Americano Avulso 2 Cabos Tramado Havan Casa 1 Pç - Bege Listras,,662534,6.99,,,sim,https://www.havan.com.br/americano-avulso-2-cabos-tramado-havan-casa-1-pc-bege-listras/p
2026-09-21,havan,"Nacional (rede em quase todos os estados, sede SC) — não confirmado por CEP",,Casa e Decoração,"Cama, Mesa e Banho",Americano,,Americano Avulso 2 Cabos Tramado Havan Casa 1 Pç - Branco Listras,,690165,6.99,,,sim,https://www.havan.com.br/americano-avulso-2-cabos-tramado-havan-casa-1-pc-branco-listras/p
2026-09-21,havan,"Nacional (rede em quase todos os estados, sede SC) — não confirmado por CEP",,Casa e Decoração,"Cama, Mesa e Banho",Americano,,Americano Avulso 2 Cabos Tramado Havan Casa 1 Pç - Cinza Bordas,,662537,6.99,,,sim,https://www.havan.com.br/americano-avulso-2-cabos-tramado-havan-casa-1-pc-cinza-bordas/p
2026-09-21,havan,"Nacional (rede em quase todos os estados, sede SC) — não confirmado por CEP",,Casa e Decoração,"Cama, Mesa e Banho",Americano,,Americano Avulso 2 Cabos Tramado Havan Casa 1 Pç - Cinza Listras,,690162,6.99,,,sim,https://www.havan.com.br/americano-avulso-2-cabos-tramado-havan-casa-1-pc-cinza-listras/p
2026-09-21,havan,"Nacional (rede em quase todos os estados, sede SC) — não confirmado por CEP",,Casa e Decoração,"Cama, Mesa e Banho",Americano,,Americano Avulso 2 Cabos Tramado Havan Casa 1 Pç - Linho,,698293,6.99,,,sim,https://www.havan.com.br/americano-avulso-2-cabos-tramado-havan-casa-1-pc-linho/p
2026-09-21,havan,"Nacional (rede em quase todos os estados, sede SC) — não confirmado por CEP",,Casa e Decoração,"Cama, Mesa e Banho",Americano,,Americano Avulso 2 Cabos Tramado Havan Casa 1 Pç - Listras Natural,,747122,6.99,,,sim,https://www.havan.com.br/americano-avulso-2-cabos-tramado-havan-casa-1-pc-listras-natural/p
2026-09-21,havan,"Nacional (rede em quase todos os estados, sede SC) — não confirmado por CEP",,Casa e Decoração,"Cama, Mesa e Banho",Americano,,Americano Avulso 2 Cabos Tramado Havan Casa 1 Pç - Preto Listras,,690168,6.99,,,sim,https://www.havan.com.br/americano-avulso-2-cabos-tramado-havan-casa-1-pc-preto-listras/p
2026-09-21,havan,"Nacional (rede em quase todos os estados, sede SC) — não confirmado por CEP",,Casa e Decoração,"Cama, Mesa e Banho",Americano,,Americano Avulso 2 Cabos Tramado Havan Casa 1 Pç - Xadrez Preto,,662531,6.99,,,sim,https://www.havan.com.br/americano-avulso-2-cabos-tramado-havan-casa-1-pc-xadrez-preto/p
2026-09-21,havan,"Nacional (rede em quase todos os estados, sede SC) — não confirmado por CEP",,Casa e Decoração,"Cama, Mesa e Banho",Americano,,Americano Avulso 30X45 cm Malta Havan Casa - Oval Natural,,698575,19.99,,,sim,https://www.havan.com.br/americano-avulso-30x45-cm-malta-havan-casa-oval-natural/p
2026-09-21,havan,"Nacional (rede em quase todos os estados, sede SC) — não confirmado por CEP",,Casa e Decoração,"Cama, Mesa e Banho",Americano,,Americano Avulso 38 cm Luna Havan Casa - Allure,,321422,12.99,,,sim,https://www.havan.com.br/americano-avulso-luna-havan-allure/p
2026-09-21,havan,"Nacional (rede em quase todos os estados, sede SC) — não confirmado por CEP",,Casa e Decoração,"Cama, Mesa e Banho",Americano,,Americano Avulso 38 cm Luna Havan Casa - Azul,,321440,12.99,,,sim,https://www.havan.com.br/americano-avulso-luna-havan-azul/p
2026-09-21,havan,"Nacional (rede em quase todos os estados, sede SC) — não confirmado por CEP",,Casa e Decoração,"Cama, Mesa e Banho",Americano,,Americano Avulso 38 cm Luna Havan Casa - Blood,,321425,12.99,,,sim,https://www.havan.com.br/americano-avulso-luna-havan-blood/p
2026-09-21,havan,"Nacional (rede em quase todos os estados, sede SC) — não confirmado por CEP",,Casa e Decoração,"Cama, Mesa e Banho",Americano,,Americano Avulso 38 cm Luna Havan Casa - Cinza Amianto,,608754,12.99,,,sim,https://www.havan.com.br/americano-avulso-luna-havan-cinza-amianto/p
2026-09-21,havan,"Nacional (rede em quase todos os estados, sede SC) — não confirmado por CEP",,Casa e Decoração,"Cama, Mesa e Banho",Americano,,Americano Avulso 38 cm Luna Havan Casa - Marrom,,729517,12.99,,,sim,https://www.havan.com.br/americano-avulso-luna-havan-marrom/p
2026-09-21,havan,"Nacional (rede em quase todos os estados, sede SC) — não confirmado por CEP",,Casa e Decoração,"Cama, Mesa e Banho",Americano,,Americano Avulso 38 cm Luna Havan Casa - Off White,,731521,12.99,,,sim,https://www.havan.com.br/americano-avulso-luna-havan-off-white/p
2026-09-21,havan,"Nacional (rede em quase todos os estados, sede SC) — não confirmado por CEP",,Casa e Decoração,"Cama, Mesa e Banho",Jogo,,Jogo de Cama Queen Percal Buona Fortuna 4 pçs - Anthony Chumbo,,773050,299.99,,,sim,https://www.havan.com.br/jogo-de-cama-queen-4-pecas-buona-fortuna-anthony-chumbo/p
2026-09-21,havan,"Nacional (rede em quase todos os estados, sede SC) — não confirmado por CEP",,Casa e Decoração,"Cama, Mesa e Banho",Toalha,,Toalha de Banho 100% Algodão Lollipop Buddemeyer - Verde Turquesa,,694809,89.99,,,sim,https://www.havan.com.br/toalha-de-banho-100-algodao-lollipop-buddemeyer-verde-turquesa/p
2026-09-21,havan,"Nacional (rede em quase todos os estados, sede SC) — não confirmado por CEP",,Ferramentas e Construção,Ferramentas e Jardim,Lavadora,,Lavadora E Desobstruidora Wap De Alta Pressão WL 4500 Ultra 2000PSI,,758012,2199.99,,,sim,https://www.havan.com.br/lavadora-e-desobstruidora-wap-de-alta-pressao-wl-4500-ultra-2000psi/p
2026-09-21,havan,"Nacional (rede em quase todos os estados, sede SC) — não confirmado por CEP",,Ferramentas e Construção,Ferramentas e Jardim,Compressor,,"Compressor de Ar Motomil 24 Litros CMI 8,7/24BR - Bivolt",,761920,1699.90,,,sim,https://www.havan.com.br/motocompressor-de-ar-24l-cmi-8-7-24-motomil-bivolt/p
2026-09-21,havan,"Nacional (rede em quase todos os estados, sede SC) — não confirmado por CEP",,Ferramentas e Construção,Ferramentas e Jardim,Lavadora,,Lavadora Desobstruidora Alta Pressão Wap 1700w Bravo Ultra 2550,,552143,1499.90,,,sim,https://www.havan.com.br/lavadora-desobstruidora-alta-pressao-wap-1700w-bravo-ultra-2550/p
2026-09-21,havan,"Nacional (rede em quase todos os estados, sede SC) — não confirmado por CEP",,Ferramentas e Construção,Ferramentas e Jardim,Lavadora,,Lavadora de Alta Pressão Karcher K4 New Motor 1700w 1885psi,,707833,1299.90,,,sim,https://www.havan.com.br/lavadora-de-alta-pressao-karcher-k4-new-motor-1700w-1885psi/p
2026-09-21,havan,"Nacional (rede em quase todos os estados, sede SC) — não confirmado por CEP",,Ferramentas e Construção,Ferramentas e Jardim,Martelete,,Martelete Perfurador/Rompedor Makita 800W,,682983,1099.90,,,sim,https://www.havan.com.br/martelete-perfurador-rompedor-makita-800w/p
2026-09-21,havan,"Nacional (rede em quase todos os estados, sede SC) — não confirmado por CEP",,Ferramentas e Construção,Ferramentas e Jardim,Lavadora,,Lavadora de Alta Pressão Bosch GHP 180 1500W,,681564,1099.90,,,sim,https://www.havan.com.br/lavadora-de-alta-pressao-bosch-ghp-180-1500w/p
2026-09-21,havan,"Nacional (rede em quase todos os estados, sede SC) — não confirmado por CEP",,Ferramentas e Construção,Ferramentas e Jardim,Martelete,,Martelete Perfurador/Rompedor Vonder MPV1500,,673313,1099.90,,,sim,https://www.havan.com.br/martelete-perfurador-rompedor-vonder-mpv1500/p
2026-09-21,havan,"Nacional (rede em quase todos os estados, sede SC) — não confirmado por CEP",,Ferramentas e Construção,Ferramentas e Jardim,Lavadora,,Lavadora de Alta Pressão Wap 2000W WL4000,,657011,1099.90,,,sim,https://www.havan.com.br/lavadora-de-alta-pressao-wap-2000w-wl4000/p
2026-09-21,havan,"Nacional (rede em quase todos os estados, sede SC) — não confirmado por CEP",,Ferramentas e Construção,Ferramentas e Jardim,Martelete,,"Martelete Perfurador Bosch de Impacto 720W 2,0J GBH 220",,571658,1099.90,,,sim,https://www.havan.com.br/martelete-perfurador-bosch-de-impacto-720w-2-0j-gbh-220/p
2026-09-21,havan,"Nacional (rede em quase todos os estados, sede SC) — não confirmado por CEP",,Ferramentas e Construção,Ferramentas e Jardim,Roçadeira,,"Roçadeira a Gasolina 51,7Cc Garthen - CG-550B",,314571,1099.90,,,sim,https://www.havan.com.br/rocadeira-a-gasolina-51-7cc-garthen-cg-550b/p
2026-09-21,havan,"Nacional (rede em quase todos os estados, sede SC) — não confirmado por CEP",,Ferramentas e Construção,Ferramentas e Jardim,Kit,,Kit Caixa de Ferramentas Modular Ultra Box com Rodas 4 em 1,,768176,999.90,,,sim,https://www.havan.com.br/kit-caixa-de-ferramentas-modular-ultra-box-c-rodas-4-em-1-diversos/p
2026-09-21,havan,"Nacional (rede em quase todos os estados, sede SC) — não confirmado por CEP",,Ferramentas e Construção,Ferramentas e Jardim,Parafusadeira,,Parafusadeira E Furadeira Impacto Bosch Bateria 18V Gsb185-Li - Bivolt,,648043,999.90,,,sim,https://www.havan.com.br/parafusadeira-e-furadeira-de-impacto-a-bateria-18v-bosch-gsb-185-li-bivolt/p
2026-09-21,havan,"Nacional (rede em quase todos os estados, sede SC) — não confirmado por CEP",,Ferramentas e Construção,Ferramentas e Jardim,Parafusadeira,,Parafusadeira e Furadeira de Impacto 18V Makita Dhp490wvx - Bivolt,,744320,899.90,,,sim,https://www.havan.com.br/parafusadeira-e-furadeira-de-impacto-18v-makita-dhp490wvx-bivolt/p
2026-09-21,havan,"Nacional (rede em quase todos os estados, sede SC) — não confirmado por CEP",,Ferramentas e Construção,Ferramentas e Jardim,Serra,,Serra Circular Bosch GKS 130 1300W,,711277,899.90,,,sim,https://www.havan.com.br/serra-circular-bosch-gks-130-1300w/p
2026-09-21,havan,"Nacional (rede em quase todos os estados, sede SC) — não confirmado por CEP",,Ferramentas e Construção,Ferramentas e Jardim,Lavadora,,Lavadora de Alta Pressão Electrolux 2200PSI 1800W UltraWash UWS2200,,682407,899.90,,,sim,https://www.havan.com.br/lavadora-de-alta-pressao-electrolux-2200psi-1800w-ultrawash-uws2200/p
2026-09-21,havan,"Nacional (rede em quase todos os estados, sede SC) — não confirmado por CEP",,Ferramentas e Construção,Ferramentas e Jardim,Cortador,,Cortador de Grama Tramontina 1300W CE35P,,189948,899.90,,,sim,https://www.havan.com.br/cortador-de-grama-tramontina-1300w-ce35p/p
2026-09-21,havan,"Nacional (rede em quase todos os estados, sede SC) — não confirmado por CEP",,Ferramentas e Construção,Ferramentas e Jardim,Escada,,Escada Multifuncional 4X3 12 Degraus Mor - 005221,,558827,849.90,,,sim,https://www.havan.com.br/escada-de-aluminio-mor-8-posicoes-12-degraus-005221/p
2026-09-21,havan,"Nacional (rede em quase todos os estados, sede SC) — não confirmado por CEP",,Ferramentas e Construção,Ferramentas e Jardim,Furadeira,,Furadeira e Parafusadeira de Impacto Gsb 183-Li,,762840,799.90,,,sim,https://www.havan.com.br/furadeira-e-parafusadeira-de-impacto-gsb-183-li-1-bateria-diversos/p
2026-09-21,havan,"Nacional (rede em quase todos os estados, sede SC) — não confirmado por CEP",,Ferramentas e Construção,Ferramentas e Jardim,Motosserra,,Motosserra A Gasolina 58C Lynus - MLY-58C,,683451,799.90,,,sim,https://www.havan.com.br/motosserra-a-gasolina-58c-mly-58c-lynus-mly-58c/p
2026-09-21,havan,"Nacional (rede em quase todos os estados, sede SC) — não confirmado por CEP",,Ferramentas e Construção,Ferramentas e Jardim,Serra,,"Serra Esquadria 8"" Philco PSE1500-8",,611892,799.90,,,sim,https://www.havan.com.br/serra-esquadria-8-philco-pse1500-8/p
2026-09-21,havan,"Nacional (rede em quase todos os estados, sede SC) — não confirmado por CEP",,Ferramentas e Construção,Ferramentas e Jardim,Compressor,,Compressor De Ar Com Acessórios Hobby Jetmil-S Motomil - Bivolt,,273061,799.90,,,sim,https://www.havan.com.br/compressor-de-ar-hobby-jetmil-s-motomil-bivolt/p
2026-09-21,havan,"Nacional (rede em quase todos os estados, sede SC) — não confirmado por CEP",,Ferramentas e Construção,Ferramentas e Jardim,Furadeira,,Furadeira De Impacto Bosch Gsb 13 Re 750W - Bivolt,,682917,749.90,,,sim,https://www.havan.com.br/furadeira-de-impacto-bosch-gsb-13-re-750w-bivolt/p
2026-09-21,havan,"Nacional (rede em quase todos os estados, sede SC) — não confirmado por CEP",,Ferramentas e Construção,Ferramentas e Jardim,Plaina,,Plaina Elétrica 82mm 500W Makita M1902B,,361700,749.90,,,sim,https://www.havan.com.br/plaina-eletrica-82mm-500w-makita-m1902b/p
2026-09-21,havan,"Nacional (rede em quase todos os estados, sede SC) — não confirmado por CEP",,Ferramentas e Construção,Ferramentas e Jardim,Inversor,,Inversor de Solda Vonder Im125 Bivolt com Máscara - Bivolt,,759853,699.90,,,sim,https://www.havan.com.br/inversor-dig-mascara-aut-im125-vonder-bivolt/p
2026-09-21,havan,"Nacional (rede em quase todos os estados, sede SC) — não confirmado por CEP",,Ferramentas e Construção,Ferramentas e Jardim,Kit,,Kit Esmerilhadeira e Furadeira 24 Peças Worker,,759044,699.90,,,sim,https://www.havan.com.br/kit-esmerilhadeira-furadeira-24pcs-worker/p
2026-09-21,havan,"Nacional (rede em quase todos os estados, sede SC) — não confirmado por CEP",,Ferramentas e Construção,Ferramentas e Jardim,Lavadora,,Lavadora de Alta Pressão 1800W PLA3100 Philco 2100PSI,,719116,699.90,,,sim,https://www.havan.com.br/lavadora-de-alta-pressao-1800w-pla3100-philco/p
2026-09-21,havan,"Nacional (rede em quase todos os estados, sede SC) — não confirmado por CEP",,Ferramentas e Construção,Ferramentas e Jardim,Escada,,Escada Dobrável 03 Degraus Worker - 336660,,704701,699.90,,,sim,https://www.havan.com.br/escada-dobravel-03-degraus-worker-336660/p
2026-09-21,havan,"Nacional (rede em quase todos os estados, sede SC) — não confirmado por CEP",,Ferramentas e Construção,Ferramentas e Jardim,Jogo,,Jogo De Ferramentas 110 Peças Vonder,,686916,699.90,,,sim,https://www.havan.com.br/jogo-de-ferramentas-110-pecas-vonder-diversos/p
2026-09-21,havan,"Nacional (rede em quase todos os estados, sede SC) — não confirmado por CEP",,Ferramentas e Construção,Ferramentas e Jardim,Lavadora,,Lavadora de Alta Pressão e Desobstruidora Wap 1500W Ousada WL2610,,657020,699.90,,,sim,https://www.havan.com.br/lavadora-de-alta-pressao-e-desobstruidora-wap-1500w-ousada-wl2610/p
2026-09-21,havan,"Nacional (rede em quase todos os estados, sede SC) — não confirmado por CEP",,Ferramentas e Construção,Ferramentas e Jardim,Martelete,,Martelete Combinado Wap 900W SDS Plus Com Maleta EMPR900K,,559391,699.90,,,sim,https://www.havan.com.br/martelete-combinado-wap-900w-sds-plus-com-maleta-empr900k/p
2026-09-21,havan,"Nacional (rede em quase todos os estados, sede SC) — não confirmado por CEP",,Ferramentas e Construção,Ferramentas e Jardim,Jogo,,Jogo de Ferramentas com 110Pçs Worker - 980803,,227067,699.90,,,sim,https://www.havan.com.br/jogo-de-ferramentas-com-110pcs-worker-980803/p
2026-09-21,havan,"Nacional (rede em quase todos os estados, sede SC) — não confirmado por CEP",,Ferramentas e Construção,Ferramentas e Jardim,Lavadora,,Lavadora de Alta Pressão Electrolux EWS1800 PowerWash 1800PSI,,669770,649.90,,,sim,https://www.havan.com.br/lavadora-de-alta-pressao-electrolux-ews1800-powerwash-1800psi/p
2026-09-21,havan,"Nacional (rede em quase todos os estados, sede SC) — não confirmado por CEP",,Ferramentas e Construção,Ferramentas e Jardim,Martelete,,Martelete 900W Com Maleta E Acessórios PMT01 Philco Force,,214713,649.90,,,sim,https://www.havan.com.br/martelete-900w-com-maleta-e-acessorios-pmt01-philco-force/p
2026-09-21,havan,"Nacional (rede em quase todos os estados, sede SC) — não confirmado por CEP",,Ferramentas e Construção,Ferramentas e Jardim,Parafusadeira,,Parafusadeira e Furadeira de Impacto 20V Black And Decker Bcd383d1xk-Br - Bivolt,,752876,599.90,,,sim,https://www.havan.com.br/parafusadeira-e-furadeira-de-impacto-20v-black-and-decker-bcd383d1xk-br-bivolt/p
2026-09-21,havan,"Nacional (rede em quase todos os estados, sede SC) — não confirmado por CEP",,Ferramentas e Construção,Ferramentas e Jardim,Serra,,Serra Circular WAP ESC 1500 Guia Laser,,683151,599.90,,,sim,https://www.havan.com.br/serra-circular-wap-esc-1500-guia-laser/p
2026-09-21,havan,"Nacional (rede em quase todos os estados, sede SC) — não confirmado por CEP",,Ferramentas e Construção,Ferramentas e Jardim,Serra,,Serra Tico-Tico Bosch 500W Com 1 Lâmina GST 680,,682929,599.90,,,sim,https://www.havan.com.br/serra-tico-tico-bosch-500w-com-1-lamina-gst-680/p
2026-09-21,havan,"Nacional (rede em quase todos os estados, sede SC) — não confirmado por CEP",,Ferramentas e Construção,Ferramentas e Jardim,Inversor,,Inversor Digital Riv125 Bivolt Com Maleta Vonder - BIVOLT,,677543,599.90,,,sim,https://www.havan.com.br/inversor-dig-riv125-vnder-bivolt-cmaleta-bivolt/p
2026-09-21,havan,"Nacional (rede em quase todos os estados, sede SC) — não confirmado por CEP",,Ferramentas e Construção,Ferramentas e Jardim,Parafusadeira,,"Parafusadeira E Furadeira Com Impacto Wap 1/2"" Bateria 21V K21id03 - Bivolt",,657038,599.90,,,sim,https://www.havan.com.br/parafusadeira-e-furadeira-com-impacto-wap-1-2-bateria-21v-k21id03-bivolt/p
2026-09-21,havan,"Nacional (rede em quase todos os estados, sede SC) — não confirmado por CEP",,Ferramentas e Construção,Ferramentas e Jardim,Lavadora,,Lavadora de Alta Pressão Kärcher K2 plus 1740 psi 1400w,,640566,599.90,,,sim,https://www.havan.com.br/lavadora-de-alta-pressao-karcher-k2-plus/p
2026-09-21,havan,"Nacional (rede em quase todos os estados, sede SC) — não confirmado por CEP",,Ferramentas e Construção,Ferramentas e Jardim,Jogo,,Jogo De Ferramenta Worker C/ Maleta Chaves Manuais Combinadas - 94 pçs,,580174,599.90,,,sim,https://www.havan.com.br/jogo-de-ferramenta-worker-c-maleta-chaves-manuais-combinadas-94-ps/p
2026-09-21,havan,"Nacional (rede em quase todos os estados, sede SC) — não confirmado por CEP",,Ferramentas e Construção,Ferramentas e Jardim,Lavadora,,Lavadora e Desobstruidora de Alta Pressão Wap 1700W New Eco Wash Ultra,,512730,599.90,,,sim,https://www.havan.com.br/lavadora-e-desobstruidora-de-alta-pressao-wap-1700w-new-eco-wash-ultra/p
2026-09-21,havan,"Nacional (rede em quase todos os estados, sede SC) — não confirmado por CEP",,Ferramentas e Construção,Ferramentas e Jardim,Parafusadeira,,Parafusadeira e Furadeira a Bateria Gsr 1000 Smart Bosch - Bivolt,,390536,599.90,,,sim,https://www.havan.com.br/parafusadeira-e-furadeira-a-bateria-gsr-1000-smart-bosch-bivolt/p
2026-09-21,havan,"Nacional (rede em quase todos os estados, sede SC) — não confirmado por CEP",,Ferramentas e Construção,Ferramentas e Jardim,Tupia,,"Tupia para Laminado M3700B 6mm 1/4"" 530W Makita",,331175,599.90,,,sim,https://www.havan.com.br/tupia-para-laminado-m3700b-6mm-1-4-530w-makita/p
2026-09-21,havan,"Nacional (rede em quase todos os estados, sede SC) — não confirmado por CEP",,Ferramentas e Construção,Ferramentas e Jardim,Serra,,Serra Mármore 1300W 4100NH3ZX2 Makita,,191949,599.90,,,sim,https://www.havan.com.br/serra-marmore-1300w-4100nh3zx2-makita/p
2026-09-21,havan,"Nacional (rede em quase todos os estados, sede SC) — não confirmado por CEP",,Ferramentas e Construção,Ferramentas e Jardim,Politriz,,Politriz 1400W PPZ1500 Philco,,649195,579.90,,,sim,https://www.havan.com.br/politriz-1400w-ppz1500-philco/p
2026-09-21,havan,"Nacional (rede em quase todos os estados, sede SC) — não confirmado por CEP",,Ferramentas e Construção,Ferramentas e Jardim,Serra,,Serra Mármore Bosch 1500W Titan GDC 150 a Seco,,648772,549.90,,,sim,https://www.havan.com.br/serra-marmore-bosch-1500w-titan-gdc-150-a-seco/p
2026-09-21,havan,"Nacional (rede em quase todos os estados, sede SC) — não confirmado por CEP",,Ferramentas e Construção,Ferramentas e Jardim,Serra,,Serra Circular Force 1500W PSC01 Philco,,197454,549.90,,,sim,https://www.havan.com.br/serra-circular-force-1500w-psc01-philco/p
2026-09-21,havan,"Nacional (rede em quase todos os estados, sede SC) — não confirmado por CEP",,Ferramentas e Construção,Ferramentas e Jardim,Lavadora,,Lavadora de Alta Pressão Portátil Wap K21 Hpw01 21V 330 Psi - Bivolt,,767828,499.90,,,sim,https://www.havan.com.br/lavadora-de-alta-pressao-portatil-wap-k21-hpw01-21v-330-psi-bivolt/p
2026-09-21,havan,"Nacional (rede em quase todos os estados, sede SC) — não confirmado por CEP",,Ferramentas e Construção,Ferramentas e Jardim,Chave,,"Chave Catraca a Bateria 3/8'' 10,8V Worker - Bivolt",,758789,499.90,,,sim,https://www.havan.com.br/chave-catraca-bateria-3-8-10-8v-worker-bivolt/p
2026-09-21,havan,"Nacional (rede em quase todos os estados, sede SC) — não confirmado por CEP",,Ferramentas e Construção,Ferramentas e Jardim,Serra,,Serra Sabre Wap WF SA0 1200W Elétrica 2800 Golpes Por Minuto,,755466,499.90,,,sim,https://www.havan.com.br/serra-sabre-wap-wf-sa01-1200w-eletrica-2800-golpes-por-minuto/p
2026-09-21,havan,"Nacional (rede em quase todos os estados, sede SC) — não confirmado por CEP",,Ferramentas e Construção,Ferramentas e Jardim,Fechadura,,Fechadura Eletrônica Biométrica Digital Taschibra Tfee02,,755307,499.90,,,sim,https://www.havan.com.br/fechuadura-eletronica-biometrica-digital-taschibra-tfee02-diversos/p
2026-09-21,havan,"Nacional (rede em quase todos os estados, sede SC) — não confirmado por CEP",,Ferramentas e Construção,Ferramentas e Jardim,Serra,,Serra Circular Elétrica Worker 1300W 185mm,,750419,499.90,,,sim,https://www.havan.com.br/serra-circular-eletrica-worker-1300w-185mm/p
2026-09-21,havan,"Nacional (rede em quase todos os estados, sede SC) — não confirmado por CEP",,Ferramentas e Construção,Ferramentas e Jardim,Lavadora,,Lavadora De Alta Pressão Karcher Wash Jet 1400W,,730426,499.90,,,sim,https://www.havan.com.br/lavadora-de-alta-pressao-karcher-wash-jet-1400w/p
2026-09-21,havan,"Nacional (rede em quase todos os estados, sede SC) — não confirmado por CEP",,Ferramentas e Construção,Ferramentas e Jardim,Lavadora,,Lavadora de Alta Pressão 1800psi Philco Force PLP2800 1600W,,719143,499.90,,,sim,https://www.havan.com.br/lavadora-de-alta-pressao-1800psi-philco-force-plp2800-1600w/p
2026-09-21,havan,"Nacional (rede em quase todos os estados, sede SC) — não confirmado por CEP",,Ferramentas e Construção,Ferramentas e Jardim,Nível,,Nível A Laser Gll 12-22 De 12 Metros Bosch - 0601065220,,701041,499.90,,,sim,https://www.havan.com.br/nivel-a-laser-gll-12-22-de-12m-bosch-0601065220/p
2026-09-21,havan,"Nacional (rede em quase todos os estados, sede SC) — não confirmado por CEP",,Ferramentas e Construção,Ferramentas e Jardim,Lavadora,,Lavadora de Alta Pressão e Desobstruidora Wap 1400W WL1820 Ultra,,657029,499.90,,,sim,https://www.havan.com.br/lavadora-de-alta-pressao-e-desobstruidora-wap-1400w-ultra-wl1820/p
2026-09-21,havan,"Nacional (rede em quase todos os estados, sede SC) — não confirmado por CEP",,Ferramentas e Construção,Ferramentas e Jardim,Parafusadeira,,Parafusadeira E Furadeira Impacto Philco Bateria 21V Ppf21mf - Bivolt,,648487,499.90,,,sim,https://www.havan.com.br/parafusadeira-e-furadeira-impacto-philco-bateria-21v-ppf21mf-bivolt/p
2026-09-21,havan,"Nacional (rede em quase todos os estados, sede SC) — não confirmado por CEP",,Ferramentas e Construção,Ferramentas e Jardim,Micro,,Micro Retífica 3000 Versátil com 82 Acessórios Dremel,,648034,499.90,,,sim,https://www.havan.com.br/micro-retifica-3000-versatil-com-82-acessorios-dremel/p
2026-09-21,havan,"Nacional (rede em quase todos os estados, sede SC) — não confirmado por CEP",,Ferramentas e Construção,Ferramentas e Jardim,Furadeira,,"Furadeira de Impacto 500W 1/2"" M0801B 13mm Makita",,516618,499.90,,,sim,https://www.havan.com.br/furadeira-de-impacto-500w-1-2-m0801b-13mm-makita/p
2026-09-21,havan,"Nacional (rede em quase todos os estados, sede SC) — não confirmado por CEP",,Ferramentas e Construção,Ferramentas e Jardim,Inversor,,Inversor Para Solda Ksi 130A Kala - Bivolt,,337843,499.90,,,sim,https://www.havan.com.br/inversor-para-solda-ksi-130a-kala-bivolt/p
2026-09-21,havan,"Nacional (rede em quase todos os estados, sede SC) — não confirmado por CEP",,Ferramentas e Construção,Ferramentas e Jardim,Esmerilhadeira,,"Esmerilhadeira Angular M9510B 4-1/2"" 850W Makita",,330800,499.90,,,sim,https://www.havan.com.br/esmerilhadeira-angular-m9510b-4-1-2-850w-makita/p
2026-09-21,havan,"Nacional (rede em quase todos os estados, sede SC) — não confirmado por CEP",,Ferramentas e Construção,Ferramentas e Jardim,Mini,,"Mini Motosserra Sabre À Bateria 6"" Wap K21 S02 - Bivolt",,743477,479.90,,,sim,https://www.havan.com.br/mini-motosserra-sabre-a-bateria-6-wap-k21-s02-bivolt-bivolt/p
2026-09-21,havan,"Nacional (rede em quase todos os estados, sede SC) — não confirmado por CEP",,Ferramentas e Construção,Ferramentas e Jardim,Esmerilhadeira,,Esmerilhadeira Bosch GWS 770 M14,,711268,479.90,,,sim,https://www.havan.com.br/esmerilhadeira-bosch-gws-770-m14/p
2026-09-21,havan,"Nacional (rede em quase todos os estados, sede SC) — não confirmado por CEP",,Ferramentas e Construção,Ferramentas e Jardim,Mini,,"Mini Motosserra Sabre Wap 6"" 21V A Bateria K21s01 - Bivolt",,657032,479.90,,,sim,https://www.havan.com.br/motosserra-sabre-wap-6-21v-a-bateria-k21s01-bivolt/p
2026-09-21,havan,"Nacional (rede em quase todos os estados, sede SC) — não confirmado por CEP",,Ferramentas e Construção,Ferramentas e Jardim,Motobomba,,"Motobomba Periférica 1,0Cv Eletroplas - Bivolt",,686373,449.90,,,sim,https://www.havan.com.br/motobomba-periferica-1-0cv-eletroplas-bivolt/p
2026-09-21,havan,"Nacional (rede em quase todos os estados, sede SC) — não confirmado por CEP",,Ferramentas e Construção,Ferramentas e Jardim,Esmerilhadeira,,Esmerilhadeira Angular 4.1/2 Vonder EAV 860N,,682749,449.90,,,sim,https://www.havan.com.br/esmerilhadeira-angular-4-1-2-vonder-eav-860n/p
2026-09-21,havan,"Nacional (rede em quase todos os estados, sede SC) — não confirmado por CEP",,Ferramentas e Construção,Ferramentas e Jardim,Parafusadeira,,Parafusadeira E Furadeira Impacto Worker Pfw 2 Baterias 18V - Bivolt,,667418,449.90,,,sim,https://www.havan.com.br/parafusadeira-e-furadeira-impacto-worker-pfw-2-baterias-18v-bivolt/p
2026-09-21,havan,"Nacional (rede em quase todos os estados, sede SC) — não confirmado por CEP",,Ferramentas e Construção,Ferramentas e Jardim,Plaina,,Plaina Elétrica 750W 82mm PPL01 Philco,,311892,449.90,,,sim,https://www.havan.com.br/plaina-eletrica-750w-82mm-ppl01-philco/p
2026-09-21,havan,"Nacional (rede em quase todos os estados, sede SC) — não confirmado por CEP",,Ferramentas e Construção,Ferramentas e Jardim,Serra,,Serra Mármore 1500W PSM01 Philco,,273164,449.90,,,sim,https://www.havan.com.br/serra-marmore-1500w-psm01-philco/p
2026-09-21,havan,"Nacional (rede em quase todos os estados, sede SC) — não confirmado por CEP",,Ferramentas e Construção,Ferramentas e Jardim,Câmera,,Câmera De Vídeo Externa Intelbras Full Hd Infravermelho Im5sc - Bivolt,,556342,419.90,,,sim,https://www.havan.com.br/camera-de-video-externa-intelbras-full-hd-infravermelho-im5sc-bivolt/p
2026-09-21,havan,"Nacional (rede em quase todos os estados, sede SC) — não confirmado por CEP",,Ferramentas e Construção,Ferramentas e Jardim,Parafusadeira,,Parafusadeira e Furadeira 3/8” Wap K21 Id02 21V Torque 45Nm,,755962,399.90,,,sim,https://www.havan.com.br/parafusadeira-e-furadeira-38-wap-k21-id02-21v-torque-45nm-diversos/p
2026-09-21,havan,"Nacional (rede em quase todos os estados, sede SC) — não confirmado por CEP",,Ferramentas e Construção,Ferramentas e Jardim,Misturador,,Misturador De Argamassa E Tinta Wap WF MA01,,755463,399.90,,,sim,https://www.havan.com.br/misturador-de-argamassa-e-tinta-wap-wf-ma01/p
2026-09-21,havan,"Nacional (rede em quase todos os estados, sede SC) — não confirmado por CEP",,Ferramentas e Construção,Ferramentas e Jardim,Fechadura,,Fechadura Eletrônica Digital Taschibra Tfcs01,,755306,399.90,,,sim,https://www.havan.com.br/fechadur-eletronica-digital-taschibra-tfcs01-diversos/p
2026-09-21,havan,"Nacional (rede em quase todos os estados, sede SC) — não confirmado por CEP",,Ferramentas e Construção,Ferramentas e Jardim,Politriz,,Politriz Rotativa Wap WF PR01 1200W 7” E 6 Velocidades,,750309,399.90,,,sim,https://www.havan.com.br/politriz-rotativa-wap-wf-pr01-1200w-7-e-6-velocidades/p
2026-09-21,havan,"Nacional (rede em quase todos os estados, sede SC) — não confirmado por CEP",,Ferramentas e Construção,Ferramentas e Jardim,Serra,,Serra Mármore Black And Decker 1200W BES41200,,746772,399.90,,,sim,https://www.havan.com.br/serra-marmore-black-and-decker-1200w-bes41200/p
2026-09-21,havan,"Nacional (rede em quase todos os estados, sede SC) — não confirmado por CEP",,Ferramentas e Construção,Ferramentas e Jardim,Pistola,,Pistola de Pintura Elétrica WAP EPP400 900ml 3 Regulações Spray 400W,,704350,399.90,,,sim,https://www.havan.com.br/pistola-de-pintura-eletrica-wap-3-regulacoes-epp400/p
2026-09-21,havan,"Nacional (rede em quase todos os estados, sede SC) — não confirmado por CEP",,Ferramentas e Construção,Ferramentas e Jardim,Trena,,Trena Laser Glm 30-23 Com Alcance De 30 Metros Bosch - 0601072XG0,,701065,399.90,,,sim,https://www.havan.com.br/trena-laser-glm-30-23-com-alcance-de-30m-bosch-0601072xg0/p
2026-09-21,havan,"Nacional (rede em quase todos os estados, sede SC) — não confirmado por CEP",,Ferramentas e Construção,Ferramentas e Jardim,Câmera,,Câmera De Segurança Intelbras Externa Inteligente Full Hd Wi-Fi 360° - Bivolt,,682035,399.90,,,sim,https://www.havan.com.br/camera-de-seguranca-intelbras-externa-inteligente-full-hd-wi-fi-360-bivolt/p
2026-09-21,havan,"Nacional (rede em quase todos os estados, sede SC) — não confirmado por CEP",,Ferramentas e Construção,Ferramentas e Jardim,Parafusadeira,,Parafusadeira E Furadeira Com Impacto Philco Bateria 12V Ppf120mf - Bivolt,,681777,399.90,,,sim,https://www.havan.com.br/parafusadeira-e-furadeira-com-impacto-philco-bateria-12v-ppf120mf-bivolt/p
2026-09-21,havan,"Nacional (rede em quase todos os estados, sede SC) — não confirmado por CEP",,Ferramentas e Construção,Ferramentas e Jardim,Mini,,"Mini Motosserra Philco Force Sabre 6"" Bateria Lítio Pmm216 - Bivolt",,664000,399.90,,,sim,https://www.havan.com.br/mini-motosserra-philco-force-sabre-6-bateria-litio-pmm216-bivolt/p
2026-09-21,havan,"Nacional (rede em quase todos os estados, sede SC) — não confirmado por CEP",,Ferramentas e Construção,Ferramentas e Jardim,Parafusadeira,,Parafusadeira E Furadeira De Impacto 3/8'' Wap K21 Id01 - Bivolt,,657047,399.90,,,sim,https://www.havan.com.br/parafusadeira-e-furadeira-de-impacto-3-8-wap-k21-id01-bivolt/p
2026-09-21,havan,"Nacional (rede em quase todos os estados, sede SC) — não confirmado por CEP",,Ferramentas e Construção,Ferramentas e Jardim,Serra,,Serra Mármore Vonder SMV1300S,,191616,399.90,,,sim,https://www.havan.com.br/serra-marmore-vonder-smv1300s/p
2026-09-21,havan,"Nacional (rede em quase todos os estados, sede SC) — não confirmado por CEP",,Ferramentas e Construção,Ferramentas e Jardim,Câmera,,Câmera Interna Inteligente 3Mp Wi-Fi 360° Im6 Intelbras,,719128,379.90,,,sim,https://www.havan.com.br/camera-interna-inteligente-3mp-wi-fi-360-im6-diversos/p
2026-09-21,havan,"Nacional (rede em quase todos os estados, sede SC) — não confirmado por CEP",,Ferramentas e Construção,Ferramentas e Jardim,Câmera,,Câmera De Vídeo Intelbras Inteligente Full Hd360° Im4 - Branco,,559256,379.90,,,sim,https://www.havan.com.br/camera-de-video-intelbras-inteligente-full-hd360-im4-branco/p
2026-09-21,havan,"Nacional (rede em quase todos os estados, sede SC) — não confirmado por CEP",,Ferramentas e Construção,Ferramentas e Jardim,Furadeira,,Furadeira de Impacto Bosch 450W GSB RE,,198366,379.90,,,sim,https://www.havan.com.br/furadeira-de-impacto-gsb-450-re-bosch/p
2026-09-21,havan,"Nacional (rede em quase todos os estados, sede SC) — não confirmado por CEP",,Ferramentas e Construção,Ferramentas e Jardim,Escada,,Escada Alumínio 7 Degraus Mor 005100,,759477,349.90,,,sim,https://www.havan.com.br/esc-alum-7-deg-dom-esp-mor-diversos/p
2026-09-21,havan,"Nacional (rede em quase todos os estados, sede SC) — não confirmado por CEP",,Ferramentas e Construção,Ferramentas e Jardim,Mini,,Mini Retífica Philco PRT180 120 Acessórios,,665086,349.90,,,sim,https://www.havan.com.br/mini-retifica-philco-prt180-120-acessorios/p
2026-09-21,havan,"Nacional (rede em quase todos os estados, sede SC) — não confirmado por CEP",,Ferramentas e Construção,Ferramentas e Jardim,Parafusadeira,,Parafusadeira E Furadeira Com Impacto Lynus Bateria 20V Pfl20ci - Bivolt,,659770,349.90,,,sim,https://www.havan.com.br/parafusadeira-e-furadeira-com-impacto-lynus-bateria-20v-pfl20ci-bivolt/p
2026-09-21,havan,"Nacional (rede em quase todos os estados, sede SC) — não confirmado por CEP",,Ferramentas e Construção,Ferramentas e Jardim,Tupia,,Tupia Profissional Philco PTU01,,603688,349.90,,,sim,https://www.havan.com.br/tupia-profissional-philco-ptu01/p
2026-09-21,havan,"Nacional (rede em quase todos os estados, sede SC) — não confirmado por CEP",,Ferramentas e Construção,Ferramentas e Jardim,Escada,,Escada Alumínio 7 Degraus Mor 5105 - Prata,,537192,349.90,,,sim,https://www.havan.com.br/escada-aluminio-7-degraus-mor-5105-diversos/p
2026-09-21,havan,"Nacional (rede em quase todos os estados, sede SC) — não confirmado por CEP",,Ferramentas e Construção,Ferramentas e Jardim,Pistola,,Pistola Pulverizadora para Pintura 350W PPL-350 Lynus,,269070,349.90,,,sim,https://www.havan.com.br/pistola-pulverizadora-para-pintura-350w-ppl-350-lynus/p
2026-09-21,havan,"Nacional (rede em quase todos os estados, sede SC) — não confirmado por CEP",,Ferramentas e Construção,Ferramentas e Jardim,Motoesmeril,,Motoesmeril 360W MMI-50B Motomil - Bivolt,,268739,349.90,,,sim,https://www.havan.com.br/motoesmeril-360w-mmi-50b-motomil-bivolt/p
2026-09-21,havan,"Nacional (rede em quase todos os estados, sede SC) — não confirmado por CEP",,Ferramentas e Construção,Ferramentas e Jardim,Câmera,,Câmera Interna Inteligente Wi-Fi 3Mp 360° Branca Intelbras,,767333,329.90,,,sim,https://www.havan.com.br/camera-interna-inteligente-wi-fi-3mp-360-branca-intelbras-diversos/p
2026-09-21,havan,"Nacional (rede em quase todos os estados, sede SC) — não confirmado por CEP",,Ferramentas e Construção,Ferramentas e Jardim,Parafusadeira,,Parafusadeira e Furadeira de Impacto Wap 12V Wf 12K4.2 - Bivolt,,752487,329.90,,,sim,https://www.havan.com.br/parafusadeira-e-furadeira-de-impacto-wap-12v-wf-12k4-2-bivolt/p
2026-09-21,havan,"Nacional (rede em quase todos os estados, sede SC) — não confirmado por CEP",,Ferramentas e Construção,Ferramentas e Jardim,Serra,,Serra Mármore Worker com Regulador de altura de corte 1300W,,664669,329.90,,,sim,https://www.havan.com.br/serra-marmore-worker-com-regulador-de-altura-de-corte-1300w/p
2026-09-21,havan,"Nacional (rede em quase todos os estados, sede SC) — não confirmado por CEP",,Ferramentas e Construção,Ferramentas e Jardim,Chave,,Chave de Impacto Wap K21 Ch02 Bateria Removível 350 Nm - Bivolt,,762838,299.90,,,sim,https://www.havan.com.br/chave-de-impacto-wap-k21-ch02-bateria-removivel-350-nm-bivolt/p
2026-09-21,havan,"Nacional (rede em quase todos os estados, sede SC) — não confirmado por CEP",,Ferramentas e Construção,Ferramentas e Jardim,Mini,,"Mini Motosserra Philco Force 21V Sabre 8"" 4700Rpm 4 Acessórios Pmm218 - Bivolt",,762382,299.90,,,sim,https://www.havan.com.br/mini-motosserra-philco-force-4700rpm-4-acessorios-pmm218-bivolt/p
2026-09-21,havan,"Nacional (rede em quase todos os estados, sede SC) — não confirmado por CEP",,Ferramentas e Construção,Ferramentas e Jardim,Chave,,Chave de Impacto À Bateria Wap K21 Ch01 21V - Bivolt,,758796,299.90,,,sim,https://www.havan.com.br/chave-de-impacto-a-bateria-wap-k21-ch01-21v-bivolt-bivolt/p
2026-09-21,havan,"Nacional (rede em quase todos os estados, sede SC) — não confirmado por CEP",,Ferramentas e Construção,Ferramentas e Jardim,Soprador,,Soprador E Aspirador Philco 830W 275Km/h 16000RPM PSA1000,,715474,299.90,,,sim,https://www.havan.com.br/soprador-e-aspirador-philco-830w-275km-h-16000rpm-psa1000/p
2026-09-21,havan,"Nacional (rede em quase todos os estados, sede SC) — não confirmado por CEP",,Ferramentas e Construção,Ferramentas e Jardim,Serra,,"Serra Mármore WAP 4.3/8"" 1300W ESM1300",,704065,299.90,,,sim,https://www.havan.com.br/serra-marmore-wap-4-3-8-1300w-esm1300/p
2026-09-21,havan,"Nacional (rede em quase todos os estados, sede SC) — não confirmado por CEP",,Ferramentas e Construção,Ferramentas e Jardim,Lixadeira,,Lixadeira Orbital WAP ELO 250 com Coletor de Pó 240ml 250W,,683166,299.90,,,sim,https://www.havan.com.br/lixadeira-orbital-wap-elo-250-com-coletor-de-po-240ml-250w/p
2026-09-21,havan,"Nacional (rede em quase todos os estados, sede SC) — não confirmado por CEP",,Ferramentas e Construção,Ferramentas e Jardim,Esmerilhadeira,,"Esmerilhadeira Angular 5"" WAP WF ES01",,677624,299.90,,,sim,https://www.havan.com.br/esmerilhadeira-angular-5-wap-wf-es01/p
2026-09-21,havan,"Nacional (rede em quase todos os estados, sede SC) — não confirmado por CEP",,Ferramentas e Construção,Ferramentas e Jardim,Parafusadeira,,Parafusadeira E Furadeira Com Impacto Vonder Bateria 20V Pfv 238I - Bivolt,,671291,299.90,,,sim,https://www.havan.com.br/parafusadeira-e-furadeira-com-impacto-vonder-bateria-20v-pfv-238i-bivolt/p
2026-09-21,havan,"Nacional (rede em quase todos os estados, sede SC) — não confirmado por CEP",,Ferramentas e Construção,Ferramentas e Jardim,Parafusadeira,,Parafusadeira E Furadeira Impacto Philco 21V Ppf21m - Bivolt,,644862,299.90,,,sim,https://www.havan.com.br/parafusadeira-e-furadeira-impacto-21v-philco-ppf21m-bivolt/p
2026-09-21,havan,"Nacional (rede em quase todos os estados, sede SC) — não confirmado por CEP",,Ferramentas e Construção,Ferramentas e Jardim,Aparador,,Aparador de Grama Bipartido 1500W Garthen GAM-1500BP,,369668,299.90,,,sim,https://www.havan.com.br/aparador-de-grama-bipartido-1500w-garthen-gam-1500bp/p
2026-09-21,havan,"Nacional (rede em quase todos os estados, sede SC) — não confirmado por CEP",,Ferramentas e Construção,Ferramentas e Jardim,Escada,,Escada Alumínio 5 Degraus Mor 005099,,759531,279.99,,,sim,https://www.havan.com.br/escada-alum-5-deg-dom-esp-mor-diversos/p
2026-09-21,havan,"Nacional (rede em quase todos os estados, sede SC) — não confirmado por CEP",,Ferramentas e Construção,Ferramentas e Jardim,Escada,,Escada Alumínio 5 Degraus Mor - Prata,,559763,279.99,,,sim,https://www.havan.com.br/escada-aluminio-5-degraus-mor-prata/p
2026-09-21,havan,"Nacional (rede em quase todos os estados, sede SC) — não confirmado por CEP",,Ferramentas e Construção,Ferramentas e Jardim,Jogo,,"Jogo De Soquetes Estriados Encaixe 1/2"" Com Maleta Tramontina - 43600/017",,351408,279.99,,,sim,https://www.havan.com.br/jogo-de-soquetes-estriados-encaixe-1-2-com-maleta-tramontina-43600-017/p
2026-09-21,havan,"Nacional (rede em quase todos os estados, sede SC) — não confirmado por CEP",,Ferramentas e Construção,Ferramentas e Jardim,Parafusadeira,,Parafusadeira e Furadeira Impacto Wap WF 700K10 Com 11 Acessórios,,667766,279.90,,,sim,https://www.havan.com.br/parafusadeira-e-furadeira-impacto-wap-wf-700k10-com-11-acessorios/p
2026-09-21,havan,"Nacional (rede em quase todos os estados, sede SC) — não confirmado por CEP",,Ferramentas e Construção,Ferramentas e Jardim,Parafusadeira,,Parafusadeira E Furadeira Philco Force Speed Control Ppf12m - Bivolt,,663610,279.90,,,sim,https://www.havan.com.br/parafusadeira-e-furadeira-philco-force-speed-control-ppf12m-bivolt/p
2026-09-21,havan,"Nacional (rede em quase todos os estados, sede SC) — não confirmado por CEP",,Ferramentas e Construção,Ferramentas e Jardim,Aparador,,Aparador de Grama Elétrico Tramontina 1500W AP1500T,,655753,279.90,,,sim,https://www.havan.com.br/aparador-de-grama-eletrico-tramontina-1500w-ap1500t/p
2026-09-21,havan,"Nacional (rede em quase todos os estados, sede SC) — não confirmado por CEP",,Ferramentas e Construção,Ferramentas e Jardim,Esmerilhadeira,,Esmerilhadeira Philco Force PEM02 950W,,622481,279.90,,,sim,https://www.havan.com.br/esmerilhadeira-philco-force-pem02-950w/p
2026-09-21,havan,"Nacional (rede em quase todos os estados, sede SC) — não confirmado por CEP",,Ferramentas e Construção,Ferramentas e Jardim,Motoesmeril,,"Motoesmeril Vonder De Bancada 150W 5"" 6892150000 - Bivolt",,552149,279.90,,,sim,https://www.havan.com.br/motoesmeril-vonder-de-bancada-150w-5-6892150000-bivolt/p
2026-09-21,havan,"Nacional (rede em quase todos os estados, sede SC) — não confirmado por CEP",,Ferramentas e Construção,Ferramentas e Jardim,Lixadeira,,Lixadeira Orbital Force 250 Watts PL001 Philco,,197841,279.90,,,sim,https://www.havan.com.br/lixadeira-orbital-force-250-watts-pl001-philco/p
2026-09-21,havan,"Nacional (rede em quase todos os estados, sede SC) — não confirmado por CEP",,Ferramentas e Construção,Ferramentas e Jardim,Kit,,Kit Furadeira de Impacto Philco Force PFU01MF 650W,,197445,279.90,,,sim,https://www.havan.com.br/kit-furadeira-de-impacto-philco-force-pfu01mf-650w/p
2026-09-21,havan,"Nacional (rede em quase todos os estados, sede SC) — não confirmado por CEP",,Ferramentas e Construção,Ferramentas e Jardim,Parafusadeira,,Parafusadeira e Furadeira Philco Force Ppf21mb com Controle de Velocidade - Bivolt,,762381,249.90,,,sim,https://www.havan.com.br/parafusadeira-e-furadeira-philco-force-speed-control-ppf21mb-bivolt/p
2026-09-21,havan,"Nacional (rede em quase todos os estados, sede SC) — não confirmado por CEP",,Ferramentas e Construção,Ferramentas e Jardim,Parafusadeira,,Parafusadeira e Furadeira de Impacto Vonder 12V Pfv 012I,,756846,249.90,,,sim,https://www.havan.com.br/vonder-parafusadeirafuradeira-de-impacto-a-bateria-pfv-012i-diversos/p
2026-09-21,havan,"Nacional (rede em quase todos os estados, sede SC) — não confirmado por CEP",,Ferramentas e Construção,Ferramentas e Jardim,Jogo,,"Jogo de Soquetes 1/2"" com Catraca Reversível 32 Peças Western",,755946,249.90,,,sim,https://www.havan.com.br/jogo-de-soquetes-12-com-catraca-reversivel-32-pecas-western-diversos/p
2026-09-21,havan,"Nacional (rede em quase todos os estados, sede SC) — não confirmado por CEP",,Ferramentas e Construção,Ferramentas e Jardim,Parafusadeira,,Parafusadeira e Furadeira Vonder 12V Pfv120 - Bivolt,,644082,249.90,,,sim,https://www.havan.com.br/parafusadeira-e-furadeira-12v-vonder-pfv120-bivolt/p
2026-09-21,havan,"Nacional (rede em quase todos os estados, sede SC) — não confirmado por CEP",,Ferramentas e Construção,Ferramentas e Jardim,Kit,,Kit Acessórios para Motocompressor 4 Peças Motomil - 5468.6,,272948,249.90,,,sim,https://www.havan.com.br/kit-acessorios-para-motocompressor-4-pecas-motomil-54686/p
2026-09-21,havan,"Nacional (rede em quase todos os estados, sede SC) — não confirmado por CEP",,Ferramentas e Construção,Ferramentas e Jardim,Esmerilhadeira,,Esmerilhadeira Angular 4.1/2 650W G650 Black And Decker,,195630,249.90,,,sim,https://www.havan.com.br/esmerilhadeira-angular-4-12-650w-g650-black-and-decker/p
2026-09-21,havan,"Nacional (rede em quase todos os estados, sede SC) — não confirmado por CEP",,Ferramentas e Construção,Ferramentas e Jardim,Parafusadeira,,Parafusadeira e Furadeira Vonder 280W FPV300,,190809,249.90,,,sim,https://www.havan.com.br/furadeira-e-parafusadeira-vonder-fpv300/p
2026-09-21,havan,"Nacional (rede em quase todos os estados, sede SC) — não confirmado por CEP",,Ferramentas e Construção,Ferramentas e Jardim,Motobomba,,"Motobomba Periférica 1,2CV 60HZ Eletroplas",,686313,229.90,,,sim,https://www.havan.com.br/motobomba-periferica-1-2cv-60hz-eletroplas/p
2026-09-21,havan,"Nacional (rede em quase todos os estados, sede SC) — não confirmado por CEP",,Ferramentas e Construção,Ferramentas e Jardim,Serra,,Serra Tico Tico WAP WF STT01 com Base Regulável e Botão de Trava 550W,,753329,219.90,,,sim,https://www.havan.com.br/serra-tico-tico-wap-wf-stt01-com-base-regulavel-e-botao-de-trava-550w/p
2026-09-21,havan,"Nacional (rede em quase todos os estados, sede SC) — não confirmado por CEP",,Ferramentas e Construção,Ferramentas e Jardim,Serra,,Serra Tico-Tico 450W Force PTT01 Philco,,197463,219.90,,,sim,https://www.havan.com.br/serra-tico-tico-450w-force-ptt01-philco/p
2026-09-21,havan,"Nacional (rede em quase todos os estados, sede SC) — não confirmado por CEP",,Ferramentas e Construção,Ferramentas e Jardim,Escada,,Escada Banqueta de Alumínio Mor,,759479,199.99,,,sim,https://www.havan.com.br/escada-banqueta-alum-esp-mor-diversos/p
2026-09-21,havan,"Nacional (rede em quase todos os estados, sede SC) — não confirmado por CEP",,Ferramentas e Construção,Ferramentas e Jardim,Pulverizador,,Pulverizador Manual 16 Litros Master Tools - ST77575,,752920,199.99,,,sim,https://www.havan.com.br/pulverizador-manual-16-litros-master-tools-st77575/p
2026-09-21,havan,"Nacional (rede em quase todos os estados, sede SC) — não confirmado por CEP",,Ferramentas e Construção,Ferramentas e Jardim,Bolsa,,Bolsa em Lona para Ferramentas Bl017 Vonder,,752900,199.99,,,sim,https://www.havan.com.br/bolsa-em-lona-para-ferramentas-bl017-vonder-diversos/p
2026-09-21,havan,"Nacional (rede em quase todos os estados, sede SC) — não confirmado por CEP",,Ferramentas e Construção,Ferramentas e Jardim,Caixa,,Caixa Car Box 5100 23 Arqplast - Preto,,682224,199.99,,,sim,https://www.havan.com.br/caixa-car-box-5100-23-arqplast-preto/p
2026-09-21,havan,"Nacional (rede em quase todos os estados, sede SC) — não confirmado por CEP",,Ferramentas e Construção,Ferramentas e Jardim,Escada,,Escada Banqueta De Alumínio Mor - Prata,,170392,199.99,,,sim,https://www.havan.com.br/escada-banqueta-de-aluminio-mor-5107-prata/p
2026-09-21,havan,"Nacional (rede em quase todos os estados, sede SC) — não confirmado por CEP",,Ferramentas e Construção,Ferramentas e Jardim,Furadeira,,Furadeira de Impacto 3/8 550W Black And Decker BED710550K,,752817,199.90,,,sim,https://www.havan.com.br/furadeira-de-impacto-3-8-550w-black-and-decker-bed710550k/p
2026-09-21,havan,"Nacional (rede em quase todos os estados, sede SC) — não confirmado por CEP",,Ferramentas e Construção,Ferramentas e Jardim,Serra,,Serra Tico-Tico Black And Decker 400W BES602,,746746,199.90,,,sim,https://www.havan.com.br/serra-tico-tico-black-and-decker-400w-bes602/p
2026-09-21,havan,"Nacional (rede em quase todos os estados, sede SC) — não confirmado por CEP",,Ferramentas e Construção,Ferramentas e Jardim,Lixadeira,,Lixadeira Orbital Black And Decker BS200,,746707,199.90,,,sim,https://www.havan.com.br/lixadeira-orbital-black-and-decker-bs200/p
2026-09-21,havan,"Nacional (rede em quase todos os estados, sede SC) — não confirmado por CEP",,Ferramentas e Construção,Ferramentas e Jardim,Mini,,"Mini Motosserra Portátil 6"" Klicke Kf3800 21V - Bivolt",,736108,199.90,,,sim,https://www.havan.com.br/mini-motosserra-portatil-6-klicke-kf3800-21v-bivolt/p
2026-09-21,havan,"Nacional (rede em quase todos os estados, sede SC) — não confirmado por CEP",,Ferramentas e Construção,Ferramentas e Jardim,Parafusadeira,,"Parafusadeira e Furadeira de Impacto 3/8"" Klicke Kf1500 21V - Bivolt",,736087,199.90,,,sim,https://www.havan.com.br/parafusadeira-e-furadeira-de-impacto-3-8-klicke-kf1500-21v-bivolt/p
2026-09-21,havan,"Nacional (rede em quase todos os estados, sede SC) — não confirmado por CEP",,Ferramentas e Construção,Ferramentas e Jardim,Parafusadeira,,Parafusadeira E Furadeira Wap A Bateria 12V Bpf12k3 - Bivolt,,564215,199.90,,,sim,https://www.havan.com.br/parafusadeira-e-furadeira-wap-a-bateria-12v-bpf12k3-bivolt/p
2026-09-21,havan,"Nacional (rede em quase todos os estados, sede SC) — não confirmado por CEP",,Ferramentas e Construção,Ferramentas e Jardim,Soprador,,Soprador Térmico Philco PST01,,261938,199.90,,,sim,https://www.havan.com.br/soprador-termico-philco-pst01/p
2026-09-21,havan,"Nacional (rede em quase todos os estados, sede SC) — não confirmado por CEP",,Ferramentas e Construção,Ferramentas e Jardim,Câmera,,Câmera De Segurança Inteligente Interna Wi-Fi Full Hd Intelbras - Bivolt,,676883,189.90,,,sim,https://www.havan.com.br/camera-de-seguranca-inteligente-interna-wi-fi-full-hd-intelbras-bivolt/p
2026-09-21,havan,"Nacional (rede em quase todos os estados, sede SC) — não confirmado por CEP",,Ferramentas e Construção,Ferramentas e Jardim,Escada,,Escada Alumínio 3 Degraus Mor 005098,,759478,179.99,,,sim,https://www.havan.com.br/escada-alum-3-deg-dom-esp-mor-diversos/p
2026-09-21,havan,"Nacional (rede em quase todos os estados, sede SC) — não confirmado por CEP",,Ferramentas e Construção,Ferramentas e Jardim,Jogo,,"Jogo Soquetes 12 Peças 1/2"" Master Tools - ST78336",,723289,179.99,,,sim,https://www.havan.com.br/jogo-soquetes-12-pecas-1-2-master-tools-st78336/p
2026-09-21,havan,"Nacional (rede em quase todos os estados, sede SC) — não confirmado por CEP",,Ferramentas e Construção,Ferramentas e Jardim,Kit,,Kit De Ferramentas 70 Peças Pkf01 Philco - Azul,,382945,179.99,,,sim,https://www.havan.com.br/kit-de-ferramentas-pkf01-philco-azul/p
2026-09-21,havan,"Nacional (rede em quase todos os estados, sede SC) — não confirmado por CEP",,Ferramentas e Construção,Ferramentas e Jardim,Mangueira,,"Mangueira 1/2"" Flexível 25M Com Suporte Tramontina - Verde",,185166,179.99,,,sim,https://www.havan.com.br/mangueira-para-jardim-25-metros-79322250-tramontina-verde/p
2026-09-21,havan,"Nacional (rede em quase todos os estados, sede SC) — não confirmado por CEP",,Ferramentas e Construção,Ferramentas e Jardim,Escada,,Escada Alumínio 3 Degraus Mor - Prata,,172114,179.99,,,sim,https://www.havan.com.br/escada-aluminio-3-degraus-mor-diversos/p
2026-09-21,havan,"Nacional (rede em quase todos os estados, sede SC) — não confirmado por CEP",,Ferramentas e Construção,Ferramentas e Jardim,Soprador,,Soprador Térmico STL-2000 Lynus,,360191,179.90,,,sim,https://www.havan.com.br/soprador-termico-stl-2000-lynus/p
2026-09-21,havan,"Nacional (rede em quase todos os estados, sede SC) — não confirmado por CEP",,Ferramentas e Construção,Ferramentas e Jardim,Assento,,Assento Sanitário Plus Bellart Thema Branco Durin - 00727,,219009,159.99,,,sim,https://www.havan.com.br/assento-sanitario-plus-bellart-thema-branco-durin-00727/p
2026-09-21,havan,"Nacional (rede em quase todos os estados, sede SC) — não confirmado por CEP",,Ferramentas e Construção,Ferramentas e Jardim,Torno,,Torno De Bancada N3 Motomil Tb-300P,,683814,159.90,,,sim,https://www.havan.com.br/torno-de-bancada-n3-motomil-tb-300p-diversos/p
2026-09-21,havan,"Nacional (rede em quase todos os estados, sede SC) — não confirmado por CEP",,Ferramentas e Construção,Ferramentas e Jardim,Suporte,,Suporte para Papel Higiênico com Lixeira Niquelart - Chumbo,,762695,149.99,,,sim,https://www.havan.com.br/suporte-para-papel-higienico-com-lixeira-niquelart-chumbo/p
2026-09-21,havan,"Nacional (rede em quase todos os estados, sede SC) — não confirmado por CEP",,Ferramentas e Construção,Ferramentas e Jardim,Mangueira,,Mangueira Jardim Siliconada Standard 30 Metros Durin,,737206,149.99,,,sim,https://www.havan.com.br/jogo-mangueira-trancada-jardim-siliconada-standard-30m-durin-diversos/p
2026-09-21,havan,"Nacional (rede em quase todos os estados, sede SC) — não confirmado por CEP",,Ferramentas e Construção,Ferramentas e Jardim,Suporte,,Suporte para Papel Higiênico com Lixeira Niquelart - Preto,,577861,149.99,,,sim,https://www.havan.com.br/suporte-para-papel-higienico-com-lixeira-niquelart-preto/p
2026-09-21,havan,"Nacional (rede em quase todos os estados, sede SC) — não confirmado por CEP",,Ferramentas e Construção,Ferramentas e Jardim,Suporte,,Suporte para Papel Higiênico com Lixeira Niquelart - Cromado,,206691,149.99,,,sim,https://www.havan.com.br/suporte-para-papel-higienico-com-lixeira-niquelart-cromado/p
2026-09-21,havan,"Nacional (rede em quase todos os estados, sede SC) — não confirmado por CEP",,Ferramentas e Construção,Ferramentas e Jardim,Maleta,,Maleta com Brocas e Ponteiras 110 peças Tramontina - 43145/110,,176169,149.99,,,sim,https://www.havan.com.br/maleta-com-brocas-e-ponteiras-110-pecas-tramontina-43145-110/p
2026-09-21,havan,"Nacional (rede em quase todos os estados, sede SC) — não confirmado por CEP",,Ferramentas e Construção,Ferramentas e Jardim,Furadeira,,"Furadeira e Parafusadeira de Impacto 1/2"" Klicke KF710 710W",,736120,149.90,,,sim,https://www.havan.com.br/furadeira-e-parafusadeira-de-impacto-1-2-klicke-kf710-710w/p
2026-09-21,havan,"Nacional (rede em quase todos os estados, sede SC) — não confirmado por CEP",,Ferramentas e Construção,Ferramentas e Jardim,Parafusadeira,,"Parafusadeira E Furadeira 3/8"" Klicke Kf1350 21V - Bivolt",,736084,149.90,,,sim,https://www.havan.com.br/parafusadeira-e-furadeira-3-8-klicke-kf1350-21v-bivolt/p
2026-09-21,havan,"Nacional (rede em quase todos os estados, sede SC) — não confirmado por CEP",,Ferramentas e Construção,Ferramentas e Jardim,Parafusadeira,,Parafusadeira Philco Force Bivolt 2 Em 1 800Rpm Ppf12 - Bivolt,,708091,149.90,,,sim,https://www.havan.com.br/parafusadeira-philco-force-bivolt-2-em-1-800rpm-ppf12-bivolt/p
2026-09-21,havan,"Nacional (rede em quase todos os estados, sede SC) — não confirmado por CEP",,Ferramentas e Construção,Ferramentas e Jardim,Mini,,Mini Compressor De Ar Portátil 42330/001 Tramontina - Preto,,192330,129.99,,,sim,https://www.havan.com.br/mini-compressor-de-ar-portatil-12-volts-tramontina-42330001-preto/p
2026-09-21,havan,"Nacional (rede em quase todos os estados, sede SC) — não confirmado por CEP",,Ferramentas e Construção,Ferramentas e Jardim,Caixa,,"Caixa De Ferramentas 19"" Série 2000 Stanley - 19-013",,185169,129.99,,,sim,https://www.havan.com.br/caixa-de-ferramentas-19-serie-2000-stanley-19-013-19-013/p
2026-09-21,havan,"Nacional (rede em quase todos os estados, sede SC) — não confirmado por CEP",,Ferramentas e Construção,Ferramentas e Jardim,Máscara,,Máscara De Solda Automática Lynus - MSL-3500,,268630,129.90,,,sim,https://www.havan.com.br/mascara-de-solda-automatica-lynus-msl-3500/p
2026-09-21,havan,"Nacional (rede em quase todos os estados, sede SC) — não confirmado por CEP",,Ferramentas e Construção,Ferramentas e Jardim,Pulverizador,,Pulverizador de 5 Litros Pl005 Vonder - Branco,,752851,119.99,,,sim,https://www.havan.com.br/pulverizador-de-5-litros-eccofer-pl005-branco/p
2026-09-21,havan,"Nacional (rede em quase todos os estados, sede SC) — não confirmado por CEP",,Ferramentas e Construção,Ferramentas e Jardim,Torneira,,Torneira De Cozinha Flexível Liege Bancada - Coral,,681207,119.99,,,sim,https://www.havan.com.br/torneira-de-cozinha-flexivel-liege-bancada-coral/p
2026-09-21,havan,"Nacional (rede em quase todos os estados, sede SC) — não confirmado por CEP",,Ferramentas e Construção,Ferramentas e Jardim,Caixa,,Caixa De Ferramentas Stone Pro Aço 19 Polegadas - Preto,,665494,119.99,,,sim,https://www.havan.com.br/caixa-de-ferramentas-stone-pro-aco-19-polegadas-preto/p
2026-09-21,havan,"Nacional (rede em quase todos os estados, sede SC) — não confirmado por CEP",,Ferramentas e Construção,Ferramentas e Jardim,Kit,,Kit Pontas Brocas Bosch X-Line Perfur 33 Peças - 2607017398,,648799,119.99,,,sim,https://www.havan.com.br/kit-pontas-brocas-bosch-x-line-perfur-33-pecas-2607017398/p
2026-09-21,havan,"Nacional (rede em quase todos os estados, sede SC) — não confirmado por CEP",,Ferramentas e Construção,Ferramentas e Jardim,Torneira,,Torneira De Gourmet Flexível Liege Bancada - Inox,,621666,119.99,,,sim,https://www.havan.com.br/torneira-de-gourmet-flexivel-liege-bancada-inox/p
2026-09-21,havan,"Nacional (rede em quase todos os estados, sede SC) — não confirmado por CEP",,Ferramentas e Construção,Ferramentas e Jardim,Torneira,,Torneira De Cozinha Flexível Liege Bancada - Preto,,621654,119.99,,,sim,https://www.havan.com.br/torneira-de-cozinha-flexivel-liege-bancada-preto/p
2026-09-21,havan,"Nacional (rede em quase todos os estados, sede SC) — não confirmado por CEP",,Ferramentas e Construção,Ferramentas e Jardim,Torneira,,Torneira de Cozinha Flexível Liege Parede - Preto,,621648,119.99,,,sim,https://www.havan.com.br/torneira-de-cozinha-flexivel-liege-parede-preto/p
2026-09-21,havan,"Nacional (rede em quase todos os estados, sede SC) — não confirmado por CEP",,Ferramentas e Construção,Ferramentas e Jardim,Jogo,,Jogo de Ponteiras com 58 peças Vonder 353858000 - DIVERSOS,,189195,119.99,,,sim,https://www.havan.com.br/jogo-de-ponteiras-com-58-pecas-vonder-353858000-diversos/p
2026-09-21,havan,"Nacional (rede em quase todos os estados, sede SC) — não confirmado por CEP",,Ferramentas e Construção,Ferramentas e Jardim,Kit,,Kit Ponteiras E Bits Com 58 Peças Meghazine K2426 - Laranja,,643945,109.99,,,sim,https://www.havan.com.br/kit-ponteiras-e-bits-com-58-pecas-meghazine-laranja/p
2026-09-21,havan,"Nacional (rede em quase todos os estados, sede SC) — não confirmado por CEP",,Ferramentas e Construção,Ferramentas e Jardim,Torneira,,Torneira Liege Abs Cromada Bica Baixa - 934232,,762675,99.99,,,sim,https://www.havan.com.br/torneira-liege-abs-cromada-bica-baixa-934232/p
2026-09-21,havan,"Nacional (rede em quase todos os estados, sede SC) — não confirmado por CEP",,Ferramentas e Construção,Ferramentas e Jardim,Maleta,,"Maleta Plástica Organizadora 17"" Tramontina Master Divisórias Móveis",,761355,99.99,,,sim,https://www.havan.com.br/maleta-plastica-organizadora-17-tramontina-master-divisorias-moveis-diversos/p
2026-09-21,havan,"Nacional (rede em quase todos os estados, sede SC) — não confirmado por CEP",,Ferramentas e Construção,Ferramentas e Jardim,Mangueira,,Mangueira Jardim Standard 20 Metros Durin - 5420,,737203,99.99,,,sim,https://www.havan.com.br/jogo-mangueira-trancada-jardim-siliconada-standard-20m-durin-5420/p
2026-09-21,havan,"Nacional (rede em quase todos os estados, sede SC) — não confirmado por CEP",,Ferramentas e Construção,Ferramentas e Jardim,Jogo,,Jogo Chaves Combinada 12 Peças Master Tools - ST78365,,727177,99.99,,,sim,https://www.havan.com.br/jogo-chaves-combinada-12-pecas-master-tools-st78365/p
2026-09-21,havan,"Nacional (rede em quase todos os estados, sede SC) — não confirmado por CEP",,Ferramentas e Construção,Ferramentas e Jardim,Jogo,,Jogo Brocas 41 Peças Master Tools - ST78319,,723253,99.99,,,sim,https://www.havan.com.br/jogo-brocas-41-pecas-master-tools-st78319/p
2026-09-21,havan,"Nacional (rede em quase todos os estados, sede SC) — não confirmado por CEP",,Ferramentas e Construção,Ferramentas e Jardim,Jogo,,Jogo De Ferramentas 41 Peças Master Tools - ST77647,,704353,99.99,,,sim,https://www.havan.com.br/jogo-de-ferramentas-41-pecas-master-tools-st77647/p
2026-09-21,havan,"Nacional (rede em quase todos os estados, sede SC) — não confirmado por CEP",,Ferramentas e Construção,Ferramentas e Jardim,Ferro,,Ferro de Solda 60 Watts Worker,,685494,99.99,,,sim,https://www.havan.com.br/ferro-de-solda-60-watts-worker/p
2026-09-21,havan,"Nacional (rede em quase todos os estados, sede SC) — não confirmado por CEP",,Ferramentas e Construção,Ferramentas e Jardim,Bolsa,,"Bolsa para Ferramentas 17"" Western",,685017,99.99,,,sim,https://www.havan.com.br/bolsa-para-ferramentas-17-western-diversos/p
2026-09-21,havan,"Nacional (rede em quase todos os estados, sede SC) — não confirmado por CEP",,Ferramentas e Construção,Ferramentas e Jardim,Jogo,,Jogo Chave De Fenda Philips E Bits 21 Peças Corneta - Vermelho,,664645,99.99,,,sim,https://www.havan.com.br/jogo-chave-de-fenda-philips-e-bits-21-pecas-corneta-vermelho/p
2026-09-21,havan,"Nacional (rede em quase todos os estados, sede SC) — não confirmado por CEP",,Ferramentas e Construção,Ferramentas e Jardim,Adaptador,,"Adaptador Para Cortes E Podas 6"" Lynus - AFL-6",,663742,99.99,,,sim,https://www.havan.com.br/adaptador-para-cortes-e-podas-6-lynus-afl-6/p
2026-09-21,havan,"Nacional (rede em quase todos os estados, sede SC) — não confirmado por CEP",,Ferramentas e Construção,Ferramentas e Jardim,Torneira,,Torneira De Parede Inox Flexível Liege Gourmet - Inox,,659257,99.99,,,sim,https://www.havan.com.br/torneira-de-gourmet-flexivel-liege-parede-inox/p
2026-09-21,havan,"Nacional (rede em quase todos os estados, sede SC) — não confirmado por CEP",,Ferramentas e Construção,Ferramentas e Jardim,Caixa,,Caixa Organizadora Sortmaster Stst14026 Stanley - Preto,,192558,99.99,,,sim,https://www.havan.com.br/caixa-organizadora-softmaster-stst14026-stanley-preto/p
2026-09-21,havan,"Nacional (rede em quase todos os estados, sede SC) — não confirmado por CEP",,Ferramentas e Construção,Ferramentas e Jardim,Jogo,,Jogo De Chaves Combinadas 6 A 22 Mm 12 Peças Worker - 141534,,172618,99.99,,,sim,https://www.havan.com.br/jogo-de-chaves-combinadas-6-a-22-mm-12-pecas-worker-141534/p
2026-09-21,havan,"Nacional (rede em quase todos os estados, sede SC) — não confirmado por CEP",,Ferramentas e Construção,Ferramentas e Jardim,Grampeador,,Grampeador Pinador Plus Vonder 2898200000 - Inox,,171964,99.99,,,sim,https://www.havan.com.br/grampeador-pinador-plus-2898200000-vonder-inox/p
2026-09-21,havan,"Nacional (rede em quase todos os estados, sede SC) — não confirmado por CEP",,Ferramentas e Construção,Ferramentas e Jardim,Jogo,,Jogo De Chaves Combinadas 10 Peças Meghazine - Inox,,155206,99.99,,,sim,https://www.havan.com.br/jogo-de-chaves-combinadas-10-pecas-meghazine-inox/p
2026-09-21,havan,"Nacional (rede em quase todos os estados, sede SC) — não confirmado por CEP",,Ferramentas e Construção,Ferramentas e Jardim,Caixa,,"Caixa De Ferramentas Cargo 19,5"" Metasul - Preto e Laranja",,332324,89.99,,,sim,https://www.havan.com.br/caixa-de-ferramentas-cargo-19-5-metasul-preto-e-laranja/p
2026-09-21,havan,"Nacional (rede em quase todos os estados, sede SC) — não confirmado por CEP",,Ferramentas e Construção,Ferramentas e Jardim,Jogo,,Jogo De Chaves Combinadas 6 A 22 Mm Com 10 Peças Nove54,,145930,89.99,,,sim,https://www.havan.com.br/jogo-de-chaves-combinadas-6-a-22-mm-com-10-pecas-nove54-diversos/p
2026-09-21,havan,"Nacional (rede em quase todos os estados, sede SC) — não confirmado por CEP",,Ferramentas e Construção,Ferramentas e Jardim,Caixa,,Caixa de Ferramentas Philco Force 20 Polegadas 30Kg Pfcp22m,,766560,79.99,,,sim,https://www.havan.com.br/caixa-de-ferramentas-philco-force-20-polegadas-30kg-pfcp22m-diversos/p
2026-09-21,havan,"Nacional (rede em quase todos os estados, sede SC) — não confirmado por CEP",,Ferramentas e Construção,Ferramentas e Jardim,Caixa,,"Caixa de Ferramentas 19"" Básica Sem Organizador Externo - 19-301A",,766459,79.99,,,sim,https://www.havan.com.br/caixa-de-ferramentas-19-basica-sem-organizador-externo-19-301a/p
2026-09-21,havan,"Nacional (rede em quase todos os estados, sede SC) — não confirmado por CEP",,Ferramentas e Construção,Ferramentas e Jardim,Torquês,,"Torquês Armador 12"" Corneta",,755947,79.99,,,sim,https://www.havan.com.br/torques-armador-12-berg-corneta-diversos/p
2026-09-21,havan,"Nacional (rede em quase todos os estados, sede SC) — não confirmado por CEP",,Ferramentas e Construção,Ferramentas e Jardim,Pulverizador,,Pulverizador Manual 5 Litros Master Tools - ST77574,,752921,79.99,,,sim,https://www.havan.com.br/pulverizador-manual-5-litros-master-tools-st77574/p
2026-09-21,havan,"Nacional (rede em quase todos os estados, sede SC) — não confirmado por CEP",,Ferramentas e Construção,Ferramentas e Jardim,Jogo,,Jogo Chaves Com Bits 32 Peças Master Tools - ST78338,,723277,79.99,,,sim,https://www.havan.com.br/jogo-chaves-com-bits-32-pecas-master-tools-st78338/p
2026-09-21,havan,"Nacional (rede em quase todos os estados, sede SC) — não confirmado por CEP",,Ferramentas e Construção,Ferramentas e Jardim,Kit,,Kit Completo Caixa Acoplada Liege - 906557,,685329,79.99,,,sim,https://www.havan.com.br/kit-completo-caixa-acoplada-liege-906557/p
2026-09-21,havan,"Nacional (rede em quase todos os estados, sede SC) — não confirmado por CEP",,Ferramentas e Construção,Ferramentas e Jardim,Caixa,,Caixa De Ferramentas Philco Force 20 Polegadas 30Kg Pfcp22 - Preto,,663940,79.99,,,sim,https://www.havan.com.br/caixa-de-ferramentas-philco-force-20-polegadas-30kg-pfcp22-preto/p
2026-09-21,havan,"Nacional (rede em quase todos os estados, sede SC) — não confirmado por CEP",,Ferramentas e Construção,Ferramentas e Jardim,Jogo,,Jogo De Soquete Com Maleta Western 39 Peças - Prata,,585869,79.99,,,sim,https://www.havan.com.br/jogo-de-soquete-com-maleta-western-39-pecas-prata/p
2026-09-21,havan,"Nacional (rede em quase todos os estados, sede SC) — não confirmado por CEP",,Ferramentas e Construção,Ferramentas e Jardim,Assento,,Assento Sanitário Especial Almofadado Econômico Durin - Bege,,574586,79.99,,,sim,https://www.havan.com.br/assento-sanitario-especial-almofadado-economico-durin-bege/p
2026-09-21,havan,"Nacional (rede em quase todos os estados, sede SC) — não confirmado por CEP",,Ferramentas e Construção,Ferramentas e Jardim,Kit,,Kit De Ferramentas Tramontina Com Martelo Estilete Alicate E Trena 4 Peças - DIVERSOS,,510240,79.99,,,sim,https://www.havan.com.br/kit-de-ferramentas-tramontina-com-martelo-estilete-alicate-e-trena-4-pecas-diversos/p
2026-09-21,havan,"Nacional (rede em quase todos os estados, sede SC) — não confirmado por CEP",,Ferramentas e Construção,Ferramentas e Jardim,Mini,,Mini Maçarico Portátil Recarregável 6011 Western - 6011,,185040,79.99,,,sim,https://www.havan.com.br/mini-macarico-portatil-recarregavel-6011-western-6011/p
2026-09-21,havan,"Nacional (rede em quase todos os estados, sede SC) — não confirmado por CEP",,Ferramentas e Construção,Ferramentas e Jardim,Jogo,,Jogo De Soquete Com 40 Peças Western W40 - Aço,,173314,79.99,,,sim,https://www.havan.com.br/jogo-de-soquete-40-pecas-western-w40-ao/p
2026-09-21,havan,"Nacional (rede em quase todos os estados, sede SC) — não confirmado por CEP",,Ferramentas e Construção,Ferramentas e Jardim,Chave,,"Chave de Grifo 12"" 3513412100 Stillson Vonder - DIVERSOS",,171967,79.99,,,sim,https://www.havan.com.br/chave-de-grifo-12-3513412100-stillson-vonder-diversos/p
2026-09-21,havan,"Nacional (rede em quase todos os estados, sede SC) — não confirmado por CEP",,Ferramentas e Construção,Ferramentas e Jardim,Assento,,Assento Sanitário Especial Almofadado Econômico Durin - Branco,,165655,79.99,,,sim,https://www.havan.com.br/assento-sanitario-especial-almofadado-economico-durin-branco/p
2026-09-21,havan,"Nacional (rede em quase todos os estados, sede SC) — não confirmado por CEP",,Ferramentas e Construção,Ferramentas e Jardim,Assento,,Assento Sanitário Especial Almofadado Econômico Durin - Preto,,165652,79.99,,,sim,https://www.havan.com.br/assento-sanitario-especial-almofadado-economico-durin-preto/p
2026-09-21,havan,"Nacional (rede em quase todos os estados, sede SC) — não confirmado por CEP",,Ferramentas e Construção,Ferramentas e Jardim,Mini,,Mini Torno de Bancada Fixo 75mm Worker - Vermelho,,160210,79.99,,,sim,https://www.havan.com.br/mini-torno-de-bancada-fixo-75mm-worker-vermelho/p
2026-09-21,havan,"Nacional (rede em quase todos os estados, sede SC) — não confirmado por CEP",,Ferramentas e Construção,Ferramentas e Jardim,Tesoura,,Tesoura Para Cerca-Viva E Grama Tramontina - Madeira,,159676,79.99,,,sim,https://www.havan.com.br/tesoura-para-cerca-viva-e-grama-tramontina-madeira/p
2026-09-21,havan,"Nacional (rede em quase todos os estados, sede SC) — não confirmado por CEP",,Ferramentas e Construção,Ferramentas e Jardim,Mangueira,,Mangueira De Jardim 15 Metros Com Suporte Tramontina - Verde,,145927,79.99,,,sim,https://www.havan.com.br/mangueira-flexivel-para-jardim-15m-com-suporte-tramontina-verde/p
2026-09-21,havan,"Nacional (rede em quase todos os estados, sede SC) — não confirmado por CEP",,Ferramentas e Construção,Ferramentas e Jardim,Jogo,,Jogo de Chaves Soquete Catraca 9 peças Maghazine - Aço,,166339,74.99,,,sim,https://www.havan.com.br/jogo-de-chaves-soquete-catraca-9-pecas-maghazine-aco/p
2026-09-21,havan,"Nacional (rede em quase todos os estados, sede SC) — não confirmado por CEP",,Ferramentas e Construção,Ferramentas e Jardim,Adesivo,,Adesivo Selante Pu40 Tekbond Preto 310Ml - 69957326998,,762687,69.99,,,sim,https://www.havan.com.br/adesivo-selante-pu40-tekbond-preto-310ml-69957326998/p
2026-09-21,havan,"Nacional (rede em quase todos os estados, sede SC) — não confirmado por CEP",,Ferramentas e Construção,Ferramentas e Jardim,Raquete,,Raquete Recarregável Mata Mosquitos Master Tools Mt1500 - Bivolt,,745246,69.99,,,sim,https://www.havan.com.br/raquete-recarregavel-mata-mosquitos-master-tools-mt1500-bivolt/p
2026-09-21,havan,"Nacional (rede em quase todos os estados, sede SC) — não confirmado por CEP",,Ferramentas e Construção,Ferramentas e Jardim,Regulador,,Regulador De Gás Com Mangueira 1Kg Pado,,684141,69.99,,,sim,https://www.havan.com.br/regulador-de-gas-com-mangueira-1kg-pado-diversos/p
2026-09-21,havan,"Nacional (rede em quase todos os estados, sede SC) — não confirmado por CEP",,Ferramentas e Construção,Ferramentas e Jardim,Caixa,,"Caixa De Ferramentas Stone Pro Aço 16"" Arqplast - Preto",,682269,69.99,,,sim,https://www.havan.com.br/caixa-de-ferramentas-stone-pro-aco-16-arqplast-preto/p
2026-09-21,havan,"Nacional (rede em quase todos os estados, sede SC) — não confirmado por CEP",,Ferramentas e Construção,Ferramentas e Jardim,Banqueta,,Banqueta Com Compartimento Multiuso Trava Aço Arqplast - Preto,,680541,69.99,,,sim,https://www.havan.com.br/banqueta-com-compartimento-multiuso-trava-aco-arqplast-preto/p
2026-09-21,havan,"Nacional (rede em quase todos os estados, sede SC) — não confirmado por CEP",,Ferramentas e Construção,Ferramentas e Jardim,Chave,,Chave 14 Em 1 Multifuncional Hexagonal Meghazine - Preto,,649409,69.99,,,sim,https://www.havan.com.br/chave-14-em-1-multifuncional-hexagonal-meghazine-preto/p
2026-09-21,havan,"Nacional (rede em quase todos os estados, sede SC) — não confirmado por CEP",,Ferramentas e Construção,Ferramentas e Jardim,Mangueira,,Mangueira 10 Metros Para Jardim Flex Pvc Tramontina - Verde,,645175,69.99,,,sim,https://www.havan.com.br/mangueira-10-metros-para-jardim-flex-pvc-tramontina-verde/p
2026-09-21,havan,"Nacional (rede em quase todos os estados, sede SC) — não confirmado por CEP",,Ferramentas e Construção,Ferramentas e Jardim,Cinta,,"Cinta Com Catraca Para Carga 4,5M Meghazine - Ca9491 - Laranja",,645169,69.99,,,sim,https://www.havan.com.br/cinta-com-catraca-para-carga-4-5m-meghazine-laranja/p
2026-09-21,havan,"Nacional (rede em quase todos os estados, sede SC) — não confirmado por CEP",,Ferramentas e Construção,Ferramentas e Jardim,Mini,,Mini Compressor De Ar 12V 250Psi Kala - Bivolt,,632667,69.99,,,sim,https://www.havan.com.br/mini-compressor-de-ar-12v-250psi-kala-bivolt/p
2026-09-21,havan,"Nacional (rede em quase todos os estados, sede SC) — não confirmado por CEP",,Ferramentas e Construção,Ferramentas e Jardim,Caixa,,"Caixa De Ferramentas Tática 18,3"" Metasul - Preto e Laranja",,332321,69.99,,,sim,https://www.havan.com.br/caixa-de-ferramentas-tatica-18-3-metasul-preto-e-laranja/p
2026-09-21,havan,"Nacional (rede em quase todos os estados, sede SC) — não confirmado por CEP",,Ferramentas e Construção,Ferramentas e Jardim,Suporte,,Suporte De Banheiro Para Shampoo Com Saboneteira Arthi - Preto,,272559,69.99,,,sim,https://www.havan.com.br/suporte-de-banheiro-para-shampoo-com-saboneteira-arthi-preto/p
2026-09-21,havan,"Nacional (rede em quase todos os estados, sede SC) — não confirmado por CEP",,Ferramentas e Construção,Ferramentas e Jardim,Extensão,,"Extensão Elétrica New Pp 3X0,75 10 Metros Fc",,185466,69.99,,,sim,https://www.havan.com.br/extensao-eletrica-new-pp-3x0-75-10-metros-fc-2544-7-diversos/p
2026-09-21,havan,"Nacional (rede em quase todos os estados, sede SC) — não confirmado por CEP",,Ferramentas e Construção,Ferramentas e Jardim,Cinta,,Cinta para Prender Carga 4 Peças Master Tools - Laranja,,769502,59.99,,,sim,https://www.havan.com.br/cinta-para-prender-carga-4-pecas-master-tools-laranja/p
2026-09-21,havan,"Nacional (rede em quase todos os estados, sede SC) — não confirmado por CEP",,Ferramentas e Construção,Ferramentas e Jardim,Organizador,,Organizador 7010 Arqplast - Preto,,684225,59.99,,,sim,https://www.havan.com.br/organizador-7010-arqplast-preto/p
2026-09-21,havan,"Nacional (rede em quase todos os estados, sede SC) — não confirmado por CEP",,Ferramentas e Construção,Ferramentas e Jardim,Lubrificante,,Lubrificante E Desengripante Wd-40 Aerossol 300Ml - Azul,,612135,59.99,,,sim,https://www.havan.com.br/lubrificante-e-desengripante-aerossol-300ml-wd-40-azul/p
2026-09-21,havan,"Nacional (rede em quase todos os estados, sede SC) — não confirmado por CEP",,Ferramentas e Construção,Ferramentas e Jardim,Hidropistola,,Hidropistola Para Engate Rápido Tramontina - Sortido,,260709,59.99,,,sim,https://www.havan.com.br/hidropistola-para-engate-rapido-tramontina-sortido/p
2026-09-21,havan,"Nacional (rede em quase todos os estados, sede SC) — não confirmado por CEP",,Ferramentas e Construção,Ferramentas e Jardim,Caixa,,"Caixa De Ferramentas 12,5"" 13-013 Stanley - 13-013",,191241,59.99,,,sim,https://www.havan.com.br/caixa-de-ferramentas-12-5-13-013-stanley-13-013/p
2026-09-21,havan,"Nacional (rede em quase todos os estados, sede SC) — não confirmado por CEP",,Ferramentas e Construção,Ferramentas e Jardim,Hidropistola,,Hidropistola De Irrigação Com Engate Rápido Tramontina Multifunção - Verde,,190041,59.99,,,sim,https://www.havan.com.br/hidropistola-de-irrigacao-com-engate-rapido-tramontina-multifuncao-verde/p
2026-09-21,havan,"Nacional (rede em quase todos os estados, sede SC) — não confirmado por CEP",,Ferramentas e Construção,Ferramentas e Jardim,Chave,,"Chave Inglesa 10"" Fosfotizada Vonder - 3573010000",,171940,59.99,,,sim,https://www.havan.com.br/chave-inglesa-10-fosfotizada-vonder-3573010000/p
2026-09-21,havan,"Nacional (rede em quase todos os estados, sede SC) — não confirmado por CEP",,Ferramentas e Construção,Ferramentas e Jardim,Jogo,,Jogo de Chaves Catraca Reversível 10 peças Meghazine - CHC714,,149554,59.99,,,sim,https://www.havan.com.br/jogo-de-chaves-catraca-reversivel-10-pecas-meghazine-chc714/p
2026-09-21,havan,"Nacional (rede em quase todos os estados, sede SC) — não confirmado por CEP",,Ferramentas e Construção,Ferramentas e Jardim,Alicate,,Alicate de Cano Meghazine - AC3014,,149533,59.99,,,sim,https://www.havan.com.br/alicate-de-cano-meghazine-ac3014/p
2026-09-21,havan,"Nacional (rede em quase todos os estados, sede SC) — não confirmado por CEP",,Ferramentas e Construção,Ferramentas e Jardim,Extensão,,Extensão Múltipla Com 5 Tomadas 3 Metros Tramontina - Cinza,,189720,54.99,,,sim,https://www.havan.com.br/extensao-com-5-tomadas-tramontina-57504030-cinza/p
2026-09-21,havan,"Nacional (rede em quase todos os estados, sede SC) — não confirmado por CEP",,Ferramentas e Construção,Ferramentas e Jardim,Conjunto,,Conjunto para Jardim em Madeira 3 peças Tramontina - DIVERSOS,,187182,54.99,,,sim,https://www.havan.com.br/conjunto-para-jardim-em-madeira-3-pecas-tramontina-diversos/p
2026-09-21,havan,"Nacional (rede em quase todos os estados, sede SC) — não confirmado por CEP",,Ferramentas e Construção,Ferramentas e Jardim,Detergente,,Detergente Concentrado para Limpeza Pesada de Pisos 1 Litro Wap Limpe Pro,,760963,49.99,,,sim,https://www.havan.com.br/detergente-concentrado-para-limpeza-pesada-de-pisos-1-litro-wap-limpe-pro-diversos/p
2026-09-21,havan,"Nacional (rede em quase todos os estados, sede SC) — não confirmado por CEP",,Ferramentas e Construção,Ferramentas e Jardim,Limpador,,Limpador de Pisos e Superfícies Wap Limpa Pisos 1 Litro,,760794,49.99,,,sim,https://www.havan.com.br/limpador-de-pisos-e-superficies-wap-limpa-pisos-1-litro-diversos/p
2026-09-21,havan,"Nacional (rede em quase todos os estados, sede SC) — não confirmado por CEP",,Ferramentas e Construção,Ferramentas e Jardim,Convertedor,,Convertedor de Ferrugem em Spray 300Ml,,760292,49.99,,,sim,https://www.havan.com.br/convertedor-de-ferrugem-em-spray-300ml-diversos/p
2026-09-21,havan,"Nacional (rede em quase todos os estados, sede SC) — não confirmado por CEP",,Ferramentas e Construção,Ferramentas e Jardim,Jogo,,Jogo Broca Escalonada 3 Peças Hss 4 a 32Mm Corneta,,755949,49.99,,,sim,https://www.havan.com.br/jogo-broca-escalonada-3-pecas-hss-4-a-32mm-corneta-diversos/p
2026-09-21,havan,"Nacional (rede em quase todos os estados, sede SC) — não confirmado por CEP",,Ferramentas e Construção,Ferramentas e Jardim,Assento,,Assento Sanitário Almofadado Slim - Branco,,755396,49.99,,,sim,https://www.havan.com.br/assento-sanitario-almofadado-slim-branco/p
2026-09-21,havan,"Nacional (rede em quase todos os estados, sede SC) — não confirmado por CEP",,Ferramentas e Construção,Ferramentas e Jardim,Kit,,Kit De Esguicho Para Mangueira 4 Peças Master Tools - ST77580,,727426,49.99,,,sim,https://www.havan.com.br/kit-de-esguicho-para-mangueira-4-pecas-master-tools-st77580/p
2026-09-21,havan,"Nacional (rede em quase todos os estados, sede SC) — não confirmado por CEP",,Ferramentas e Construção,Ferramentas e Jardim,Jogo,,Jogo Chaves Precisão 22 Peças Master Tools - ST78322,,723226,49.99,,,sim,https://www.havan.com.br/jogo-chaves-precisao-22-pecas-master-tools-st78322/p
2026-09-21,havan,"Nacional (rede em quase todos os estados, sede SC) — não confirmado por CEP",,Ferramentas e Construção,Ferramentas e Jardim,Jogo,,Jogo De Chave Combinadas Tramontina 4 Peças - 43408/148,,715540,49.99,,,sim,https://www.havan.com.br/jogo-de-chave-combinadas-tramontina-4-pecas-43408148/p
2026-09-21,havan,"Nacional (rede em quase todos os estados, sede SC) — não confirmado por CEP",,Ferramentas e Construção,Ferramentas e Jardim,Torneira,,Torneira Bancada Metal 1/4 Lavatório,,707686,49.99,,,sim,https://www.havan.com.br/torneira-bancada-metal-14-de-volta-metal-liege-lavatorio-diversos/p
2026-09-21,havan,"Nacional (rede em quase todos os estados, sede SC) — não confirmado por CEP",,Ferramentas e Construção,Ferramentas e Jardim,Torneira,,Torneira Bica Alta 90° 1/4 de Volta Liege Cozinha e Lavatório,,707683,49.99,,,sim,https://www.havan.com.br/torneira-bica-alta-90-14-de-volta-liege-cozinha-e-lavatorio-diversos/p
2026-09-21,havan,"Nacional (rede em quase todos os estados, sede SC) — não confirmado por CEP",,Ferramentas e Construção,Ferramentas e Jardim,Torneira,,Torneira Metal Clean 1/4 Liege Cozinha e Lavatório,,707680,49.99,,,sim,https://www.havan.com.br/torneira-metal-clean14-liege-cozinha-e-lavatorio-diversos/p
2026-09-21,havan,"Nacional (rede em quase todos os estados, sede SC) — não confirmado por CEP",,Ferramentas e Construção,Ferramentas e Jardim,Caixa,,"Caixa Organizadora Mr. Fish 17"" 3 Bandejas Arqplast - 25386",,704551,49.99,,,sim,https://www.havan.com.br/caixa-organizadora-mr-fish-17-3-bandejas-arqplast-25386/p
2026-09-21,havan,"Nacional (rede em quase todos os estados, sede SC) — não confirmado por CEP",,Ferramentas e Construção,Ferramentas e Jardim,Kit,,Kit 6 Mini Serras Para Furadeira - Meghazine,,696862,49.99,,,sim,https://www.havan.com.br/kit-6-mini-serras-para-furadeira-meghazine-diversos/p
2026-09-21,havan,"Nacional (rede em quase todos os estados, sede SC) — não confirmado por CEP",,Ferramentas e Construção,Ferramentas e Jardim,Kit,,Kit 3 Brocas Escalonadas Meghazine - KB1874,,696859,49.99,,,sim,https://www.havan.com.br/kit-3-brocas-escalonadas-meghazine-kb1874/p
2026-09-21,havan,"Nacional (rede em quase todos os estados, sede SC) — não confirmado por CEP",,Ferramentas e Construção,Ferramentas e Jardim,Ducha,,Ducha Higiênica Vienna Branca Durin - BRANCO,,696235,49.99,,,sim,https://www.havan.com.br/ducha-higienica-vienna-branca-branco/p
2026-09-21,havan,"Nacional (rede em quase todos os estados, sede SC) — não confirmado por CEP",,Ferramentas e Construção,Ferramentas e Jardim,Jogo,,Jogo De Chave Fenda 5 Peças Tramontina Pro,,684375,49.99,,,sim,https://www.havan.com.br/jogo-de-chave-fenda-5-pecas-tramontina-pro-diversos/p
2026-09-21,havan,"Nacional (rede em quase todos os estados, sede SC) — não confirmado por CEP",,Ferramentas e Construção,Ferramentas e Jardim,Espeto,,Espeto Solar Spot Abs 10Lms Ecoforce - 18753,,684153,49.99,,,sim,https://www.havan.com.br/espeto-solar-spot-abs-10lms-ecoforce-18753/p
2026-09-21,havan,"Nacional (rede em quase todos os estados, sede SC) — não confirmado por CEP",,Ferramentas e Construção,Ferramentas e Jardim,Mini,,Mini Maçarico Com Gatilho Flame Gun Guepardo,,676988,49.99,,,sim,https://www.havan.com.br/mini-macarico-com-gatilho-flame-gun-guepardo-diversos/p
2026-09-21,havan,"Nacional (rede em quase todos os estados, sede SC) — não confirmado por CEP",,Ferramentas e Construção,Ferramentas e Jardim,Conjunto,,Conjunto Para Irrigação 4 Peças Com Engates Rápidos Tramontina - Cinza,,645792,49.99,,,sim,https://www.havan.com.br/conjunto-para-irrigacao-4-pecas-com-engates-rapidos-tramontina-cinza/p
2026-09-21,havan,"Nacional (rede em quase todos os estados, sede SC) — não confirmado por CEP",,Ferramentas e Construção,Ferramentas e Jardim,Grampo,,Grampo Sargento Universal Aperto Rápido Western - Preto,,610383,49.99,,,sim,https://www.havan.com.br/grampo-sargento-universal-aperto-rapido-western-preto/p
2026-09-21,havan,"Nacional (rede em quase todos os estados, sede SC) — não confirmado por CEP",,Ferramentas e Construção,Ferramentas e Jardim,Extensão,,Extensão Protetor Eletrônico com 5 Tomadas Intelbras Epe 205 - Branco,,549128,49.99,,,sim,https://www.havan.com.br/protetor-eletronico-com-5-tomadas-intelbras-epe-205-branco/p
2026-09-21,havan,"Nacional (rede em quase todos os estados, sede SC) — não confirmado por CEP",,Ferramentas e Construção,Ferramentas e Jardim,Extensão,,Extensão Protetor Eletrônico com 5 Tomadas Intelbras Epe 205 - Preto,,549125,49.99,,,sim,https://www.havan.com.br/protetor-eletronico-com-5-tomadas-intelbras-epe-205-preto/p
2026-09-21,havan,"Nacional (rede em quase todos os estados, sede SC) — não confirmado por CEP",,Ferramentas e Construção,Ferramentas e Jardim,Martelo,,Martelo De Unha 25Mm Com Cabo Em Madeira Tramontina - 40370/025,,261378,49.99,,,sim,https://www.havan.com.br/martelo-de-unha-25mm-com-cabo-em-madeira-tramontina-40370025/p
2026-09-21,havan,"Nacional (rede em quase todos os estados, sede SC) — não confirmado por CEP",,Ferramentas e Construção,Ferramentas e Jardim,Alicate,,"Alicate de Corte Diagonal Isolado 6"" Tramontina - 41006106",,260074,49.99,,,sim,https://www.havan.com.br/alicate-de-corte-diagonal-isolado-6-tramontina-41006106/p
2026-09-21,havan,"Nacional (rede em quase todos os estados, sede SC) — não confirmado por CEP",,Ferramentas e Construção,Ferramentas e Jardim,Alicate,,"Alicate de Bico Meia Cana 6"" Isolado Tramontina - 41008106",,260050,49.99,,,sim,https://www.havan.com.br/alicate-de-bico-meia-cana-6-tramontina-41008106/p
2026-09-21,havan,"Nacional (rede em quase todos os estados, sede SC) — não confirmado por CEP",,Ferramentas e Construção,Ferramentas e Jardim,Jogo,,Jogo de Chaves 6 peças Tipo Fenda Vonder - 3072206000,,188394,49.99,,,sim,https://www.havan.com.br/jogo-de-chaves-6-pecas-tipo-fenda-vonder-3072206000/p
2026-09-21,havan,"Nacional (rede em quase todos os estados, sede SC) — não confirmado por CEP",,Ferramentas e Construção,Ferramentas e Jardim,Jogo,,Jogo De Brocas Aço Rápido 9 Peças 15557E Black And Decker - 15557E,,171085,49.99,,,sim,https://www.havan.com.br/jogo-de-brocas-aco-rapido-9-pecas-15557ep-black-and-decker-15557e/p
2026-09-21,havan,"Nacional (rede em quase todos os estados, sede SC) — não confirmado por CEP",,Ferramentas e Construção,Ferramentas e Jardim,Nível,,Nível a Laser 2 Bolhas HL205 - Western - DIVERSOS,,171073,49.99,,,sim,https://www.havan.com.br/nivel-a-laser-2-bolhas-hl205-western-diversos/p
2026-09-21,havan,"Nacional (rede em quase todos os estados, sede SC) — não confirmado por CEP",,Ferramentas e Construção,Ferramentas e Jardim,Multímetro,,Multímetro Digital 978MD Western - Amarelo,,169825,49.99,,,sim,https://www.havan.com.br/multimetro-digital-978md-western-amarelo/p
2026-09-21,havan,"Nacional (rede em quase todos os estados, sede SC) — não confirmado por CEP",,Ferramentas e Construção,Ferramentas e Jardim,Kit,,kit de Brocas para Concreto BD0090CS Black And Decker - 5 Peças,,168352,49.99,,,sim,https://www.havan.com.br/kit-de-brocas-para-concreto-bd0090cs-black-and-decker-5-pecas/p
2026-09-21,havan,"Nacional (rede em quase todos os estados, sede SC) — não confirmado por CEP",,Ferramentas e Construção,Ferramentas e Jardim,Cadeado,,Cadeado Latao 40mm LT-40 Pado - DIVERSOS,,160207,49.99,,,sim,https://www.havan.com.br/cadeado-latao-40mm-lt-40-pado-diversos/p
2026-09-21,havan,"Nacional (rede em quase todos os estados, sede SC) — não confirmado por CEP",,Ferramentas e Construção,Ferramentas e Jardim,Jogo,,Jogo com 7 peças Chaves de Fenda e Philips Meghazine - KF3022,,149530,49.99,,,sim,https://www.havan.com.br/jogo-com-7-pecas-chaves-de-fenda-e-philips-meghazine-kf3022/p
2026-09-21,havan,"Nacional (rede em quase todos os estados, sede SC) — não confirmado por CEP",,Ferramentas e Construção,Ferramentas e Jardim,Vassoura,,Vassoura Plástica Para Jardim 120Cm Tramontina - Laranja,,135196,49.99,,,sim,https://www.havan.com.br/vassoura-plastica-para-jardim-120cm-tramontina-laranja/p
2026-09-21,havan,"Nacional (rede em quase todos os estados, sede SC) — não confirmado por CEP",,Ferramentas e Construção,Ferramentas e Jardim,Alicate,,"Alicate Universal Multiuso 8"" Tramontina Master",,761356,44.99,,,sim,https://www.havan.com.br/alicate-universal-multiuso-8-tramontina-master-diversos/p
2026-09-21,havan,"Nacional (rede em quase todos os estados, sede SC) — não confirmado por CEP",,Ferramentas e Construção,Ferramentas e Jardim,Filtro,,"Filtro De Linha Com Proteção 5 Tomadas 1,20M Fc",,737230,44.99,,,sim,https://www.havan.com.br/filtro-de-linha-com-protecao-5-tomadas-120m-fc-diversos/p
2026-09-21,havan,"Nacional (rede em quase todos os estados, sede SC) — não confirmado por CEP",,Ferramentas e Construção,Ferramentas e Jardim,Alicate,,"Alicate 8"" Isolado 1000V Universal Tramontina - 41001/108",,699766,44.99,,,sim,https://www.havan.com.br/alicate-8-isolado-1000v-universal-tramontina-41001108/p
2026-09-21,havan,"Nacional (rede em quase todos os estados, sede SC) — não confirmado por CEP",,Ferramentas e Construção,Ferramentas e Jardim,Jogo,,Jogo Combinado De Brocas 9 Peças Worker - 445878,,337897,44.99,,,sim,https://www.havan.com.br/jogo-combinado-de-brocas-9-pecas-worker-445878/p
2026-09-21,havan,"Nacional (rede em quase todos os estados, sede SC) — não confirmado por CEP",,Ferramentas e Construção,Ferramentas e Jardim,Tesoura,,Tesoura de Poda Bypass Tramontina - 78300001,,171742,44.99,,,sim,https://www.havan.com.br/tesoura-de-poda-bypass-tramontina-78300001/p
2026-09-21,havan,"Nacional (rede em quase todos os estados, sede SC) — não confirmado por CEP",,Ferramentas e Construção,Ferramentas e Jardim,Arco,,"Arco de Serra Fixo 12"" Tramontina - DIVERSOS",,171664,44.99,,,sim,https://www.havan.com.br/arco-de-serra-fixo-12-tramontina-diversos/p
2026-09-21,havan,"Nacional (rede em quase todos os estados, sede SC) — não confirmado por CEP",,Ferramentas e Construção,Ferramentas e Jardim,Alicate,,Alicate de Pressão Meghazine - AP3031,,149515,44.99,,,sim,https://www.havan.com.br/alicate-de-press-o-meghazine-ap3031/p
2026-09-21,havan,"Nacional (rede em quase todos os estados, sede SC) — não confirmado por CEP",,Ferramentas e Construção,Ferramentas e Jardim,Nível,,Nível Eletrônico Laser Master Tools Mt08,,769468,39.99,,,sim,https://www.havan.com.br/nivel-eletronico-laser-master-tools-mt08-diversos/p
2026-09-21,havan,"Nacional (rede em quase todos os estados, sede SC) — não confirmado por CEP",,Ferramentas e Construção,Ferramentas e Jardim,Repelente,,Repelente Eletrônico Ultrassônico para Mosquitos Master Tools Mt05 - Bivolt,,769110,39.99,,,sim,https://www.havan.com.br/repelente-eletronico-ultrassonico-para-mosquitos-master-tools-mt05-bivolt/p
2026-09-21,havan,"Nacional (rede em quase todos os estados, sede SC) — não confirmado por CEP",,Ferramentas e Construção,Ferramentas e Jardim,Kit,,Kit 4 Rodinhas Giratórias 50Mm Western - RD-4,,766466,39.99,,,sim,https://www.havan.com.br/kit-4-rodinhas-giratorias-50mm-western-rd-4/p
2026-09-21,havan,"Nacional (rede em quase todos os estados, sede SC) — não confirmado por CEP",,Ferramentas e Construção,Ferramentas e Jardim,Detergente,,Detergente Limpador para Extratoras 1 Litro Wap Limpa e Extrai,,760793,39.99,,,sim,https://www.havan.com.br/detergente-limpador-para-extratoras-1-litro-wap-limpa-e-extrai-diversos/p
2026-09-21,havan,"Nacional (rede em quase todos os estados, sede SC) — não confirmado por CEP",,Ferramentas e Construção,Ferramentas e Jardim,Grampo,,Grampo Sargento Multiuso Meghazine,,759608,39.99,,,sim,https://www.havan.com.br/grampo-sargento-multiuso-meghazine-diversos/p
2026-09-21,havan,"Nacional (rede em quase todos os estados, sede SC) — não confirmado por CEP",,Ferramentas e Construção,Ferramentas e Jardim,Multímetro,,Multímetro Digital Master Tools Mt270 - ST76001,,752941,39.99,,,sim,https://www.havan.com.br/multimetro-digital-master-tools-mt270-st76001/p
2026-09-21,havan,"Nacional (rede em quase todos os estados, sede SC) — não confirmado por CEP",,Ferramentas e Construção,Ferramentas e Jardim,Extensão,,Extensão Elétrica 3 Tomadas 2 Pinos 10A 10M Branca Ext 2010,,749407,39.99,,,sim,https://www.havan.com.br/extensao-eletrica-3-tomadas-2-pinos-10a-10m-branca-ext-2010-diversos/p
2026-09-21,havan,"Nacional (rede em quase todos os estados, sede SC) — não confirmado por CEP",,Ferramentas e Construção,Ferramentas e Jardim,Raquete,,Raquete Recarregável Mata Mosquitos Master Tools Mt54 - Sortido,,746657,39.99,,,sim,https://www.havan.com.br/raquete-recarregavel-mata-mosquitos-master-tools-mt54-sortido/p
2026-09-21,havan,"Nacional (rede em quase todos os estados, sede SC) — não confirmado por CEP",,Ferramentas e Construção,Ferramentas e Jardim,Gancho,,Gancho Adesivo Zafira De Plástico M Tekbond - Branco,,731455,39.99,,,sim,https://www.havan.com.br/gancho-adesivo-zafira-de-plastico-m-tekbond-branco/p
2026-09-21,havan,"Nacional (rede em quase todos os estados, sede SC) — não confirmado por CEP",,Ferramentas e Construção,Ferramentas e Jardim,Grampo,,Grampo De Aperto Rápido Master Tools - ST78335,,723325,39.99,,,sim,https://www.havan.com.br/grampo-de-aperto-rapido-master-tools-st78335/p
2026-09-21,havan,"Nacional (rede em quase todos os estados, sede SC) — não confirmado por CEP",,Ferramentas e Construção,Ferramentas e Jardim,Jogo,,Jogo Chaves 6 Peças Master Tools - ST78337,,723280,39.99,,,sim,https://www.havan.com.br/jogo-chaves-6-pecas-master-tools-st78337/p
2026-09-21,havan,"Nacional (rede em quase todos os estados, sede SC) — não confirmado por CEP",,Ferramentas e Construção,Ferramentas e Jardim,Desentupidor,,Desentupidor Manual Western - R-5002,,704713,39.99,,,sim,https://www.havan.com.br/desentupidor-manual-western-r-5002/p
2026-09-21,havan,"Nacional (rede em quase todos os estados, sede SC) — não confirmado por CEP",,Ferramentas e Construção,Ferramentas e Jardim,Jogo,,Jogo De Chave Combinada 10 Peças Western - S-21,,700423,39.99,,,sim,https://www.havan.com.br/jogo-de-chave-combinada-10-pecas-western-s-21/p
2026-09-21,havan,"Nacional (rede em quase todos os estados, sede SC) — não confirmado por CEP",,Ferramentas e Construção,Ferramentas e Jardim,Jogo,,Jogo De Serra Para Serra Tico Tico Com 14 Peças Western - 1214,,700126,39.99,,,sim,https://www.havan.com.br/jogo-de-serra-para-serra-tico-tico-com-14-pecas-western-1214-1214/p
2026-09-21,havan,"Nacional (rede em quase todos os estados, sede SC) — não confirmado por CEP",,Ferramentas e Construção,Ferramentas e Jardim,Torneira,,Torneira Para Lavatório Pp Cromada Autosserviço Durin,,696226,39.99,,,sim,https://www.havan.com.br/torneira-lavatorio-pp-cr-autosservico-diversos/p
2026-09-21,havan,"Nacional (rede em quase todos os estados, sede SC) — não confirmado por CEP",,Ferramentas e Construção,Ferramentas e Jardim,Torneira,,Torneira Cozinha Parede Especial Pp Cromada Durin,,696223,39.99,,,sim,https://www.havan.com.br/torneira-cozinha-parede-especial-pp-cromada-durin-diversos/p
2026-09-21,havan,"Nacional (rede em quase todos os estados, sede SC) — não confirmado por CEP",,Ferramentas e Construção,Ferramentas e Jardim,Sensor,,Sensor de Presença Intelbras para Iluminação com Soquete Esp 360 S,,685446,39.99,,,sim,https://www.havan.com.br/sensor-de-presenca-intelbras-para-iluminacao-com-soquete-esp-360-s-diversos/p
2026-09-21,havan,"Nacional (rede em quase todos os estados, sede SC) — não confirmado por CEP",,Ferramentas e Construção,Ferramentas e Jardim,Raquete,,Raquete Elétrica Recarregável Mata Mosquito Bivolt Western - Sortido,,683307,39.99,,,sim,https://www.havan.com.br/raquete-eletrica-recarregavel-mata-mosquito-bivolt-western-sortido/p
2026-09-21,havan,"Nacional (rede em quase todos os estados, sede SC) — não confirmado por CEP",,Ferramentas e Construção,Ferramentas e Jardim,Chave,,Chave Hidráulica Multifuncional 8 Funções - Meghazine,,683034,39.99,,,sim,https://www.havan.com.br/chave-hidraulica-multifuncional-8-funcoes-meghazine-diversos/p
2026-09-21,havan,"Nacional (rede em quase todos os estados, sede SC) — não confirmado por CEP",,Ferramentas e Construção,Ferramentas e Jardim,Caixa,,Caixa De Ferramentas Multiuso Arqplast - Preto,,682299,39.99,,,sim,https://www.havan.com.br/caixa-de-ferramentas-multiuso-arqplast-preto/p
2026-09-21,havan,"Nacional (rede em quase todos os estados, sede SC) — não confirmado por CEP",,Ferramentas e Construção,Ferramentas e Jardim,Extensão,,Extensão Elétrica Intelbras 3 Tomadas 3 Pinos 10A 5M Preta,,678960,39.99,,,sim,https://www.havan.com.br/extensao-eletrica-intelbras-3-tomadas-3-pinos-10a-5m-preta-diversos/p
2026-09-21,havan,"Nacional (rede em quase todos os estados, sede SC) — não confirmado por CEP",,Ferramentas e Construção,Ferramentas e Jardim,Kit,,Kit Chave Mestra Universal Ajustável 9 A 22Mm Aço Meghazine - Aço,,666355,39.99,,,sim,https://www.havan.com.br/kit-chave-mestra-universal-ajustavel-9-a-22mm-aco-meghazine-ao/p
2026-09-21,havan,"Nacional (rede em quase todos os estados, sede SC) — não confirmado por CEP",,Ferramentas e Construção,Ferramentas e Jardim,Ferro,,Ferro de Solda 60 Watts G14 Western,,650378,39.99,,,sim,https://www.havan.com.br/ferro-de-solda-60-watts-g14-western/p
2026-09-21,havan,"Nacional (rede em quase todos os estados, sede SC) — não confirmado por CEP",,Ferramentas e Construção,Ferramentas e Jardim,Torneira,,Torneira De Cozinha Acquabios Bancada Quadriseta - Branco,,649331,39.99,,,sim,https://www.havan.com.br/torneira-de-cozinha-acquabios-bancada-quadriseta-branco/p
2026-09-21,havan,"Nacional (rede em quase todos os estados, sede SC) — não confirmado por CEP",,Ferramentas e Construção,Ferramentas e Jardim,Torneira,,Torneira De Maquina Vienna Convencional Durin - 5024,,594090,39.99,,,sim,https://www.havan.com.br/torneira-de-maquina-vienna-convencional-durin-5024/p
2026-09-21,havan,"Nacional (rede em quase todos os estados, sede SC) — não confirmado por CEP",,Ferramentas e Construção,Ferramentas e Jardim,Luminária,,Luminária Solar Zyon Gaya - 3000K,,368705,39.99,,,sim,https://www.havan.com.br/luminaria-solar-zyon-gaya-3000k/p
2026-09-21,havan,"Nacional (rede em quase todos os estados, sede SC) — não confirmado por CEP",,Ferramentas e Construção,Ferramentas e Jardim,Cola,,Cola Epóxi Araldite Hobby Tekbond - 16g,,313323,39.99,,,sim,https://www.havan.com.br/cola-epoxi-araldite-hobby-tekbond-16g/p
2026-09-21,havan,"Nacional (rede em quase todos os estados, sede SC) — não confirmado por CEP",,Ferramentas e Construção,Ferramentas e Jardim,Pulverizador,,Pulverizador Manual 2 Litros Lynus - PL-2A,,278310,39.99,,,sim,https://www.havan.com.br/pulverizador-manual-2-litros-lynus-pl-2a/p
2026-09-21,havan,"Nacional (rede em quase todos os estados, sede SC) — não confirmado por CEP",,Ferramentas e Construção,Ferramentas e Jardim,Kit,,Kit Chave com Catraca 17 Peças Meghazine - CHC2181,,237667,39.99,,,sim,https://www.havan.com.br/kit-chave-com-catraca-17-pecas-meghazine-chc2181/p
2026-09-21,havan,"Nacional (rede em quase todos os estados, sede SC) — não confirmado por CEP",,Ferramentas e Construção,Ferramentas e Jardim,Pistola,,Pistola Cola Quente Grande 40W Western - Bivolt,,190260,39.99,,,sim,https://www.havan.com.br/pistola-de-cola-quente-10-watts-bivolt-western-pcq040j-bivolt/p
2026-09-21,havan,"Nacional (rede em quase todos os estados, sede SC) — não confirmado por CEP",,Ferramentas e Construção,Ferramentas e Jardim,Extensão,,Extensão 3 Tomadas 2P+T 10A 5 Metros Branco Fc,,185463,39.99,,,sim,https://www.havan.com.br/extensao-new-pp-3x0-75-5-metros-fc-2543-0-diversos/p
2026-09-21,havan,"Nacional (rede em quase todos os estados, sede SC) — não confirmado por CEP",,Ferramentas e Construção,Ferramentas e Jardim,Extensão,,"Extensão New Pp 2X0,75 10 Metros Fc",,185457,39.99,,,sim,https://www.havan.com.br/extensao-new-pp-2x0-75-10-metros-fc-2417-4-diversos/p
2026-09-21,havan,"Nacional (rede em quase todos os estados, sede SC) — não confirmado por CEP",,Ferramentas e Construção,Ferramentas e Jardim,Toalha,,Toalha Mágica Fixxar 66X43cm - Azul,,173317,39.99,,,sim,https://www.havan.com.br/toalha-magica-fixxar-117-azul/p
2026-09-21,havan,"Nacional (rede em quase todos os estados, sede SC) — não confirmado por CEP",,Ferramentas e Construção,Ferramentas e Jardim,Jogo,,Jogo de Chaves Torks T9 a T40 3573009040 - Vonder - DIVERSOS,,171958,39.99,,,sim,https://www.havan.com.br/jogo-de-chaves-torks-t9-a-t40-3573009040-vonder-diversos/p
2026-09-21,havan,"Nacional (rede em quase todos os estados, sede SC) — não confirmado por CEP",,Ferramentas e Construção,Ferramentas e Jardim,Caixa,,Caixa de Correspondência Correio Nove54 - Amarelo,,171946,39.99,,,sim,https://www.havan.com.br/caixa-de-correspondencia-correio-nove54-amarelo/p
2026-09-21,havan,"Nacional (rede em quase todos os estados, sede SC) — não confirmado por CEP",,Ferramentas e Construção,Ferramentas e Jardim,Rebitador,,Rebitador Manual Tipo Alicate 3581244800 Vonder - DIVERSOS,,171934,39.99,,,sim,https://www.havan.com.br/rebitador-manual-tipo-alicate-3581244800-vonder-diversos/p
2026-09-21,havan,"Nacional (rede em quase todos os estados, sede SC) — não confirmado por CEP",,Ferramentas e Construção,Ferramentas e Jardim,Jogo,,Jogo De Chaves Torx 2063W Cromo Vanadio Western,,169810,39.99,,,sim,https://www.havan.com.br/jogo-de-chaves-torks-2063-western-diversos/p
2026-09-21,havan,"Nacional (rede em quase todos os estados, sede SC) — não confirmado por CEP",,Ferramentas e Construção,Ferramentas e Jardim,Jogo,,Jogo de Buchas e Parafusos 100 peças Tramontina - 43505/002,,150439,39.99,,,sim,https://www.havan.com.br/jogo-de-buchas-e-parafusos-100-pecas-tramontina-43505-002/p
2026-09-21,havan,"Nacional (rede em quase todos os estados, sede SC) — não confirmado por CEP",,Ferramentas e Construção,Ferramentas e Jardim,Martelo,,Martelo de Unha com Cabo de Fibra 30cm Meghazine - M2157,,149542,39.99,,,sim,https://www.havan.com.br/martelo-de-unha-com-cabo-de-fibra-30cm-meghazine-m2157/p
2026-09-21,havan,"Nacional (rede em quase todos os estados, sede SC) — não confirmado por CEP",,Ferramentas e Construção,Ferramentas e Jardim,Mini,,Mini Maçarico com Controle Manual da Chama 6019 Western - 6019,,146578,39.99,,,sim,https://www.havan.com.br/mini-macarico-com-controle-manual-da-chama-6019-western-6019/p
2026-09-21,havan,"Nacional (rede em quase todos os estados, sede SC) — não confirmado por CEP",,Ferramentas e Construção,Ferramentas e Jardim,Jogo,,Jogo de Chaves Torx Longa com 7 Peças 1979 Western - Prata,,145105,39.99,,,sim,https://www.havan.com.br/jogo-de-chaves-torx-longa-com-7-pecas-1979-western-prata/p
2026-09-21,havan,"Nacional (rede em quase todos os estados, sede SC) — não confirmado por CEP",,Ferramentas e Construção,Ferramentas e Jardim,Chave,,"Chave Ajustável 8"" Meghazine CA3016 - DIVERSOS",,144661,39.99,,,sim,https://www.havan.com.br/chave-ajustavel-8-meghazine-ca3016-diversos/p
2026-09-21,havan,"Nacional (rede em quase todos os estados, sede SC) — não confirmado por CEP",,Ferramentas e Construção,Ferramentas e Jardim,Pirógrafo,,Pirógrafo PI-06 30 Watts 127 Volts Western - 127V,,140539,39.99,,,sim,https://www.havan.com.br/pirografo-pi-06-30-watts-127-volts-western-127v/p
2026-09-21,havan,"Nacional (rede em quase todos os estados, sede SC) — não confirmado por CEP",,Ferramentas e Construção,Ferramentas e Jardim,Jogo,,Jogo Facas De Precisão 10 Pçs Vonder - Aço,,118891,39.99,,,sim,https://www.havan.com.br/jogo-facas-de-precisao10-pcs-vonder-ao/p
2026-09-21,havan,"Nacional (rede em quase todos os estados, sede SC) — não confirmado por CEP",,Ferramentas e Construção,Ferramentas e Jardim,Removedor,,Removedor de Tinta Acrílica 400Ml Chemicolor - 068.0194,,753016,34.99,,,sim,https://www.havan.com.br/removedor-de-tinta-acrilica-400ml-chemicolor-0680194/p
2026-09-21,havan,"Nacional (rede em quase todos os estados, sede SC) — não confirmado por CEP",,Ferramentas e Construção,Ferramentas e Jardim,Espuma,,Espuma Mágica Limpeza Multiuso 500Ml Proauto - 4872,,729502,34.99,,,sim,https://www.havan.com.br/espuma-magica-limpeza-multiuso-500ml-proauto-4872/p
2026-09-21,havan,"Nacional (rede em quase todos os estados, sede SC) — não confirmado por CEP",,Ferramentas e Construção,Ferramentas e Jardim,Esguicho,,Esguicho Para Mangueira Ajustável 6 Jatos Master Tools - ST77577,,727438,34.99,,,sim,https://www.havan.com.br/esguicho-para-mangueira-ajustavel-6-jatos-master-tools-st77577/p
2026-09-21,havan,"Nacional (rede em quase todos os estados, sede SC) — não confirmado por CEP",,Ferramentas e Construção,Ferramentas e Jardim,Kit,,Kit De Esguicho Para Mangueira 1/2'' 4 Peças Master Tools - ST77578,,727417,34.99,,,sim,https://www.havan.com.br/kit-de-esguicho-para-mangueira-1-2-4-pecas-master-tools-st77578/p
2026-09-21,havan,"Nacional (rede em quase todos os estados, sede SC) — não confirmado por CEP",,Ferramentas e Construção,Ferramentas e Jardim,Martelo,,Martelo Unha Master Tools - ST78329,,723541,34.99,,,sim,https://www.havan.com.br/martelo-unha-master-tools-st78329/p
2026-09-21,havan,"Nacional (rede em quase todos os estados, sede SC) — não confirmado por CEP",,Ferramentas e Construção,Ferramentas e Jardim,Borracha,,Borracha Líquida Transparante 400Ml Chemicolor - 0680532,,700030,34.99,,,sim,https://www.havan.com.br/borracha-liquida-transparente-400ml-chemicolor-0680532/p
2026-09-21,havan,"Nacional (rede em quase todos os estados, sede SC) — não confirmado por CEP",,Ferramentas e Construção,Ferramentas e Jardim,Antiferrugem,,Antiferrugem Zarcão 400Ml Chemicolor,,699772,34.99,,,sim,https://www.havan.com.br/antiferrugem-zarcao-400ml-chemicolor-diversos/p
2026-09-21,havan,"Nacional (rede em quase todos os estados, sede SC) — não confirmado por CEP",,Ferramentas e Construção,Ferramentas e Jardim,Caixa,,Caixa Organizadora Arqplat Master Case - 8003-15,,684342,34.99,,,sim,https://www.havan.com.br/caixa-organizadora-arqplat-master-case-8003-15/p
2026-09-21,havan,"Nacional (rede em quase todos os estados, sede SC) — não confirmado por CEP",,Ferramentas e Construção,Ferramentas e Jardim,Cola,,Cola Tudo Multiuso 20G Tekbond - 69957367254,,682509,34.99,,,sim,https://www.havan.com.br/cola-tudo-multiuso-20g-tekbond-69957367254/p
2026-09-21,havan,"Nacional (rede em quase todos os estados, sede SC) — não confirmado por CEP",,Ferramentas e Construção,Ferramentas e Jardim,Caixa,,Caixa Organizadora Arqplat Multiuso Double Case - 8001 11,,682425,34.99,,,sim,https://www.havan.com.br/maleta-estojo-organizador-arqplat-multiuso-double-case-8001-11/p
2026-09-21,havan,"Nacional (rede em quase todos os estados, sede SC) — não confirmado por CEP",,Ferramentas e Construção,Ferramentas e Jardim,Borracha,,Borracha Líquida Chemicolor Preta 400Ml,,682188,34.99,,,sim,https://www.havan.com.br/borracha-liquida-chemicolor-preta-400ml-diversos/p
2026-09-21,havan,"Nacional (rede em quase todos os estados, sede SC) — não confirmado por CEP",,Ferramentas e Construção,Ferramentas e Jardim,Multímetro,,Multímetro Analógico Western - 758,,680502,34.99,,,sim,https://www.havan.com.br/multimetro-analogico-western-758/p
2026-09-21,havan,"Nacional (rede em quase todos os estados, sede SC) — não confirmado por CEP",,Ferramentas e Construção,Ferramentas e Jardim,Caixa,,"Caixa de Ferramentas 18,3"" Tática Metasul - Preto",,332441,34.99,,,sim,https://www.havan.com.br/caixa-de-ferramentas-18-3-tatica-metasul-preto/p
2026-09-21,havan,"Nacional (rede em quase todos os estados, sede SC) — não confirmado por CEP",,Ferramentas e Construção,Ferramentas e Jardim,Pulverizador,,Pulverizador Manual 1 Litro Lynus - PL-1A,,278292,34.99,,,sim,https://www.havan.com.br/pulverizador-manual-1-litro-lynus-pl-1a/p
2026-09-21,havan,"Nacional (rede em quase todos os estados, sede SC) — não confirmado por CEP",,Ferramentas e Construção,Ferramentas e Jardim,Ferro,,Ferro de Solda 30 Watts G12 Western,,194151,34.99,,,sim,https://www.havan.com.br/ferro-de-solda-30-watts-g12-western/p
2026-09-21,havan,"Nacional (rede em quase todos os estados, sede SC) — não confirmado por CEP",,Ferramentas e Construção,Ferramentas e Jardim,Jogo,,Jogo de Chave Allen 2-8mm Vonder 3573200800 - 3573200800,,171949,34.99,,,sim,https://www.havan.com.br/jogo-de-chave-allen-2-8mm-vonder-3573200800-3573200800/p
2026-09-21,havan,"Nacional (rede em quase todos os estados, sede SC) — não confirmado por CEP",,Ferramentas e Construção,Ferramentas e Jardim,Cadeado,,Cadeado Latão 30mm LT-30 Pado - DIVERSOS,,171559,34.99,,,sim,https://www.havan.com.br/cadeado-lat-o-30mm-lt-30-pado-diversos/p
2026-09-21,havan,"Nacional (rede em quase todos os estados, sede SC) — não confirmado por CEP",,Ferramentas e Construção,Ferramentas e Jardim,Pulverizador,,"Pulverizador de Compressão Prévia 1,5 Litros Worker - Branco",,149842,34.99,,,sim,https://www.havan.com.br/pulverizador-de-compress-o-previa-1-5-litros-worker-branco/p
2026-09-21,havan,"Nacional (rede em quase todos os estados, sede SC) — não confirmado por CEP",,Ferramentas e Construção,Ferramentas e Jardim,Jogo,,Jogo de Chaves Tipo T 24 peças Meghazine - CA1807,,149536,34.99,,,sim,https://www.havan.com.br/jogo-de-chaves-tipo-t-24-pecas-meghazine-ca1807/p
2026-09-21,havan,"Nacional (rede em quase todos os estados, sede SC) — não confirmado por CEP",,Ferramentas e Construção,Ferramentas e Jardim,Repelente,,Repelente Eletrônico Ultrassônico Master Tools Mt03 - Bivolt,,769412,29.99,,,sim,https://www.havan.com.br/repelente-eletronico-ultrassonico-master-tools-mt03-bivolt/p
2026-09-21,havan,"Nacional (rede em quase todos os estados, sede SC) — não confirmado por CEP",,Ferramentas e Construção,Ferramentas e Jardim,Inseticida,,Inseticida Forth Defende 500Ml - 250-4,,767637,29.99,,,sim,https://www.havan.com.br/inseticida-forth-defende-500ml-250-4/p
2026-09-21,havan,"Nacional (rede em quase todos os estados, sede SC) — não confirmado por CEP",,Ferramentas e Construção,Ferramentas e Jardim,Repelente,,Repelente de Insetos 300Ml Above - 6101543,,765994,29.99,,,sim,https://www.havan.com.br/repelente-de-insetos-300ml-above-6101543/p
2026-09-21,havan,"Nacional (rede em quase todos os estados, sede SC) — não confirmado por CEP",,Ferramentas e Construção,Ferramentas e Jardim,Mata,,Mata-Cupim Proinset 350Ml - 0210240,,764941,29.99,,,sim,https://www.havan.com.br/mata-cupim-proinset-350ml-0210240/p
2026-09-21,havan,"Nacional (rede em quase todos os estados, sede SC) — não confirmado por CEP",,Ferramentas e Construção,Ferramentas e Jardim,Fita,,Fita Dupla Face Acrílica Tekbond - 78072708207,,763231,29.99,,,sim,https://www.havan.com.br/fita-dupla-face-acrilica-tekbond-78072708207/p
2026-09-21,havan,"Nacional (rede em quase todos os estados, sede SC) — não confirmado por CEP",,Ferramentas e Construção,Ferramentas e Jardim,Organizador,,Organizador Plástico Transparente com 17 Compartimentos Tramontina,,761353,29.99,,,sim,https://www.havan.com.br/organizador-plastico-transparente-com-17-compartimentos-tramontina-diversos/p
2026-09-21,havan,"Nacional (rede em quase todos os estados, sede SC) — não confirmado por CEP",,Ferramentas e Construção,Ferramentas e Jardim,Convertedor,,Convertedor de Ferrugem 500Ml Tf7,,760293,29.99,,,sim,https://www.havan.com.br/convertedor-de-ferrugem-500ml-tf7-diversos/p
2026-09-21,havan,"Nacional (rede em quase todos os estados, sede SC) — não confirmado por CEP",,Ferramentas e Construção,Ferramentas e Jardim,Vaso,,Vaso Cachepô Diamond 15Cm Branco Forth Jardim - 497-6,,754322,29.99,,,sim,https://www.havan.com.br/vaso-cachepo-diamond-15cm-branco-forth-jardim-497-6/p
2026-09-21,havan,"Nacional (rede em quase todos os estados, sede SC) — não confirmado por CEP",,Ferramentas e Construção,Ferramentas e Jardim,Vaso,,Vaso Cachepô Diamond 15Cm Bege Forth Jardim - 496-9,,754321,29.99,,,sim,https://www.havan.com.br/vaso-cachepo-diamond-15cm-bege-forth-jardim-496-9/p
2026-09-21,havan,"Nacional (rede em quase todos os estados, sede SC) — não confirmado por CEP",,Ferramentas e Construção,Ferramentas e Jardim,Vaso,,Vaso Cachepô Diamond 15Cm Marrom Forth Jardim - 492-1,,754319,29.99,,,sim,https://www.havan.com.br/vaso-cachepo-diamond-15cm-marrom-forth-jardim-492-1/p
2026-09-21,havan,"Nacional (rede em quase todos os estados, sede SC) — não confirmado por CEP",,Ferramentas e Construção,Ferramentas e Jardim,Pulverizador,,Pulverizador Manual 2 Litros Master Tools - ST77573,,752932,29.99,,,sim,https://www.havan.com.br/pulverizador-manual-2-litros-master-tools-st77573/p
2026-09-21,havan,"Nacional (rede em quase todos os estados, sede SC) — não confirmado por CEP",,Ferramentas e Construção,Ferramentas e Jardim,Pulverizador,,"Pulverizador Manual 1,5 Litros Master Tools - ST77572",,752923,29.99,,,sim,https://www.havan.com.br/pulverizador-manual-1-5-litros-master-tools-st77572/p
2026-09-21,havan,"Nacional (rede em quase todos os estados, sede SC) — não confirmado por CEP",,Ferramentas e Construção,Ferramentas e Jardim,Torneira,,Torneira de Cozinha Parede Bica Alta Durin - PRETO,,744318,29.99,,,sim,https://www.havan.com.br/torneira-de-cozinha-parede-bica-alta-durin-preto/p
2026-09-21,havan,"Nacional (rede em quase todos os estados, sede SC) — não confirmado por CEP",,Ferramentas e Construção,Ferramentas e Jardim,Torneira,,Torneira de Cozinha Parede Bica Alta Durin - BRANCO,,744317,29.99,,,sim,https://www.havan.com.br/torneira-de-cozinha-parede-bica-alta-durin-branco/p
2026-09-21,havan,"Nacional (rede em quase todos os estados, sede SC) — não confirmado por CEP",,Ferramentas e Construção,Ferramentas e Jardim,Filtro,,"Filtro de Linha 2P+T Abs Branco 1,2M com 4 Tomadas Fc",,737221,29.99,,,sim,https://www.havan.com.br/filtro-de-linha-2pt-abs-branco-12m-com-4-tomadas-fc-diversos/p
2026-09-21,havan,"Nacional (rede em quase todos os estados, sede SC) — não confirmado por CEP",,Ferramentas e Construção,Ferramentas e Jardim,Jogo,,Jogo Chaves Torx Longas 9 Peças Master Tools - ST78330,,723361,29.99,,,sim,https://www.havan.com.br/jogo-chaves-torx-longas-9-pecas-master-tools-st78330/p
2026-09-21,havan,"Nacional (rede em quase todos os estados, sede SC) — não confirmado por CEP",,Ferramentas e Construção,Ferramentas e Jardim,Jogo,,Jogo Bits 20 Peças Master Tools - ST78339,,723274,29.99,,,sim,https://www.havan.com.br/jogo-bits-20-pecas-master-tools-st78339/p
2026-09-21,havan,"Nacional (rede em quase todos os estados, sede SC) — não confirmado por CEP",,Ferramentas e Construção,Ferramentas e Jardim,Jogo,,Jogo Brocas Para Alvenaria 5 Peças Master Tools - ST78321,,723223,29.99,,,sim,https://www.havan.com.br/jogo-brocas-para-alvenaria-5-pecas-master-tools-st78321/p
2026-09-21,havan,"Nacional (rede em quase todos os estados, sede SC) — não confirmado por CEP",,Ferramentas e Construção,Ferramentas e Jardim,Chave,,Chave Boca Ajustável 8'' Master Tools - ST78328,,723211,29.99,,,sim,https://www.havan.com.br/chave-boca-ajustavel-8-master-tools-st78328/p
2026-09-21,havan,"Nacional (rede em quase todos os estados, sede SC) — não confirmado por CEP",,Ferramentas e Construção,Ferramentas e Jardim,Trena,,Trena 5 Metros Transparente Meghazine - T3143,,704419,29.99,,,sim,https://www.havan.com.br/trena-5-metros-transparente-meghazine-t3143/p
2026-09-21,havan,"Nacional (rede em quase todos os estados, sede SC) — não confirmado por CEP",,Ferramentas e Construção,Ferramentas e Jardim,Kit,,Kit De Escovas De Aço Western - 1682,,700654,29.99,,,sim,https://www.havan.com.br/kit-de-escovas-de-aco-1682-western-1682/p
2026-09-21,havan,"Nacional (rede em quase todos os estados, sede SC) — não confirmado por CEP",,Ferramentas e Construção,Ferramentas e Jardim,Chave,,Chave Reparadora Multifuncional 8 Em 1 Western - CHP01,,700141,29.99,,,sim,https://www.havan.com.br/chave-reparadora-multifuncional-8-em-1-western-chp01/p
2026-09-21,havan,"Nacional (rede em quase todos os estados, sede SC) — não confirmado por CEP",,Ferramentas e Construção,Ferramentas e Jardim,Chave,,Chave Tipo Ninja 10 X 11 X 13Mm Western - YT-1,,700138,29.99,,,sim,https://www.havan.com.br/chave-tipo-ninja-10-x-11-x-13mm-western-yt-1/p
2026-09-21,havan,"Nacional (rede em quase todos os estados, sede SC) — não confirmado por CEP",,Ferramentas e Construção,Ferramentas e Jardim,Cinta,,"Cinta Para Prender Carga 4,5M X 2,5Cm 120Kg Western",,699898,29.99,,,sim,https://www.havan.com.br/cinta-para-prender-carga-2-5cm-x-4-5m-western-diversos/p
2026-09-21,havan,"Nacional (rede em quase todos os estados, sede SC) — não confirmado por CEP",,Ferramentas e Construção,Ferramentas e Jardim,Chave,,Chave Multifuncional Sextavada Meghazine,,696850,29.99,,,sim,https://www.havan.com.br/chave-multifuncional-sextavada-meghazine-diversos/p
2026-09-21,havan,"Nacional (rede em quase todos os estados, sede SC) — não confirmado por CEP",,Ferramentas e Construção,Ferramentas e Jardim,Torneira,,Torneira Cozinha Parede Especial Durin,,695929,29.99,,,sim,https://www.havan.com.br/torneira-cozinha-parede-durin-diversos/p
2026-09-21,havan,"Nacional (rede em quase todos os estados, sede SC) — não confirmado por CEP",,Ferramentas e Construção,Ferramentas e Jardim,Barra,,Barra Magnetica 38Cm Western,,686208,29.99,,,sim,https://www.havan.com.br/barra-magnetica-38cm-western-diversos/p
2026-09-21,havan,"Nacional (rede em quase todos os estados, sede SC) — não confirmado por CEP",,Ferramentas e Construção,Ferramentas e Jardim,Torneira,,Torneira Esfera para Jardim Durin,,685443,29.99,,,sim,https://www.havan.com.br/torneira-esfera-para-jardim-10012-durin-diversos/p
2026-09-21,havan,"Nacional (rede em quase todos os estados, sede SC) — não confirmado por CEP",,Ferramentas e Construção,Ferramentas e Jardim,Mini,,Mini Aplicadora De Cola Quente 10W Western - Bivolt,,684228,29.99,,,sim,https://www.havan.com.br/mini-aplicadora-de-cola-quente-10w-western-bivolt/p
2026-09-21,havan,"Nacional (rede em quase todos os estados, sede SC) — não confirmado por CEP",,Ferramentas e Construção,Ferramentas e Jardim,Torneira,,Torneira Mesa Lavatório Pp Bica Baixa Branca,,683733,29.99,,,sim,https://www.havan.com.br/torneira-mesa-lavatorio-pp-bica-baixa-branca-diversos/p
2026-09-21,havan,"Nacional (rede em quase todos os estados, sede SC) — não confirmado por CEP",,Ferramentas e Construção,Ferramentas e Jardim,Válvula,,Válvula De Retenção Sem Filtro Universal Durin,,683727,29.99,,,sim,https://www.havan.com.br/valvula-de-retencao-sem-filtro-universal-durin-diversos/p
2026-09-21,havan,"Nacional (rede em quase todos os estados, sede SC) — não confirmado por CEP",,Ferramentas e Construção,Ferramentas e Jardim,Caixa,,"Caixa De Ferramentas Granite Pro Alta 13"" Arqplast - Preto",,682251,29.99,,,sim,https://www.havan.com.br/caixa-de-ferramentas-granite-pro-alta-13-arqplast-preto/p
2026-09-21,havan,"Nacional (rede em quase todos os estados, sede SC) — não confirmado por CEP",,Ferramentas e Construção,Ferramentas e Jardim,Extensão,,Extensão Elétrica Intelbras 3 Tomadas 3 Pino 10A 3M Preta - 4830148,,678963,29.99,,,sim,https://www.havan.com.br/extensao-eletrica-intelbras-3-tomadas-3-pinos-10a-3m-preta-4830148/p
2026-09-21,havan,"Nacional (rede em quase todos os estados, sede SC) — não confirmado por CEP",,Ferramentas e Construção,Ferramentas e Jardim,Jogo,,Jogo Chave De Fenda E Chave Philips 4 Peças Corneta - Vermelho,,664660,29.99,,,sim,https://www.havan.com.br/jogo-chave-de-fenda-e-chave-philips-4-pecas-corneta-vermelho/p
2026-09-21,havan,"Nacional (rede em quase todos os estados, sede SC) — não confirmado por CEP",,Ferramentas e Construção,Ferramentas e Jardim,Aquecedor,,Aquecedor para Água Ebulidor 2000W Western,,663631,29.99,,,sim,https://www.havan.com.br/aquecedor-para-agua-ebulidor-2000w-western/p
2026-09-21,havan,"Nacional (rede em quase todos os estados, sede SC) — não confirmado por CEP",,Ferramentas e Construção,Ferramentas e Jardim,Kit,,Kit Acessórios 5 Peças Para Banheiro Soft Metasul - Branco,,649340,29.99,,,sim,https://www.havan.com.br/kit-acessorios-5-pecas-para-banheiro-soft-metasul-branco/p
2026-09-21,havan,"Nacional (rede em quase todos os estados, sede SC) — não confirmado por CEP",,Ferramentas e Construção,Ferramentas e Jardim,Kit,,Kit De Chaves Intercambiáveis 18 Peças Meghazine - Preto,,609531,29.99,,,sim,https://www.havan.com.br/kit-de-chaves-intercambiaveis-18-pecas-meghazine-preto/p
2026-09-21,havan,"Nacional (rede em quase todos os estados, sede SC) — não confirmado por CEP",,Ferramentas e Construção,Ferramentas e Jardim,Luminária,,Luminária Solar Balizador Abs Multicolor Decorativo Ecoforce - 18592,,387040,29.99,,,sim,https://www.havan.com.br/balizador-solar-abs-multicolor-decorativo-ecoforce-18592/p
2026-09-21,havan,"Nacional (rede em quase todos os estados, sede SC) — não confirmado por CEP",,Ferramentas e Construção,Ferramentas e Jardim,Adesivo,,Adesivo de Silicone Acético Multiuso 270g Tekbond - Cartucho,,298910,29.99,,,sim,https://www.havan.com.br/adesivo-de-silicone-acetico-multiuso-270g-tekbond-cartucho/p
2026-09-21,havan,"Nacional (rede em quase todos os estados, sede SC) — não confirmado por CEP",,Ferramentas e Construção,Ferramentas e Jardim,Jogo,,Jogo de Serra Copo com 6 Peças Nove54 - 3517006000,,273040,29.99,,,sim,https://www.havan.com.br/jogo-de-serra-copo-com-6-pecas-nove54-3517006000/p
2026-09-21,havan,"Nacional (rede em quase todos os estados, sede SC) — não confirmado por CEP",,Ferramentas e Construção,Ferramentas e Jardim,Kit,,Kit Chave Torx 9 Peças Ct2224 Meghazine - Prata,,226153,29.99,,,sim,https://www.havan.com.br/kit-chave-torx-9-pecas-ct2224-meghazine-prata/p
2026-09-21,havan,"Nacional (rede em quase todos os estados, sede SC) — não confirmado por CEP",,Ferramentas e Construção,Ferramentas e Jardim,Extensão,,Extensão Tripolar Fc New Pp Branca 3 Metros Fc,,185460,29.99,,,sim,https://www.havan.com.br/extensao-eletrica-new-pp-3x0-75-3-metros-fc-2542-3-diversos/p
2026-09-21,havan,"Nacional (rede em quase todos os estados, sede SC) — não confirmado por CEP",,Ferramentas e Construção,Ferramentas e Jardim,Conjunto,,Conjunto de Chave Alen Dobrável com 8 Peças Western TQ-5 - DIVERSOS,,173887,29.99,,,sim,https://www.havan.com.br/conjunto-de-chave-alen-dobravel-com-8-pecas-western-tq-5-diversos/p
2026-09-21,havan,"Nacional (rede em quase todos os estados, sede SC) — não confirmado por CEP",,Ferramentas e Construção,Ferramentas e Jardim,Jogo,,Jogo de Chaves de Fenda/Philips 7 peças Tramontina - Preto,,171691,29.99,,,sim,https://www.havan.com.br/jogo-de-chaves-de-fenda-philips-7-pecas-tramontina-preto/p
2026-09-21,havan,"Nacional (rede em quase todos os estados, sede SC) — não confirmado por CEP",,Ferramentas e Construção,Ferramentas e Jardim,Conjunto,,Conjunto de Serra Copo 6 peças S-400 Western - Preto,,170593,29.99,,,sim,https://www.havan.com.br/conjunto-de-serra-copo-6-pecas-s-400-western-preto/p
2026-09-21,havan,"Nacional (rede em quase todos os estados, sede SC) — não confirmado por CEP",,Ferramentas e Construção,Ferramentas e Jardim,Jogo,,Jogo de Chaves de Fenda 6 peças Tramontina - DIVERSOS,,169516,29.99,,,sim,https://www.havan.com.br/jogo-de-chaves-de-fenda-6-pecas-tramontina-diversos/p
2026-09-21,havan,"Nacional (rede em quase todos os estados, sede SC) — não confirmado por CEP",,Ferramentas e Construção,Ferramentas e Jardim,Conjunto,,Conjunto para Irrigação com 4 peças Kala - Verde,,160027,29.99,,,sim,https://www.havan.com.br/conjunto-para-irrigac-o-com-4-pecas-kala-verde/p
2026-09-21,havan,"Nacional (rede em quase todos os estados, sede SC) — não confirmado por CEP",,Ferramentas e Construção,Ferramentas e Jardim,Rebitadeira,,Rebitadeira de Ferro Manual Profissional Meghazine - R3013,,149527,29.99,,,sim,https://www.havan.com.br/rebitadeira-de-ferro-manual-profissional-meghazine-r3013/p
2026-09-21,havan,"Nacional (rede em quase todos os estados, sede SC) — não confirmado por CEP",,Ferramentas e Construção,Ferramentas e Jardim,Alicate,,Alicate Universal Meghazine AU3037 - DIVERSOS,,144652,29.99,,,sim,https://www.havan.com.br/alicate-universal-meghazine-au3037-diversos/p
2026-09-21,havan,"Nacional (rede em quase todos os estados, sede SC) — não confirmado por CEP",,Ferramentas e Construção,Ferramentas e Jardim,Forth,,Forth Orquídeas Pronto Uso 500Ml - Floração,,137356,29.99,,,sim,https://www.havan.com.br/forth-orquideas-pronto-uso-500ml-florao/p
2026-09-21,havan,"Nacional (rede em quase todos os estados, sede SC) — não confirmado por CEP",,Ferramentas e Construção,Ferramentas e Jardim,Fertilizante,,Fertilizante Rosa do Deserto Forth 400G,,767788,24.99,,,sim,https://www.havan.com.br/fertilizante-rosa-do-deserto-forth-400g-diversos/p
2026-09-21,havan,"Nacional (rede em quase todos os estados, sede SC) — não confirmado por CEP",,Ferramentas e Construção,Ferramentas e Jardim,Fertilizante,,Fertilizante Forth Cote Classic 14-14-14 150G - 150g,,767784,24.99,,,sim,https://www.havan.com.br/fertilizante-forth-cote-classic-14-14-14-150g-150g/p
2026-09-21,havan,"Nacional (rede em quase todos os estados, sede SC) — não confirmado por CEP",,Ferramentas e Construção,Ferramentas e Jardim,Desengordurante,,Desengordurante Multiúso Super Dom 300Ml - 0210287,,764244,24.99,,,sim,https://www.havan.com.br/desengordurante-multiuso-super-dom-300ml-0210287/p
2026-09-21,havan,"Nacional (rede em quase todos os estados, sede SC) — não confirmado por CEP",,Ferramentas e Construção,Ferramentas e Jardim,Suporte,,Suporte Adesivo para Papel Higiênico Tekbond Banheiro - 78072708120,,762679,24.99,,,sim,https://www.havan.com.br/suporte-adesivo-para-papel-higienico-tekbond-banheiro-78072708120/p
2026-09-21,havan,"Nacional (rede em quase todos os estados, sede SC) — não confirmado por CEP",,Ferramentas e Construção,Ferramentas e Jardim,Suporte,,Suporte Adesivo para Toalha Tekbond Banheiro - 78072708122,,762678,24.99,,,sim,https://www.havan.com.br/suporte-adesivo-para-toalha-tekbond-banheiro-78072708122/p
2026-09-21,havan,"Nacional (rede em quase todos os estados, sede SC) — não confirmado por CEP",,Ferramentas e Construção,Ferramentas e Jardim,Gás,,Gás para Maçarico Chemicolor 400Ml - 068.0479,,762258,24.99,,,sim,https://www.havan.com.br/gas-para-macarico-chemicolor-400ml-0680479/p
2026-09-21,havan,"Nacional (rede em quase todos os estados, sede SC) — não confirmado por CEP",,Ferramentas e Construção,Ferramentas e Jardim,Tinta,,Tinta Dourada 250Ml Chemicolor - 068.0518,,762245,24.99,,,sim,https://www.havan.com.br/tinta-dourada-250ml-chemicolor-0680518/p
2026-09-21,havan,"Nacional (rede em quase todos os estados, sede SC) — não confirmado por CEP",,Ferramentas e Construção,Ferramentas e Jardim,Convertedor,,Convertedor de Ferrugem em Spray Chemicolor 100Ml - 068.0491,,762243,24.99,,,sim,https://www.havan.com.br/convertedor-de-ferrugem-em-spray-chemicolor-100ml-0680491/p
2026-09-21,havan,"Nacional (rede em quase todos os estados, sede SC) — não confirmado por CEP",,Ferramentas e Construção,Ferramentas e Jardim,Espuma,,Espuma Expansiva Pu Chemicolor 500Ml - 0680631,,762242,24.99,,,sim,https://www.havan.com.br/espuma-expansiva-pu-chemicolor-500ml-0680631/p
2026-09-21,havan,"Nacional (rede em quase todos os estados, sede SC) — não confirmado por CEP",,Ferramentas e Construção,Ferramentas e Jardim,Organizador,,Organizador Plástico Transparente com 14 Compartimentos Tramontina,,761354,24.99,,,sim,https://www.havan.com.br/organizador-plastico-transparente-com-14-compartimentos-tramontina-diversos/p
2026-09-21,havan,"Nacional (rede em quase todos os estados, sede SC) — não confirmado por CEP",,Ferramentas e Construção,Ferramentas e Jardim,Tinta,,Tinta em Spray Preto Brilhante 400Ml Chemicolor - 068.0092,,753038,24.99,,,sim,https://www.havan.com.br/tinta-em-spray-preto-brilhante-400ml-chemicolor-0680092/p
2026-09-21,havan,"Nacional (rede em quase todos os estados, sede SC) — não confirmado por CEP",,Ferramentas e Construção,Ferramentas e Jardim,Tinta,,Tinta em Spray Alumínio 400Ml Chemicolor - 068.0088,,753037,24.99,,,sim,https://www.havan.com.br/tinta-em-spray-aluminio-400ml-chemicolor-0680088/p
2026-09-21,havan,"Nacional (rede em quase todos os estados, sede SC) — não confirmado por CEP",,Ferramentas e Construção,Ferramentas e Jardim,Tinta,,Tinta em Spray Alumínio para Rodas 400Ml Chemicolor - 068.0190,,753035,24.99,,,sim,https://www.havan.com.br/tinta-em-spray-aluminio-para-rodas-400ml-chemicolor-0680190/p
2026-09-21,havan,"Nacional (rede em quase todos os estados, sede SC) — não confirmado por CEP",,Ferramentas e Construção,Ferramentas e Jardim,Tinta,,Tinta em Spray Branco Brilhante 400Ml Chemicolor - 068.0095,,753033,24.99,,,sim,https://www.havan.com.br/tinta-em-spray-branco-brilhante-400ml-chemicolor-0680095/p
2026-09-21,havan,"Nacional (rede em quase todos os estados, sede SC) — não confirmado por CEP",,Ferramentas e Construção,Ferramentas e Jardim,Tinta,,Tinta em Spray Branco Fosco 400Ml Chemicolor - 068.0123,,753032,24.99,,,sim,https://www.havan.com.br/tinta-em-spray-branco-fosco-400ml-chemicolor-0680123/p
2026-09-21,havan,"Nacional (rede em quase todos os estados, sede SC) — não confirmado por CEP",,Ferramentas e Construção,Ferramentas e Jardim,Tinta,,Tinta em Spray Preto Fosco 400Ml Chemicolor - 068.0096,,753031,24.99,,,sim,https://www.havan.com.br/tinta-em-spray-preto-fosco-400ml-chemicolor-0680096/p
2026-09-21,havan,"Nacional (rede em quase todos os estados, sede SC) — não confirmado por CEP",,Ferramentas e Construção,Ferramentas e Jardim,Tinta,,Tinta em Spray Preto Semi Brilho 400Ml Chemicolor - 068.0233,,753029,24.99,,,sim,https://www.havan.com.br/tinta-em-spray-preto-semi-brilho-400ml-chemicolor-0680233/p
2026-09-21,havan,"Nacional (rede em quase todos os estados, sede SC) — não confirmado por CEP",,Ferramentas e Construção,Ferramentas e Jardim,Tinta,,Tinta Metálica Cromado 400Ml Chemicolor - 068.0099,,753028,24.99,,,sim,https://www.havan.com.br/tinta-metalica-cromado-400ml-chemicolor-0680099/p
2026-09-21,havan,"Nacional (rede em quase todos os estados, sede SC) — não confirmado por CEP",,Ferramentas e Construção,Ferramentas e Jardim,Tinta,,Tinta Metálica Prata 400Ml Chemicolor - 068.0185,,753024,24.99,,,sim,https://www.havan.com.br/tinta-metalica-prata-400ml-chemicolor-0680185/p
2026-09-21,havan,"Nacional (rede em quase todos os estados, sede SC) — não confirmado por CEP",,Ferramentas e Construção,Ferramentas e Jardim,Pulverizador,,Pulverizador Manual 1 Litro Master Tools - ST77571,,752924,24.99,,,sim,https://www.havan.com.br/pulverizador-manual-1-litro-master-tools-st77571/p
2026-09-21,havan,"Nacional (rede em quase todos os estados, sede SC) — não confirmado por CEP",,Ferramentas e Construção,Ferramentas e Jardim,Extensão,,Extensão Elétrica 3 Tomadas 2 Pinos 10A 3 Metros Ext 2003,,715342,24.99,,,sim,https://www.havan.com.br/extensao-eetrica-3-tomadas-2-pinos-10a-3m-pt-ext-2003-diversos/p
2026-09-21,havan,"Nacional (rede em quase todos os estados, sede SC) — não confirmado por CEP",,Ferramentas e Construção,Ferramentas e Jardim,Aplicador,,Aplicador De Silicione 400Ml Western - 364,,699829,24.99,,,sim,https://www.havan.com.br/aplicador-de-silicione-400ml-western-364/p
2026-09-21,havan,"Nacional (rede em quase todos os estados, sede SC) — não confirmado por CEP",,Ferramentas e Construção,Ferramentas e Jardim,Alicate,,Alicate Corte Diagonal Master Tools,,699568,24.99,,,sim,https://www.havan.com.br/alicate-corte-diagonal-master-tools-diversos/p
2026-09-21,havan,"Nacional (rede em quase todos os estados, sede SC) — não confirmado por CEP",,Ferramentas e Construção,Ferramentas e Jardim,Alicate,,Alicate Bico Meia Cana Reto Master Tools,,699562,24.99,,,sim,https://www.havan.com.br/alicate-bico-meia-cana-reto-master-tools-diversos/p
2026-09-21,havan,"Nacional (rede em quase todos os estados, sede SC) — não confirmado por CEP",,Ferramentas e Construção,Ferramentas e Jardim,Espeto,,Espeto Balizador Solar Abs Verde Ecoforce,,684678,24.99,,,sim,https://www.havan.com.br/espeto-balizador-solar-abs-verde-ecoforce-diversos/p
2026-09-21,havan,"Nacional (rede em quase todos os estados, sede SC) — não confirmado por CEP",,Ferramentas e Construção,Ferramentas e Jardim,Espuma,,Espuma Expansiva De Uso Geral 300Ml Tekbond,,683433,24.99,,,sim,https://www.havan.com.br/espuma-expansiva-de-uso-geral-300ml-tekbond-diversos/p
2026-09-21,havan,"Nacional (rede em quase todos os estados, sede SC) — não confirmado por CEP",,Ferramentas e Construção,Ferramentas e Jardim,Tinta,,Tinta Spray Super Color Branco Fosco Uso Geral 350Ml - 69957327126,,682965,24.99,,,sim,https://www.havan.com.br/tinta-spray-super-color-branco-fosco-uso-geral-350ml-69957327126/p
2026-09-21,havan,"Nacional (rede em quase todos os estados, sede SC) — não confirmado por CEP",,Ferramentas e Construção,Ferramentas e Jardim,Tinta,,Tinta Spray Super Color Preto Fosco Uso Geral 350Ml - 69957327008,,682962,24.99,,,sim,https://www.havan.com.br/tinta-spray-super-color-preto-uso-geral-350ml-69957327008/p
2026-09-21,havan,"Nacional (rede em quase todos os estados, sede SC) — não confirmado por CEP",,Ferramentas e Construção,Ferramentas e Jardim,Trena,,Trena De Bolso 5 Metros Worker,,682680,24.99,,,sim,https://www.havan.com.br/trena-de-bolso-5-metros-worker-diversos/p
2026-09-21,havan,"Nacional (rede em quase todos os estados, sede SC) — não confirmado por CEP",,Ferramentas e Construção,Ferramentas e Jardim,Kit,,Kit Com 2 Chaves Fenda E Philips Meghazine - Preto/ Laranja,,609612,24.99,,,sim,https://www.havan.com.br/kit-com-2-chaves-fenda-e-philips-meghazine-preto-laranja/p
2026-09-21,havan,"Nacional (rede em quase todos os estados, sede SC) — não confirmado por CEP",,Ferramentas e Construção,Ferramentas e Jardim,Detector,,Detector de Tensão 1000V Western - Laranjado,,585884,24.99,,,sim,https://www.havan.com.br/detector-de-tensao-1000v-western-laranjado/p
2026-09-21,havan,"Nacional (rede em quase todos os estados, sede SC) — não confirmado por CEP",,Ferramentas e Construção,Ferramentas e Jardim,Fita,,Fita Duplace Tekbond Fixa Tudo Acrílica 19Mmx2m - Transparente,,560633,24.99,,,sim,https://www.havan.com.br/fita-duplace-tekbond-fixa-tudo-acrilica-19mmx2m-diversos/p
2026-09-21,havan,"Nacional (rede em quase todos os estados, sede SC) — não confirmado por CEP",,Ferramentas e Construção,Ferramentas e Jardim,Gancho,,Gancho Âmbar de Plástico G Tekbond - Branco,,298985,24.99,,,sim,https://www.havan.com.br/gancho-ambar-de-plastico-g-tekbond-branco/p
2026-09-21,havan,"Nacional (rede em quase todos os estados, sede SC) — não confirmado por CEP",,Ferramentas e Construção,Ferramentas e Jardim,Conjunto,,Conjunto Para Irrigação Com 4 Peças Tramontina - Sortido,,186675,24.99,,,sim,https://www.havan.com.br/conjunto-para-irrigacao-com-4-pecas-tramontina-sortido/p
2026-09-21,havan,"Nacional (rede em quase todos os estados, sede SC) — não confirmado por CEP",,Ferramentas e Construção,Ferramentas e Jardim,Extensão,,Extensão Fc New Cabo Pp 3 Metros Branco Fc - 2414-3,,185451,24.99,,,sim,https://www.havan.com.br/extensao-eletrica-new-pp-2x-075-3-metros-fc-2414-3-2414-3/p
2026-09-21,havan,"Nacional (rede em quase todos os estados, sede SC) — não confirmado por CEP",,Ferramentas e Construção,Ferramentas e Jardim,Fio,,Fio de Nylon 1.6mm com 20 metros Tramontina 78796/284 - DIVERSOS,,171754,24.99,,,sim,https://www.havan.com.br/fio-de-nylon-1-6mm-com-20-metros-tramontina-78796-284-diversos/p
2026-09-21,havan,"Nacional (rede em quase todos os estados, sede SC) — não confirmado por CEP",,Ferramentas e Construção,Ferramentas e Jardim,Cadeado,,Cadeado Latão 20mm LT-20 Pado - DIVERSOS,,171556,24.99,,,sim,https://www.havan.com.br/cadeado-lat-o-20mm-lt-20-pado-diversos/p
2026-09-21,havan,"Nacional (rede em quase todos os estados, sede SC) — não confirmado por CEP",,Ferramentas e Construção,Ferramentas e Jardim,Esguicho,,Esguicho para Jardim Encaixe Rápido 5 Jatos 1/2'' Kala - Verde,,160021,24.99,,,sim,https://www.havan.com.br/esguicho-para-jardim-encaixe-rapido-5-jatos-1-2-kala-verde/p
2026-09-21,havan,"Nacional (rede em quase todos os estados, sede SC) — não confirmado por CEP",,Ferramentas e Construção,Ferramentas e Jardim,Sifão,,Sifão Ajustável Sanfonado Universal 150Cm Branco Durin - 00309,,153118,24.99,,,sim,https://www.havan.com.br/sifao-ajustavel-sanfonado-universal-150cm-branco-durin-00309/p
2026-09-21,havan,"Nacional (rede em quase todos os estados, sede SC) — não confirmado por CEP",,Ferramentas e Construção,Ferramentas e Jardim,Arco,,Arco de Serra para Cortar Ferro SR3039 Meghazine - DIVERSOS,,144664,24.99,,,sim,https://www.havan.com.br/arco-de-serra-para-cortar-ferro-sr3039-meghazine-diversos/p
2026-09-21,havan,"Nacional (rede em quase todos os estados, sede SC) — não confirmado por CEP",,Ferramentas e Construção,Ferramentas e Jardim,Alicate,,"Alicate de Bico Multifuncional 6"" AB3035 Meghazine - Amarelo",,144658,24.99,,,sim,https://www.havan.com.br/alicate-de-bico-multifuncional-6-ab3035-meghazine-amarelo/p
2026-09-21,havan,"Nacional (rede em quase todos os estados, sede SC) — não confirmado por CEP",,Ferramentas e Construção,Ferramentas e Jardim,Alicate,,Alicate de Corte Meghazine AC3636 - DIVERSOS,,144655,24.99,,,sim,https://www.havan.com.br/alicate-de-corte-meghazine-ac3636-diversos/p
2026-09-21,havan,"Nacional (rede em quase todos os estados, sede SC) — não confirmado por CEP",,Ferramentas e Construção,Ferramentas e Jardim,Fertilizantes,,Fertilizantes para Jardim 400G Forth - Hortaliças,,137350,24.99,,,sim,https://www.havan.com.br/fertilizantes-para-jardim-400g-forth-hortalias/p
2026-09-21,havan,"Nacional (rede em quase todos os estados, sede SC) — não confirmado por CEP",,Ferramentas e Construção,Ferramentas e Jardim,Fertilizantes,,Fertilizantes para Jardim 400G Forth - Flores,,137347,24.99,,,sim,https://www.havan.com.br/fertilizantes-para-jardim-400g-forth-flores/p
2026-09-21,havan,"Nacional (rede em quase todos os estados, sede SC) — não confirmado por CEP",,Ferramentas e Construção,Ferramentas e Jardim,Fertilizantes,,Fertilizantes para Jardim 400G Forth - Frutas,,137344,24.99,,,sim,https://www.havan.com.br/fertilizantes-para-jardim-400g-forth-frutas/p
2026-09-21,havan,"Nacional (rede em quase todos os estados, sede SC) — não confirmado por CEP",,Ferramentas e Construção,Ferramentas e Jardim,Fertilizantes,,Fertilizantes para Jardim 400G Forth - Jardim,,137341,24.99,,,sim,https://www.havan.com.br/fertilizantes-para-jardim-400g-forth-jardim/p
2026-09-21,havan,"Nacional (rede em quase todos os estados, sede SC) — não confirmado por CEP",,Ferramentas e Construção,Ferramentas e Jardim,Hidropistola,,Hidropistola Para Engate Rápido Tramontina - Sortido,,128917,24.99,,,sim,https://www.havan.com.br/hidropistola-plastica-para-engate-rapido-tramontina-sortido/p
2026-09-21,havan,"Nacional (rede em quase todos os estados, sede SC) — não confirmado por CEP",,Ferramentas e Construção,Ferramentas e Jardim,Caixa,,Caixa Organizadora Pequena Stanley - STST14003,,766460,19.99,,,sim,https://www.havan.com.br/caixa-organizadora-pequena-stanley-stst14003/p
2026-09-21,havan,"Nacional (rede em quase todos os estados, sede SC) — não confirmado por CEP",,Ferramentas e Construção,Ferramentas e Jardim,Regador,,Regador Plástico Metasul 5 Litros Preto - 013201046,,766456,19.99,,,sim,https://www.havan.com.br/regador-plastico-metasul-5-litros-preto-013201046/p
2026-09-21,havan,"Nacional (rede em quase todos os estados, sede SC) — não confirmado por CEP",,Ferramentas e Construção,Ferramentas e Jardim,Multi,,Multi-Inseticida Proinset 600Ml/312G - 0210320,,764942,19.99,,,sim,https://www.havan.com.br/multi-inseticida-proinset-600ml-312g-0210320/p
2026-09-21,havan,"Nacional (rede em quase todos os estados, sede SC) — não confirmado por CEP",,Ferramentas e Construção,Ferramentas e Jardim,Mata,,Mata-Baratas Proinset 350Ml - 0210241,,764940,19.99,,,sim,https://www.havan.com.br/mata-baratas-proinset-350ml-0210241/p
2026-09-21,havan,"Nacional (rede em quase todos os estados, sede SC) — não confirmado por CEP",,Ferramentas e Construção,Ferramentas e Jardim,Multi,,Multi-Inseticida Proinset 350Ml - Sem Cheiro,,764939,19.99,,,sim,https://www.havan.com.br/multi-inseticida-proinset-350ml-sem-cheiro/p
2026-09-21,havan,"Nacional (rede em quase todos os estados, sede SC) — não confirmado por CEP",,Ferramentas e Construção,Ferramentas e Jardim,Multi,,Multi-Inseticida Proinset 350Ml - Ação total,,764938,19.99,,,sim,https://www.havan.com.br/multi-inseticida-proinset-350ml-ao-total/p
2026-09-21,havan,"Nacional (rede em quase todos os estados, sede SC) — não confirmado por CEP",,Ferramentas e Construção,Ferramentas e Jardim,Multi,,Multi-Inseticida Proinset 350Ml - Multi-Inseticida,,764937,19.99,,,sim,https://www.havan.com.br/multi-inseticida-proinset-350ml-multi-inseticida/p
2026-09-21,havan,"Nacional (rede em quase todos os estados, sede SC) — não confirmado por CEP",,Ferramentas e Construção,Ferramentas e Jardim,Verniz,,Verniz Aerossol Tekbond Uso Geral 350Ml - 69957366619,,762685,19.99,,,sim,https://www.havan.com.br/verniz-aerossol-tekbond-uso-geral-350ml-69957366619/p
2026-09-21,havan,"Nacional (rede em quase todos os estados, sede SC) — não confirmado por CEP",,Ferramentas e Construção,Ferramentas e Jardim,Suporte,,Suporte Adesivo para Papel Toalha Tekbond Cozinha - 78072708121,,762677,19.99,,,sim,https://www.havan.com.br/suporte-adesivo-para-papel-toalha-tekbond-cozinha-78072708121/p
2026-09-21,havan,"Nacional (rede em quase todos os estados, sede SC) — não confirmado por CEP",,Ferramentas e Construção,Ferramentas e Jardim,Suporte,,Suporte Adesivo para Sabonete Tekbond Banheiro - 78072708117,,762676,19.99,,,sim,https://www.havan.com.br/suporte-adesivo-para-sabonete-tekbond-banheiro-78072708117/p
2026-09-21,havan,"Nacional (rede em quase todos os estados, sede SC) — não confirmado por CEP",,Ferramentas e Construção,Ferramentas e Jardim,Gás,,Gás para Maçarico e Fogareiro Domline 400Ml - 021.0181,,762443,19.99,,,sim,https://www.havan.com.br/gas-para-macarico-e-fogareiro-domline-400ml-0210181/p
2026-09-21,havan,"Nacional (rede em quase todos os estados, sede SC) — não confirmado por CEP",,Ferramentas e Construção,Ferramentas e Jardim,Desinfetante,,Desinfetante Aerossol Prevent Neutro Domline 300Ml - 0210202,,762257,19.99,,,sim,https://www.havan.com.br/desinfetante-aerossol-prevent-neutro-chemicolor-300ml-0210202/p
2026-09-21,havan,"Nacional (rede em quase todos os estados, sede SC) — não confirmado por CEP",,Ferramentas e Construção,Ferramentas e Jardim,Broca,,Broca Escalonada 4-20Mm Hss Titânio Corneta,,755948,19.99,,,sim,https://www.havan.com.br/broca-escalonada-berg-4-20mm-hss-titanio-corneta-diversos/p
2026-09-21,havan,"Nacional (rede em quase todos os estados, sede SC) — não confirmado por CEP",,Ferramentas e Construção,Ferramentas e Jardim,Vaso,,"Vaso Cachepô Diamond 12,5Cm Branco Forth Jardim - 482-2",,754318,19.99,,,sim,https://www.havan.com.br/vaso-cachepo-diamond-12-5cm-branco-forth-jardim-482-2/p
2026-09-21,havan,"Nacional (rede em quase todos os estados, sede SC) — não confirmado por CEP",,Ferramentas e Construção,Ferramentas e Jardim,Vaso,,"Vaso Cachepô Diamond 12,5Cm Bege Forth Jardim - 481-5",,754309,19.99,,,sim,https://www.havan.com.br/vaso-cachepo-diamond-12-5cm-bege-forth-jardim-481-5/p
2026-09-21,havan,"Nacional (rede em quase todos os estados, sede SC) — não confirmado por CEP",,Ferramentas e Construção,Ferramentas e Jardim,Vaso,,"Vaso Cachepô Diamond 12,5Cm Marrom Forth Jardim - 477-8",,754308,19.99,,,sim,https://www.havan.com.br/vaso-cachepo-diamond-12-5cm-marrom-forth-jardim-477-8/p
2026-09-21,havan,"Nacional (rede em quase todos os estados, sede SC) — não confirmado por CEP",,Ferramentas e Construção,Ferramentas e Jardim,Escova,,Escova de Aço Multifuncional Meghazine,,745323,19.99,,,sim,https://www.havan.com.br/escova-de-aco-multifuncional-meghazine-diversos/p
2026-09-21,havan,"Nacional (rede em quase todos os estados, sede SC) — não confirmado por CEP",,Ferramentas e Construção,Ferramentas e Jardim,Extensão,,Extensão Fc New Cabo Pp 5 Metros Branco Fc - 2416-7,,737197,19.99,,,sim,https://www.havan.com.br/extensao-5-metros-new-pp-2x0-75-fc-2416-7-2416-7/p
2026-09-21,havan,"Nacional (rede em quase todos os estados, sede SC) — não confirmado por CEP",,Ferramentas e Construção,Ferramentas e Jardim,Jogo,,Jogo De Brocas Para Concreto 4 Peças Tramontina - 43408/510,,729469,19.99,,,sim,https://www.havan.com.br/jogo-de-brocas-para-concreto-4-pecas-tramontina-43408510/p
2026-09-21,havan,"Nacional (rede em quase todos os estados, sede SC) — não confirmado por CEP",,Ferramentas e Construção,Ferramentas e Jardim,Jogo,,Jogo Chaves Catraca 21 Peças Master Tools - ST78334,,723334,19.99,,,sim,https://www.havan.com.br/jogo-chaves-catraca-21-pecas-master-tools-st78334/p
2026-09-21,havan,"Nacional (rede em quase todos os estados, sede SC) — não confirmado por CEP",,Ferramentas e Construção,Ferramentas e Jardim,Jogo,,Jogo Chaves Catraca 17 Peças Master Tools - ST78340,,723271,19.99,,,sim,https://www.havan.com.br/jogo-chaves-catraca-17-pecas-master-tools-st78340/p
2026-09-21,havan,"Nacional (rede em quase todos os estados, sede SC) — não confirmado por CEP",,Ferramentas e Construção,Ferramentas e Jardim,Trena,,Trena De Bolso 5 Metros Com Trava Master Tools - ST78323,,723238,19.99,,,sim,https://www.havan.com.br/trena-de-bolso-5-metros-com-trava-master-tools-st78323/p
2026-09-21,havan,"Nacional (rede em quase todos os estados, sede SC) — não confirmado por CEP",,Ferramentas e Construção,Ferramentas e Jardim,Extensão,,Extensão Elétrica 3 Tomadas 2 Pinos 10A 5 Metros - Preto,,715345,19.99,,,sim,https://www.havan.com.br/extensao-eletrica-3-tomadas-2-pinos-10a-5-metros-preto/p
2026-09-21,havan,"Nacional (rede em quase todos os estados, sede SC) — não confirmado por CEP",,Ferramentas e Construção,Ferramentas e Jardim,Rebites,,Rebites Alumínio 60 Peças Western - 1777,,700426,19.99,,,sim,https://www.havan.com.br/rebites-aluminio-60-pecas-western-1777/p
2026-09-21,havan,"Nacional (rede em quase todos os estados, sede SC) — não confirmado por CEP",,Ferramentas e Construção,Ferramentas e Jardim,Repelente,,Repelente Mosquito Western - Bivolt,,700195,19.99,,,sim,https://www.havan.com.br/repelente-mosquito-bivolt-western-bivolt/p
2026-09-21,havan,"Nacional (rede em quase todos os estados, sede SC) — não confirmado por CEP",,Ferramentas e Construção,Ferramentas e Jardim,Alarme,,Alarme Porta E Janela Western - WD-1,,700153,19.99,,,sim,https://www.havan.com.br/alarme-porta-e-janela-etilux-wd-1/p
2026-09-21,havan,"Nacional (rede em quase todos os estados, sede SC) — não confirmado por CEP",,Ferramentas e Construção,Ferramentas e Jardim,Repelente,,Repelente Com Luz Noturna Bivolt Western - Bivolt,,700147,19.99,,,sim,https://www.havan.com.br/repelente-eletronico-para-mosquito-western-bivolt/p
2026-09-21,havan,"Nacional (rede em quase todos os estados, sede SC) — não confirmado por CEP",,Ferramentas e Construção,Ferramentas e Jardim,Cinta,,"Cinta Para Prender Carga 2,5Cm X 2,5M 120Kg 2 Peças Western",,699901,19.99,,,sim,https://www.havan.com.br/cinta-carga-25cm-x-25m-120kg-2pc-western-diversos/p
2026-09-21,havan,"Nacional (rede em quase todos os estados, sede SC) — não confirmado por CEP",,Ferramentas e Construção,Ferramentas e Jardim,Alicate,,Alicate Universal Master Tools,,699607,19.99,,,sim,https://www.havan.com.br/alicate-universal-master-tools-diversos/p
2026-09-21,havan,"Nacional (rede em quase todos os estados, sede SC) — não confirmado por CEP",,Ferramentas e Construção,Ferramentas e Jardim,Grampo,,Grampo Tipo C 8Cm De Abertura Meghazine,,696856,19.99,,,sim,https://www.havan.com.br/grampo-tipo-c-8cm-de-abertura-meghazine-diversos/p
2026-09-21,havan,"Nacional (rede em quase todos os estados, sede SC) — não confirmado por CEP",,Ferramentas e Construção,Ferramentas e Jardim,Grampo,,"Grampo Sargento Multiuso 6"" Meghazine",,696853,19.99,,,sim,https://www.havan.com.br/grampo-sargento-multiuso-6-meghazine-diversos/p
2026-09-21,havan,"Nacional (rede em quase todos os estados, sede SC) — não confirmado por CEP",,Ferramentas e Construção,Ferramentas e Jardim,Disco,,Disco Diamantado Multimaterial Western,,686205,19.99,,,sim,https://www.havan.com.br/disco-diamantado-multimaterial-western-diversos/p
2026-09-21,havan,"Nacional (rede em quase todos os estados, sede SC) — não confirmado por CEP",,Ferramentas e Construção,Ferramentas e Jardim,Fungicida,,Fungicida Pronto Uso 500Ml Forth - 145-6,,686082,19.99,,,sim,https://www.havan.com.br/fungicida-pronto-uso-500ml-forth-145-6/p
2026-09-21,havan,"Nacional (rede em quase todos os estados, sede SC) — não confirmado por CEP",,Ferramentas e Construção,Ferramentas e Jardim,Disco,,Disco Diamantado Segmentado 110Mm Worker - 139521,,685365,19.99,,,sim,https://www.havan.com.br/disco-diamantado-segmentado-110mm-worker-139521/p
2026-09-21,havan,"Nacional (rede em quase todos os estados, sede SC) — não confirmado por CEP",,Ferramentas e Construção,Ferramentas e Jardim,Extensão,,"Extensão New Pp De 1,5 Metros 3 Tomadas 3 Pinos Fc - 226284",,685215,19.99,,,sim,https://www.havan.com.br/extensao-new-pp-de-1-5-metros-3-tomadas-3-pinos-fc-226284/p
2026-09-21,havan,"Nacional (rede em quase todos os estados, sede SC) — não confirmado por CEP",,Ferramentas e Construção,Ferramentas e Jardim,Chave,,Chave De Boca Universal De 8 A 22Mm Cabeça Dupla,,685044,19.99,,,sim,https://www.havan.com.br/chave-de-boca-universal-de-8-a-22mm-cabeca-dupla-diversos/p
2026-09-21,havan,"Nacional (rede em quase todos os estados, sede SC) — não confirmado por CEP",,Ferramentas e Construção,Ferramentas e Jardim,Kit,,Kit para Banheiro Sofisticato 4 Peças Durin,,683739,19.99,,,sim,https://www.havan.com.br/kit-para-banheiro-sofisticato-4-pecas-durin-diversos/p
2026-09-21,havan,"Nacional (rede em quase todos os estados, sede SC) — não confirmado por CEP",,Ferramentas e Construção,Ferramentas e Jardim,Torneira,,Torneira Mesa Cozinha Pp Bica Alta Branca Durin,,683730,19.99,,,sim,https://www.havan.com.br/torneira-mesa-cozinha-pp-bica-alta-braca-diversos/p
2026-09-21,havan,"Nacional (rede em quase todos os estados, sede SC) — não confirmado por CEP",,Ferramentas e Construção,Ferramentas e Jardim,Torneira,,Torneira Lavatório Especial Pp Durin - 11671,,683673,19.99,,,sim,https://www.havan.com.br/torneira-lavatorio-especial-pp-durin-11671/p
2026-09-21,havan,"Nacional (rede em quase todos os estados, sede SC) — não confirmado por CEP",,Ferramentas e Construção,Ferramentas e Jardim,Repelente,,Repelente Eletrônico Para Rato Bivolt Western - BIVOLT,,679614,19.99,,,sim,https://www.havan.com.br/repelente-eletronico-para-rato-bivolt-western-bivolt/p
2026-09-21,havan,"Nacional (rede em quase todos os estados, sede SC) — não confirmado por CEP",,Ferramentas e Construção,Ferramentas e Jardim,Gás,,Gás para Isqueiro Nautika Lighter Gás - 280681,,676940,19.99,,,sim,https://www.havan.com.br/gas-para-isqueiro-nautika-lighter-gas-280681/p
2026-09-21,havan,"Nacional (rede em quase todos os estados, sede SC) — não confirmado por CEP",,Ferramentas e Construção,Ferramentas e Jardim,Disco,,"Disco De Serra Circular 4.3/4"" 24 Dts 20Mm Kala - Aço",,664711,19.99,,,sim,https://www.havan.com.br/disco-de-serra-circular-4-3-4-24-dts-20mm-kala-ao/p
2026-09-21,havan,"Nacional (rede em quase todos os estados, sede SC) — não confirmado por CEP",,Ferramentas e Construção,Ferramentas e Jardim,Protetor,,Protetor Adesivo Anti-Impacto Tekbond Redondo 8 Pçs - Transparente,,560561,19.99,,,sim,https://www.havan.com.br/protetor-adesivo-anti-impacto-tekbond-redondo-8-pcs-diversos/p
2026-09-21,havan,"Nacional (rede em quase todos os estados, sede SC) — não confirmado por CEP",,Ferramentas e Construção,Ferramentas e Jardim,Caixa,,"Caixa De Ferramentas Cargo 12,5"" Metasul - Preto",,332342,19.99,,,sim,https://www.havan.com.br/caixa-de-ferramentas-cargo-12-5-metasul-preto/p
2026-09-21,havan,"Nacional (rede em quase todos os estados, sede SC) — não confirmado por CEP",,Ferramentas e Construção,Ferramentas e Jardim,Fita,,Fita Supertape Fixa Tudo Tekbond - 12mm X 2m,,311082,19.99,,,sim,https://www.havan.com.br/fita-supertape-fixa-tudo-tekbond-12mm-x-2m/p
2026-09-21,havan,"Nacional (rede em quase todos os estados, sede SC) — não confirmado por CEP",,Ferramentas e Construção,Ferramentas e Jardim,Jogo,,Jogo 3 Escovas de Aço Meghazine - E2238,,264062,19.99,,,sim,https://www.havan.com.br/jogo-3-escovas-de-aco-meghazine-e2238/p
2026-09-21,havan,"Nacional (rede em quase todos os estados, sede SC) — não confirmado por CEP",,Ferramentas e Construção,Ferramentas e Jardim,Micro,,Micro-Óleo Desengripante Spray 300Ml Collins - Amarelo,,261618,19.99,,,sim,https://www.havan.com.br/micro-oleo-spray-300ml-collins-amarelo/p
2026-09-21,havan,"Nacional (rede em quase todos os estados, sede SC) — não confirmado por CEP",,Ferramentas e Construção,Ferramentas e Jardim,Kit,,Kit de Ferramentas 4 Peças Tramontina - 43408/189,,233187,19.99,,,sim,https://www.havan.com.br/kit-de-ferramentas-4-pecas-tramontina-43408-189/p
2026-09-21,havan,"Nacional (rede em quase todos os estados, sede SC) — não confirmado por CEP",,Ferramentas e Construção,Ferramentas e Jardim,Jogo,,Jogo de Trenas de Aço 2m e 5m TCV2005 Vonder - 3868572005,,187176,19.99,,,sim,https://www.havan.com.br/jogo-de-trenas-de-aco-2m-e-5m-tcv2005-vonder-3868572005/p
2026-09-21,havan,"Nacional (rede em quase todos os estados, sede SC) — não confirmado por CEP",,Ferramentas e Construção,Ferramentas e Jardim,Estilete,,Estilete 18mm ES218 Vonder - DIVERSOS,,171955,19.99,,,sim,https://www.havan.com.br/estilete-18mm-es218-vonder-diversos/p
2026-09-21,havan,"Nacional (rede em quase todos os estados, sede SC) — não confirmado por CEP",,Ferramentas e Construção,Ferramentas e Jardim,Suporte,,Suporte Mural Para Mangueira Tramontina - Cinza,,171757,19.99,,,sim,https://www.havan.com.br/suporte-mural-para-mangueira-tramontina-78592000-cinza/p
2026-09-21,havan,"Nacional (rede em quase todos os estados, sede SC) — não confirmado por CEP",,Ferramentas e Construção,Ferramentas e Jardim,Jogo,,Jogo de Chaves de Precisão Tramontina 41905/306 - Sortido,,171679,19.99,,,sim,https://www.havan.com.br/jogo-de-chaves-de-precis-o-tramontina-41905-306-sortido/p
2026-09-21,havan,"Nacional (rede em quase todos os estados, sede SC) — não confirmado por CEP",,Ferramentas e Construção,Ferramentas e Jardim,Jogo,,Jogo de Bits 7 peças Worker - Vermelho,,160201,19.99,,,sim,https://www.havan.com.br/jogo-de-bits-7-pecas-worker-vermelho/p
2026-09-21,havan,"Nacional (rede em quase todos os estados, sede SC) — não confirmado por CEP",,Ferramentas e Construção,Ferramentas e Jardim,Trena,,Trena de Bolso 5 Metros Meghazine - T2858,,149551,19.99,,,sim,https://www.havan.com.br/trena-de-bolso-5-metros-meghazine-t2858/p
2026-09-21,havan,"Nacional (rede em quase todos os estados, sede SC) — não confirmado por CEP",,Ferramentas e Construção,Ferramentas e Jardim,Jogo,,Jogo de Chaves Allen 9 peças Meghazine - DIVERSOS,,149539,19.99,,,sim,https://www.havan.com.br/jogo-de-chaves-allen-9-pecas-meghazine-diversos/p
2026-09-21,havan,"Nacional (rede em quase todos os estados, sede SC) — não confirmado por CEP",,Ferramentas e Construção,Ferramentas e Jardim,Fita,,Fita Crepe Uso Geral 48Mm X 50M Tekbond - 78072708178,,763232,17.99,,,sim,https://www.havan.com.br/fita-crepe-uso-geral-48mm-x-50m-tekbond-78072708178/p
2026-09-21,havan,"Nacional (rede em quase todos os estados, sede SC) — não confirmado por CEP",,Ferramentas e Construção,Ferramentas e Jardim,Esponja,,"Esponja de Silicone 10,5 cm Western - Rosa",,695563,17.99,,,sim,https://www.havan.com.br/esponja-de-silicone-10-5-cm-western-rosa/p
2026-09-21,havan,"Nacional (rede em quase todos os estados, sede SC) — não confirmado por CEP",,Ferramentas e Construção,Ferramentas e Jardim,Organizador,,Organizador 7001 Arqplast - Preto,,682302,17.99,,,sim,https://www.havan.com.br/organizador-7001-arqplast-preto/p
2026-09-21,havan,"Nacional (rede em quase todos os estados, sede SC) — não confirmado por CEP",,Ferramentas e Construção,Ferramentas e Jardim,Esponja,,Esponja Mágica Para Limpeza Tekbond - 3 Unidades,,310905,17.99,,,sim,https://www.havan.com.br/esponja-magica-para-limpeza-tekbond-3-unidades/p
2026-09-21,havan,"Nacional (rede em quase todos os estados, sede SC) — não confirmado por CEP",,Ferramentas e Construção,Ferramentas e Jardim,Fita,,Fita Dupla Face Fixa Forte Meghazine - FD2385,,263949,17.99,,,sim,https://www.havan.com.br/fita-dupla-face-fixa-forte-meghazine-fd2385/p
2026-09-21,havan,"Nacional (rede em quase todos os estados, sede SC) — não confirmado por CEP",,Ferramentas e Construção,Ferramentas e Jardim,Jogo,,Jogo de Bits 5 Peças Meghazine - B2195,,263946,17.99,,,sim,https://www.havan.com.br/jogo-de-bits-5-pecas-meghazine-b2195/p
2026-09-21,havan,"Nacional (rede em quase todos os estados, sede SC) — não confirmado por CEP",,Ferramentas e Construção,Ferramentas e Jardim,Kit,,Kit Escovas de Aço com Cabo Plástico 2575 2 Peças Western,,172405,17.99,,,sim,https://www.havan.com.br/kit-escovas-de-aco-com-cabo-plastico-2575-2-pecas-western-diversos/p
2026-09-21,havan,"Nacional (rede em quase todos os estados, sede SC) — não confirmado por CEP",,Ferramentas e Construção,Ferramentas e Jardim,Pazinha,,Pazinha Estreita Metálica com Cabo de Madeira Tramontina - Laranja,,171733,17.99,,,sim,https://www.havan.com.br/pazinha-estreita-metalica-com-cabo-de-madeira-tramontina-laranja/p
2026-09-21,havan,"Nacional (rede em quase todos os estados, sede SC) — não confirmado por CEP",,Ferramentas e Construção,Ferramentas e Jardim,Pazinha,,Pazinha Larga com Cabo de Madeira Tramontina - Laranja,,171730,17.99,,,sim,https://www.havan.com.br/pazinha-larga-com-cabo-de-madeira-tramontina-laranja/p
2026-09-21,havan,"Nacional (rede em quase todos os estados, sede SC) — não confirmado por CEP",,Ferramentas e Construção,Ferramentas e Jardim,Tinta,,Tinta em Spray Azul Claro 250Ml Chemicolor - 068.0513,,762256,14.99,,,sim,https://www.havan.com.br/tinta-em-spray-azul-claro-250ml-chemicolor-0680513/p
2026-09-21,havan,"Nacional (rede em quase todos os estados, sede SC) — não confirmado por CEP",,Ferramentas e Construção,Ferramentas e Jardim,Tinta,,Tinta em Spray Amarelo 250Ml Chemicolor - 068.0512,,762255,14.99,,,sim,https://www.havan.com.br/tinta-em-spray-amarelo-250ml-chemicolor-0680512/p
2026-09-21,havan,"Nacional (rede em quase todos os estados, sede SC) — não confirmado por CEP",,Ferramentas e Construção,Ferramentas e Jardim,Tinta,,Tinta em Spray Verde Escuro 250Ml Chemicolor - 068.0524,,762253,14.99,,,sim,https://www.havan.com.br/tinta-em-spray-verde-escuro-250ml-chemicolor-0680524/p
2026-09-21,havan,"Nacional (rede em quase todos os estados, sede SC) — não confirmado por CEP",,Ferramentas e Construção,Ferramentas e Jardim,Tinta,,Tinta em Spray Rosa 250Ml Chemicolor - 068.0523,,762251,14.99,,,sim,https://www.havan.com.br/tinta-em-spray-rosa-250ml-chemicolor-0680523/p
2026-09-21,havan,"Nacional (rede em quase todos os estados, sede SC) — não confirmado por CEP",,Ferramentas e Construção,Ferramentas e Jardim,Tinta,,Tinta em Spray Vermelho 250Ml Chemicolor - 068.0525,,762250,14.99,,,sim,https://www.havan.com.br/tinta-em-spray-vermelho-250ml-chemicolor-0680525/p
2026-09-21,havan,"Nacional (rede em quase todos os estados, sede SC) — não confirmado por CEP",,Ferramentas e Construção,Ferramentas e Jardim,Tinta,,Tinta em Spray Cinza Claro 250Ml Chemicolor - 068.0547,,762247,14.99,,,sim,https://www.havan.com.br/tinta-em-spray-cinza-claro-250ml-chemicolor-0680547/p
2026-09-21,havan,"Nacional (rede em quase todos os estados, sede SC) — não confirmado por CEP",,Ferramentas e Construção,Ferramentas e Jardim,Estilete,,Estilete Trapezoidal Dobrável com 4 Lâminas Western,,755945,14.99,,,sim,https://www.havan.com.br/estilete-trapezoidal-dobravel-com-4-laminas-western-diversos/p
2026-09-21,havan,"Nacional (rede em quase todos os estados, sede SC) — não confirmado por CEP",,Ferramentas e Construção,Ferramentas e Jardim,Chave,,Chave De Fenda Com Ponteiras Tramontina - 43411/001,,729505,14.99,,,sim,https://www.havan.com.br/chave-de-fenda-com-ponteiras-tramontina-43411001/p
2026-09-21,havan,"Nacional (rede em quase todos os estados, sede SC) — não confirmado por CEP",,Ferramentas e Construção,Ferramentas e Jardim,Jogo,,Jogo Chaves 2 Peças Master Tools - ST78333,,723343,14.99,,,sim,https://www.havan.com.br/jogo-chaves-2-pecas-master-tools-st78333/p
2026-09-21,havan,"Nacional (rede em quase todos os estados, sede SC) — não confirmado por CEP",,Ferramentas e Construção,Ferramentas e Jardim,Jogo,,Jogo Brocas Para Madeira 5 Peças Master Tools - ST78320,,723217,14.99,,,sim,https://www.havan.com.br/jogo-brocas-para-madeira-5-pecas-master-tools-st78320/p
2026-09-21,havan,"Nacional (rede em quase todos os estados, sede SC) — não confirmado por CEP",,Ferramentas e Construção,Ferramentas e Jardim,Nível,,Nível Magnético Master Tools - ST78327,,723214,14.99,,,sim,https://www.havan.com.br/nivel-magnetico-master-tools-st78327/p
2026-09-21,havan,"Nacional (rede em quase todos os estados, sede SC) — não confirmado por CEP",,Ferramentas e Construção,Ferramentas e Jardim,Escova,,Escova Para Grelha Com Espátula Meghazine - EA8131,,712009,14.99,,,sim,https://www.havan.com.br/escova-para-grelha-com-espatula-meghazine-ea8131/p
2026-09-21,havan,"Nacional (rede em quase todos os estados, sede SC) — não confirmado por CEP",,Ferramentas e Construção,Ferramentas e Jardim,Solda,,Solda Em Tubo Com 4 Metros Western S-10 - S-10BL,,700429,14.99,,,sim,https://www.havan.com.br/solda-estanho-em-tubo-4-metros-western-s-10bl/p
2026-09-21,havan,"Nacional (rede em quase todos os estados, sede SC) — não confirmado por CEP",,Ferramentas e Construção,Ferramentas e Jardim,Engate,,Engate Flexível 4Kgf/Cm Durin,,696232,14.99,,,sim,https://www.havan.com.br/engate-flexivel-4kgf-cm-durin-diversos/p
2026-09-21,havan,"Nacional (rede em quase todos os estados, sede SC) — não confirmado por CEP",,Ferramentas e Construção,Ferramentas e Jardim,Conjunto,,Conjunto 4X2 Com 2 Tomadas 2P+T Tramontina Aria 10 A 250V,,685473,14.99,,,sim,https://www.havan.com.br/conjunto-4x2-com-2-tomadas-2pt-tramontina-aria-10-a-250v-diversos/p
2026-09-21,havan,"Nacional (rede em quase todos os estados, sede SC) — não confirmado por CEP",,Ferramentas e Construção,Ferramentas e Jardim,Conjunto,,Conjunto1 Interruptor E 1 Tomada Simples 6 A 250 V Tramontina - 57241064,,684222,14.99,,,sim,https://www.havan.com.br/conjunto1-interruptor-e-1-tomada-simples-6-a-250-v-tramontina-57241064/p
2026-09-21,havan,"Nacional (rede em quase todos os estados, sede SC) — não confirmado por CEP",,Ferramentas e Construção,Ferramentas e Jardim,Entrada,,Entrada Para Máquina De Lavar Trançada Durin,,683871,14.99,,,sim,https://www.havan.com.br/entrada-para-maquina-de-lavar-trancada-durin-diversos/p
2026-09-21,havan,"Nacional (rede em quase todos os estados, sede SC) — não confirmado por CEP",,Ferramentas e Construção,Ferramentas e Jardim,Torneira,,Torneira Tanque Com Espiga 15Cm Durin,,683724,14.99,,,sim,https://www.havan.com.br/torneira-tanque-com-espiga-15cm-durin-diversos/p
2026-09-21,havan,"Nacional (rede em quase todos os estados, sede SC) — não confirmado por CEP",,Ferramentas e Construção,Ferramentas e Jardim,Sifão,,Sifão Sanfonado Universal 72Cm Durin - Branco,,594063,14.99,,,sim,https://www.havan.com.br/sifao-sanfonado-universal-72cm-durin-branco/p
2026-09-21,havan,"Nacional (rede em quase todos os estados, sede SC) — não confirmado por CEP",,Ferramentas e Construção,Ferramentas e Jardim,Pincel,,Pincel Para Pintura Western 3 Peças - Vermelho,,585833,14.99,,,sim,https://www.havan.com.br/pincel-para-pintura-western-3-pecas-vermelho/p
2026-09-21,havan,"Nacional (rede em quase todos os estados, sede SC) — não confirmado por CEP",,Ferramentas e Construção,Ferramentas e Jardim,Cola,,Cola Adesivo Instantâneo 20G Tekbond - 793,,311142,14.99,,,sim,https://www.havan.com.br/cola-adesivo-instantaneo-20g-tekbond-793/p
2026-09-21,havan,"Nacional (rede em quase todos os estados, sede SC) — não confirmado por CEP",,Ferramentas e Construção,Ferramentas e Jardim,Gancho,,Gancho Âmbar de Plástico M Tekbond - Branco,,298982,14.99,,,sim,https://www.havan.com.br/gancho-ambar-de-plastico-m-tekbond-branco/p
2026-09-21,havan,"Nacional (rede em quase todos os estados, sede SC) — não confirmado por CEP",,Ferramentas e Construção,Ferramentas e Jardim,Jogo,,Jogo de Chaves Precisão 11 Peças Meghazine - CP2201,,263940,14.99,,,sim,https://www.havan.com.br/jogo-de-chaves-precis-o-11-pecas-meghazine-cp2201/p
2026-09-21,havan,"Nacional (rede em quase todos os estados, sede SC) — não confirmado por CEP",,Ferramentas e Construção,Ferramentas e Jardim,Disco,,Disco De Serra Circular De Vídea Vonder 110Mm - 4675110224,,171943,14.99,,,sim,https://www.havan.com.br/disco-de-serra-circular-de-videa-vonder-110mm-4675110224/p
2026-09-21,havan,"Nacional (rede em quase todos os estados, sede SC) — não confirmado por CEP",,Ferramentas e Construção,Ferramentas e Jardim,Estilete,,Estilete com Refil Meghazine ER3019 - DIVERSOS,,144667,14.99,,,sim,https://www.havan.com.br/estilete-com-refil-meghazine-er3019-diversos/p
2026-09-21,havan,"Nacional (rede em quase todos os estados, sede SC) — não confirmado por CEP",,Ferramentas e Construção,Ferramentas e Jardim,Massa,,Massa de Calafetar Tekbond 350G - 17000018646,,762688,12.99,,,sim,https://www.havan.com.br/massa-de-calafetar-tekbond-350g-17000018646/p
2026-09-21,havan,"Nacional (rede em quase todos os estados, sede SC) — não confirmado por CEP",,Ferramentas e Construção,Ferramentas e Jardim,Espeto,,Espeto Balizador Solar Abs Gaya - 9648,,715513,12.99,,,sim,https://www.havan.com.br/espeto-balizador-solar-abs-gaya-9648/p
2026-09-21,havan,"Nacional (rede em quase todos os estados, sede SC) — não confirmado por CEP",,Ferramentas e Construção,Ferramentas e Jardim,Pluge,,Pluge Branco 2P+T 10A Fc,,685545,12.99,,,sim,https://www.havan.com.br/pluge-branco-2pt-10a-fc-diversos/p
2026-09-21,havan,"Nacional (rede em quase todos os estados, sede SC) — não confirmado por CEP",,Ferramentas e Construção,Ferramentas e Jardim,Protetor,,Protetor Adesivo Feltro Tekbond P/ Móveis E Pisos 40 Peças - Preto,,559727,12.99,,,sim,https://www.havan.com.br/protetor-adesivo-feltro-tekbond-p-moveis-e-pisos-40-pecas-diversos/p
2026-09-21,havan,"Nacional (rede em quase todos os estados, sede SC) — não confirmado por CEP",,Ferramentas e Construção,Ferramentas e Jardim,Cola,,Cola de Contato (Sem Toluol) Tekbond - 30g,,313404,12.99,,,sim,https://www.havan.com.br/cola-de-contato-sem-toluol-tekbond-30g/p
2026-09-21,havan,"Nacional (rede em quase todos os estados, sede SC) — não confirmado por CEP",,Ferramentas e Construção,Ferramentas e Jardim,Fita,,Fita Silver 48mmx5m Tekbond - Prata,,298994,12.99,,,sim,https://www.havan.com.br/fita-silver-48mmx5m-tekbond-prata/p
2026-09-21,havan,"Nacional (rede em quase todos os estados, sede SC) — não confirmado por CEP",,Ferramentas e Construção,Ferramentas e Jardim,Silicone,,Silicone Acético Banheiro & Cozinha 50g Tekbond - Transparente,,298943,12.99,,,sim,https://www.havan.com.br/silicone-acetico-banheiro-cozinha-50g-tekbond-transparente/p
2026-09-21,havan,"Nacional (rede em quase todos os estados, sede SC) — não confirmado por CEP",,Ferramentas e Construção,Ferramentas e Jardim,Silicone,,Silicone Acético Banheiro & Cozinha Branco Tekbond - 50g,,298940,12.99,,,sim,https://www.havan.com.br/silicone-acetico-banheiro-cozinha-branco-tekbond-50g/p
2026-09-21,havan,"Nacional (rede em quase todos os estados, sede SC) — não confirmado por CEP",,Ferramentas e Construção,Ferramentas e Jardim,Adesivo,,Adesivo De Silicone Acético Multiuso 50g Tekbond - Bisnaga,,298907,12.99,,,sim,https://www.havan.com.br/adesivo-de-silicone-acetico-multiuso-50g-tekbond-bisnaga/p
2026-09-21,havan,"Nacional (rede em quase todos os estados, sede SC) — não confirmado por CEP",,Ferramentas e Construção,Ferramentas e Jardim,Nível,,"Nível com Base Magnética 9"" Vonder - 3535009000",,171952,12.99,,,sim,https://www.havan.com.br/nivel-com-base-magnetica-9-3535009000-vonder-diversos/p
2026-09-21,havan,"Nacional (rede em quase todos os estados, sede SC) — não confirmado por CEP",,Ferramentas e Construção,Ferramentas e Jardim,Fio,,"Fio de Nylon 2,4Mm 10 Metros Corneta",,754251,9.99,,,sim,https://www.havan.com.br/fio-de-nylon-redondo-24mm-10m-corneta-diversos/p
2026-09-21,havan,"Nacional (rede em quase todos os estados, sede SC) — não confirmado por CEP",,Ferramentas e Construção,Ferramentas e Jardim,Bico,,Bico Arejador Fixo Duplo Jato Liege,,748137,9.99,,,sim,https://www.havan.com.br/arejador-liege-cromado-diversos/p
2026-09-21,havan,"Nacional (rede em quase todos os estados, sede SC) — não confirmado por CEP",,Ferramentas e Construção,Ferramentas e Jardim,Bico,,Bico Arejador Para Torneira Universal Antirrespingo 360° Azul Western,,737257,9.99,,,sim,https://www.havan.com.br/bico-arejador-para-torneira-universal-antirrespingo-360-azul-western-diversos/p
2026-09-21,havan,"Nacional (rede em quase todos os estados, sede SC) — não confirmado por CEP",,Ferramentas e Construção,Ferramentas e Jardim,Extensão,,"Extensão Fc New Cabo Pp 2X0,75Mm 1,5M Branco Fc",,737227,9.99,,,sim,https://www.havan.com.br/extensao-fc-new-cabo-pp-2x075mm-15m-branco-fc-diversos/p
2026-09-21,havan,"Nacional (rede em quase todos os estados, sede SC) — não confirmado por CEP",,Ferramentas e Construção,Ferramentas e Jardim,Jogo,,Jogo Chaves Allen Hexagonal Curtas 8 Peças Master Tools - ST78331,,723358,9.99,,,sim,https://www.havan.com.br/jogo-chaves-allen-hexagonal-curtas-8-pecas-master-tools-st78331/p
2026-09-21,havan,"Nacional (rede em quase todos os estados, sede SC) — não confirmado por CEP",,Ferramentas e Construção,Ferramentas e Jardim,Estilete,,"Estilete 15,5 Cm Master Tools - ST78332",,723355,9.99,,,sim,https://www.havan.com.br/estilete-15-5-cm-master-tools-st78332/p
2026-09-21,havan,"Nacional (rede em quase todos os estados, sede SC) — não confirmado por CEP",,Ferramentas e Construção,Ferramentas e Jardim,Mosquetões,,Mosquetões 45Mm 6 Peças Western,,700159,9.99,,,sim,https://www.havan.com.br/mosquetoes-45mm-6-pecas-western-diversos/p
2026-09-21,havan,"Nacional (rede em quase todos os estados, sede SC) — não confirmado por CEP",,Ferramentas e Construção,Ferramentas e Jardim,Kit,,Kit Com 10 Lâminas Para Estilete Meghazine - LE1856,,696865,9.99,,,sim,https://www.havan.com.br/kit-com-10-laminas-para-estilete-meghazine-le1856/p
2026-09-21,havan,"Nacional (rede em quase todos os estados, sede SC) — não confirmado por CEP",,Ferramentas e Construção,Ferramentas e Jardim,Neutralizador,,Neutralizador Puro Ar 250Ml Capim Limão Domline,,684381,9.99,,,sim,https://www.havan.com.br/neutralizador-puro-ar-250ml-capim-limao-domline-diversos/p
2026-09-21,havan,"Nacional (rede em quase todos os estados, sede SC) — não confirmado por CEP",,Ferramentas e Construção,Ferramentas e Jardim,Conjunto,,Conjunto 4X2 Com 1 Interruptor Simples Aria 6 A 250V Tramontina - 02080003-01,,684195,9.99,,,sim,https://www.havan.com.br/conjunto-4x2-com-1-interruptor-simples-aria-6-a-250v-tramontina-02080003-01/p
2026-09-21,havan,"Nacional (rede em quase todos os estados, sede SC) — não confirmado por CEP",,Ferramentas e Construção,Ferramentas e Jardim,Torneira,,Torneira De Boia Para Caixa D'água Durin,,683742,9.99,,,sim,https://www.havan.com.br/torneira-de-boia-para-caixa-dagua-durin-diversos/p
2026-09-21,havan,"Nacional (rede em quase todos os estados, sede SC) — não confirmado por CEP",,Ferramentas e Construção,Ferramentas e Jardim,Cola,,Cola De Madeira Tekbond P/ Colagem E Reparos - 100g,,560636,9.99,,,sim,https://www.havan.com.br/cola-de-madeira-tekbond-p-colagem-e-reparos-diversos/p
2026-09-21,havan,"Nacional (rede em quase todos os estados, sede SC) — não confirmado por CEP",,Ferramentas e Construção,Ferramentas e Jardim,Fita,,Fita Crepe 24mm X 50m Tekbond - 1 Rolo,,310911,9.99,,,sim,https://www.havan.com.br/fita-crepe-24mm-x-50m-tekbond-1-rolo/p
2026-09-21,havan,"Nacional (rede em quase todos os estados, sede SC) — não confirmado por CEP",,Ferramentas e Construção,Ferramentas e Jardim,Adesivo,,Adesivo Araldite Massa Blister Tekbond - 50g,,298886,9.99,,,sim,https://www.havan.com.br/adesivo-araldite-massa-blister-tekbond-50g/p
2026-09-21,havan,"Nacional (rede em quase todos os estados, sede SC) — não confirmado por CEP",,Ferramentas e Construção,Ferramentas e Jardim,Torneira,,Torneira Em Plástico Para Jardim Tramontina - Sortido,,260712,9.99,,,sim,https://www.havan.com.br/torneira-em-plastico-para-jardim-tramontina-sortido/p
2026-09-21,havan,"Nacional (rede em quase todos os estados, sede SC) — não confirmado por CEP",,Ferramentas e Construção,Ferramentas e Jardim,Tomada,,Tomada Tramontina Aria 2P+T 10A 250V Branca - 57241010,,209208,9.99,,,sim,https://www.havan.com.br/tomada-2pt-10a-250v-branco-aria-tramontina-57241010/p
2026-09-21,havan,"Nacional (rede em quase todos os estados, sede SC) — não confirmado por CEP",,Ferramentas e Construção,Ferramentas e Jardim,Tomada,,Tomada Tramontina Aria 2P+T 20A 250V Branca - 57241013,,209205,9.99,,,sim,https://www.havan.com.br/tomada-2pt-20a-250v-branco-aria-tramontina-57241013/p
2026-09-21,havan,"Nacional (rede em quase todos os estados, sede SC) — não confirmado por CEP",,Ferramentas e Construção,Ferramentas e Jardim,Chave,,Chave para Teste de Voltagem Digital DT-1 Western - Preto,,172426,9.99,,,sim,https://www.havan.com.br/chave-para-teste-de-voltagem-digital-dt-1-western-preto/p
2026-09-21,havan,"Nacional (rede em quase todos os estados, sede SC) — não confirmado por CEP",,Ferramentas e Construção,Ferramentas e Jardim,Kit,,Kit de Abraçadeiras Autotravantes com 80UN Western AB-80 - DIVERSOS,,172402,9.99,,,sim,https://www.havan.com.br/kit-de-abracadeiras-autotravantes-com-80un-western-ab-80-diversos/p
2026-09-21,havan,"Nacional (rede em quase todos os estados, sede SC) — não confirmado por CEP",,Ferramentas e Construção,Ferramentas e Jardim,Fita,,Fita Isolante Blister Uso Geral 13Mm Tekbond,,683448,8.99,,,sim,https://www.havan.com.br/fita-isolante-blister-uso-geral-13mm-tekbond-diversos/p
2026-09-21,havan,"Nacional (rede em quase todos os estados, sede SC) — não confirmado por CEP",,Ferramentas e Construção,Ferramentas e Jardim,Papeleira,,Papeleira Delicato Durin,,695923,7.99,,,sim,https://www.havan.com.br/papeleira-delicato-durin-diversos/p
2026-09-21,havan,"Nacional (rede em quase todos os estados, sede SC) — não confirmado por CEP",,Ferramentas e Construção,Ferramentas e Jardim,Fita,,"Fita Duplace Tekbond Fixa Tudo Espuma 12Mmx1,5M - Branco",,560624,7.99,,,sim,https://www.havan.com.br/fita-duplace-tekbond-fixa-tudo-espuma-12mmx1-5m-diversos/p
2026-09-21,havan,"Nacional (rede em quase todos os estados, sede SC) — não confirmado por CEP",,Ferramentas e Construção,Ferramentas e Jardim,Abraçadeiras,,Abraçadeiras De Nylon Com 100 Unidades Western - 125-3,,396270,7.99,,,sim,https://www.havan.com.br/abracadeiras-de-nylon-com-100-unidades-western-125-3/p
2026-09-21,havan,"Nacional (rede em quase todos os estados, sede SC) — não confirmado por CEP",,Ferramentas e Construção,Ferramentas e Jardim,Kit,,Kit Feltros Adesivos com 24 Unidades Tekbond - Redondo,,313434,7.99,,,sim,https://www.havan.com.br/kit-feltros-adesivos-com-24-unidades-tekbond-redondo/p
2026-09-21,havan,"Nacional (rede em quase todos os estados, sede SC) — não confirmado por CEP",,Ferramentas e Construção,Ferramentas e Jardim,Kit,,Kit Feltros Adesivos com 12 Unidades Tekbond - Quadrado,,313431,7.99,,,sim,https://www.havan.com.br/kit-feltros-adesivos-com-12-unidades-tekbond-quadrado/p
2026-09-21,havan,"Nacional (rede em quase todos os estados, sede SC) — não confirmado por CEP",,Ferramentas e Construção,Ferramentas e Jardim,Adesivo,,"Adesivo Industrial Instantâneo Vonder - 7,5g",,263930,7.99,,,sim,https://www.havan.com.br/adesivo-industrial-instantaneo-7-5g-vonder-75g/p
2026-09-21,havan,"Nacional (rede em quase todos os estados, sede SC) — não confirmado por CEP",,Ferramentas e Construção,Ferramentas e Jardim,Cola,,Cola Gel Instantânea Tekbond - 3g,,311019,6.99,,,sim,https://www.havan.com.br/cola-gel-instantanea-tekbond-3g/p
2026-09-21,havan,"Nacional (rede em quase todos os estados, sede SC) — não confirmado por CEP",,Ferramentas e Construção,Ferramentas e Jardim,Rolo,,Rolo de Fita Isolante 19Mm X 5M Western - FIB-05,,361466,5.99,,,sim,https://www.havan.com.br/rolo-de-fita-isolante-19mm-x-5m-western-fib-05/p
2026-09-21,havan,"Nacional (rede em quase todos os estados, sede SC) — não confirmado por CEP",,Ferramentas e Construção,Ferramentas e Jardim,Engate,,Engate Rápido para Mangueira Flow Pack Tramontina - Verde,,171748,5.99,,,sim,https://www.havan.com.br/engate-rapido-para-mangueira-flow-pack-tramontina-verde/p
2026-09-21,havan,"Nacional (rede em quase todos os estados, sede SC) — não confirmado por CEP",,Ferramentas e Construção,Ferramentas e Jardim,Engate,,"Engate Rápido 1/2"" E 7/16"" Durin",,737248,4.99,,,sim,https://www.havan.com.br/engate-rapido-12-e-716-durin-diversos/p
2026-09-21,havan,"Nacional (rede em quase todos os estados, sede SC) — não confirmado por CEP",,Ferramentas e Construção,Ferramentas e Jardim,Engate,,"Engate Rápido Com Stop 1/2"" E 7/16"" Durin",,737245,4.99,,,sim,https://www.havan.com.br/engate-rapido-com-stop-12-e-716-durin-diversos/p
2026-09-21,havan,"Nacional (rede em quase todos os estados, sede SC) — não confirmado por CEP",,Ferramentas e Construção,Ferramentas e Jardim,Adaptador,,Adaptador Engate Rápido 1/2 E 3/4 Durin,,699478,4.99,,,sim,https://www.havan.com.br/adaptador-engate-rapido-1-2-e-3-4-durin-diversos/p
2026-09-21,havan,"Nacional (rede em quase todos os estados, sede SC) — não confirmado por CEP",,Ferramentas e Construção,Ferramentas e Jardim,Fita,,Fita Veda Rosca Bliater Tekbond,,683439,4.99,,,sim,https://www.havan.com.br/fita-veda-rosca-bliater-tekbond-diversos/p
2026-09-21,havan,"Nacional (rede em quase todos os estados, sede SC) — não confirmado por CEP",,Ferramentas e Construção,Ferramentas e Jardim,Ligação,,"Ligação para Reparo de Mangueira 1/2"" Tramontina - 78510/500",,171751,4.99,,,sim,https://www.havan.com.br/ligac-o-para-reparo-de-mangueira-1-2-tramontina-78510-500/p
2026-09-21,havan,"Nacional (rede em quase todos os estados, sede SC) — não confirmado por CEP",,Ferramentas e Construção,Ferramentas e Jardim,Adaptador,,Adaptador de Mangueira 1/2P-3/4P Tramontina - DIVERSOS,,171745,4.99,,,sim,https://www.havan.com.br/adaptador-de-mangueira-1-2p-3-4p-tramontina-diversos/p
2026-09-21,havan,"Nacional (rede em quase todos os estados, sede SC) — não confirmado por CEP",,Ferramentas e Construção,Ferramentas e Jardim,Reparador,,"Reparador De Mangueira 1/2"" E 7/16 Durin",,737251,2.99,,,sim,https://www.havan.com.br/reparador-de-mangueira-12-e-716-durin-diversos/p
2026-09-21,havan,"Nacional (rede em quase todos os estados, sede SC) — não confirmado por CEP",,Ferramentas e Construção,Ferramentas e Jardim,Adaptador,,"Adaptador Roscável De Mangueira 1/2"" E 7/16"" Durin",,699481,2.99,,,sim,https://www.havan.com.br/adaptador-roscavel-de-mangueira-1-2-e-7-16-durin-diversos/p
2026-09-21,havan,"Nacional (rede em quase todos os estados, sede SC) — não confirmado por CEP",,Ferramentas e Construção,Ferramentas e Jardim,Esguicho,,Esguicho com Jato Regulável Tramontina - Verde,,171739,2.99,,,sim,https://www.havan.com.br/esguicho-com-jato-regulavel-tramontina-verde/p
2026-09-21,havan,"Nacional (rede em quase todos os estados, sede SC) — não confirmado por CEP",,Brinquedos e Lazer,Brinquedos,Carrinho,,Carrinho de Vinil Soft Baby Super Kart Samba Toys - Sortido,,774865,19.99,,,sim,https://www.havan.com.br/carrinho-de-vinil-soft-baby-super-kart-samba-toys-sortido/p
2026-09-21,havan,"Nacional (rede em quase todos os estados, sede SC) — não confirmado por CEP",,Brinquedos e Lazer,Brinquedos,Conjunto,,Conjunto Carrinho Fricção de Corrida com Bonecos Havan Toys - 4 Peças,,774735,69.99,,,sim,https://www.havan.com.br/conjunto-carrinho-de-corrida-friccao-havan-toys-4-peas/p
2026-09-21,havan,"Nacional (rede em quase todos os estados, sede SC) — não confirmado por CEP",,Brinquedos e Lazer,Brinquedos,Mini,,"Mini Boneco Patinho Disney Duckalooz 6,5Cm Sunny Brinquedos - Sortido",,774521,24.99,,,sim,https://www.havan.com.br/boneco-patinhos-disney-duckalooz-sunny-brinquedos-sortido/p
2026-09-21,havan,"Nacional (rede em quase todos os estados, sede SC) — não confirmado por CEP",,Brinquedos e Lazer,Brinquedos,Carro,,Carro Miniatura Corrida Fórmula 1 Teams 1:64 Maisto - Sortido,,774468,99.99,,,sim,https://www.havan.com.br/carro-miniatura-formula-1-race-164-teams-maisto-sortido/p
2026-09-21,havan,"Nacional (rede em quase todos os estados, sede SC) — não confirmado por CEP",,Brinquedos e Lazer,Brinquedos,Mini,,Mini Caminhão Fresh Metal Highway Haulers Maisto - Sortido,,774467,69.99,,,sim,https://www.havan.com.br/mini-caminhao-fresh-metal-highway-haulers-maisto-sortido/p
2026-09-21,havan,"Nacional (rede em quase todos os estados, sede SC) — não confirmado por CEP",,Brinquedos e Lazer,Brinquedos,Boneco,,Boneco Marvel e Seus Amigos Incríveis Hasbro - Sortido,,774350,99.99,,,sim,https://www.havan.com.br/boneco-marvel-e-seus-amigos-incriveis-hasbro-sortido/p
2026-09-21,havan,"Nacional (rede em quase todos os estados, sede SC) — não confirmado por CEP",,Brinquedos e Lazer,Brinquedos,Mini,,Mini Pelúcia Adotados Fun - Sortido,,774302,69.99,,,sim,https://www.havan.com.br/pelucia-adotados-surpresa-mini-fun-sortido/p
2026-09-21,havan,"Nacional (rede em quase todos os estados, sede SC) — não confirmado por CEP",,Brinquedos e Lazer,Brinquedos,Carrinho,,Carrinho Pick-Up Mxt 2.0 Roma Brinquedos - Sortido,,774275,59.99,,,sim,https://www.havan.com.br/carrinho-pick-up-mxt-2-0-roma-brinquedos-sortido/p
2026-09-21,havan,"Nacional (rede em quase todos os estados, sede SC) — não confirmado por CEP",,Brinquedos e Lazer,Brinquedos,Brinquedo,,Brinquedo Didático Casinha Pets Na Caixa Jp Brink - Sortido,,774266,39.99,,,sim,https://www.havan.com.br/brinquedo-didatico-casinha-pets-na-caixa-jp-brink-sortido/p
2026-09-21,havan,"Nacional (rede em quase todos os estados, sede SC) — não confirmado por CEP",,Brinquedos e Lazer,Brinquedos,Boneca,,Boneca Dreameez Princesa Funville - Sortido,,774249,99.99,,,sim,https://www.havan.com.br/boneca-dreameez-princesa-funville-sortido/p
2026-09-21,havan,"Nacional (rede em quase todos os estados, sede SC) — não confirmado por CEP",,Brinquedos e Lazer,Brinquedos,Brinquedo,,Brinquedo Dinossauro Slingshot Dino World Havan Toys - Sortido,,774210,9.99,,,sim,https://www.havan.com.br/brinquedo-dinossauro-slingshot-dino-world-havan-toys-sortido/p
2026-09-21,havan,"Nacional (rede em quase todos os estados, sede SC) — não confirmado por CEP",,Brinquedos e Lazer,Brinquedos,Mini,,Mini Boneca K-Pop Diva Squad Funville - Sortido,,774197,49.99,,,sim,https://www.havan.com.br/mini-boneca-kpop-divas-funville-sortido/p
2026-09-21,havan,"Nacional (rede em quase todos os estados, sede SC) — não confirmado por CEP",,Brinquedos e Lazer,Brinquedos,Boneca,,Boneca Dreameez K-Pop Diva Squad Funville - Sortido,,774186,179.99,,,sim,https://www.havan.com.br/boneca-dreameez-kpop-diva-sortida-funville-sortido/p
2026-09-21,havan,"Nacional (rede em quase todos os estados, sede SC) — não confirmado por CEP",,Brinquedos e Lazer,Brinquedos,Conjunto,,Conjunto Dinossauros Dino World Havan Toys 6 Peças - Sortido,,774185,69.99,,,sim,https://www.havan.com.br/conjunto-dinossauros-sortidos-dino-world-havan-toys-sortido/p
2026-09-21,havan,"Nacional (rede em quase todos os estados, sede SC) — não confirmado por CEP",,Brinquedos e Lazer,Brinquedos,Pelúcia,,Pelúcia Pereirinha 38Cm Agroplay - Turma da Boiadeirinha,,774182,149.99,,,sim,https://www.havan.com.br/pelucia-pereirinha-38cm-agroplay-turma-da-boiadeirinha/p
2026-09-21,havan,"Nacional (rede em quase todos os estados, sede SC) — não confirmado por CEP",,Brinquedos e Lazer,Brinquedos,Conjunto,,Conjunto Motorhome Helena Havan Toys - Sortido,,774169,119.99,,,sim,https://www.havan.com.br/conjunto-motorhome-helena-havan-toys-sortido/p
2026-09-21,havan,"Nacional (rede em quase todos os estados, sede SC) — não confirmado por CEP",,Brinquedos e Lazer,Brinquedos,Pelúcia,,Pelúcia Pintinho Pierre 30Cm Agroplay - Turma da Boiadeirinha,,774167,129.99,,,sim,https://www.havan.com.br/pelucia-pintinho-pierre-30-cm-agroplay-turma-da-boiadeirinha/p
2026-09-21,havan,"Nacional (rede em quase todos os estados, sede SC) — não confirmado por CEP",,Brinquedos e Lazer,Brinquedos,Brinquedo,,Brinquedo Didático Cozinha Na Caixa Jp Brink - Sortido,,774162,49.99,,,sim,https://www.havan.com.br/brinquedo-cozinha-didatica-na-caixa-jp-brink-sortido/p
2026-09-21,havan,"Nacional (rede em quase todos os estados, sede SC) — não confirmado por CEP",,Brinquedos e Lazer,Brinquedos,Brinquedo,,Brinquedo Didático Cogumelo Encantado Na Caixa Jp Brink - Sortido,,774111,49.99,,,sim,https://www.havan.com.br/brinquedo-didatico-cogumelo-encantado-na-caixa-jp-brink-sortido/p
2026-09-21,havan,"Nacional (rede em quase todos os estados, sede SC) — não confirmado por CEP",,Brinquedos e Lazer,Brinquedos,Pelúcia,,Pelúcia Cavalo Blake 37Cm Agroplay - Turma da Boiadeirinha,,774106,169.99,,,sim,https://www.havan.com.br/pelucia-cavalo-blake-37cm-agroplay-turma-da-boiadeirinha/p
2026-09-21,havan,"Nacional (rede em quase todos os estados, sede SC) — não confirmado por CEP",,Brinquedos e Lazer,Brinquedos,Pelúcia,,Pelúcia da Boiadeirinha 35Cm Agroplay - Turma da Boiadeirinha,,774002,169.99,,,sim,https://www.havan.com.br/pelucia-da-boiadeirinha-agroplay-turma-da-boiadeirinha/p
2026-09-21,havan,"Nacional (rede em quase todos os estados, sede SC) — não confirmado por CEP",,Brinquedos e Lazer,Brinquedos,Leléba,,Leléba Gel Mágico Moana Doce Brinquedo,,774000,79.99,,,sim,https://www.havan.com.br/leleba-gel-magico-moana-doce-brinquedo-diversos/p
2026-09-21,havan,"Nacional (rede em quase todos os estados, sede SC) — não confirmado por CEP",,Brinquedos e Lazer,Brinquedos,Carrinho,,Carrinho de Controle Remoto Camaro Havan Toys,,773995,99.99,,,sim,https://www.havan.com.br/carrinho-de-controle-remoto-camaro-havan-toys-diversos/p
2026-09-21,havan,"Nacional (rede em quase todos os estados, sede SC) — não confirmado por CEP",,Brinquedos e Lazer,Brinquedos,Gelelé,,Gelelé Slime Clip Bag Hot Wheels 180G Doce Brinquedo - Sortido,,773994,19.99,,,sim,https://www.havan.com.br/gelele-slime-clip-bag-180g-hot-wheels-doce-brinquedo-sortido/p
2026-09-21,havan,"Nacional (rede em quase todos os estados, sede SC) — não confirmado por CEP",,Brinquedos e Lazer,Brinquedos,Conjunto,,Conjunto Mini Caminhonete Fricção Havan Toys,,773993,59.99,,,sim,https://www.havan.com.br/conjunto-mini-caminhonete-friccao-havan-toys-diversos/p
2026-09-21,havan,"Nacional (rede em quase todos os estados, sede SC) — não confirmado por CEP",,Brinquedos e Lazer,Brinquedos,Ovo,,Ovo Surpresa 60G dos Rosa Doce Brinquedo - Sortido,,773992,19.99,,,sim,https://www.havan.com.br/ovo-surpresa-60g-dos-rosa-doce-brinquedo-sortido/p
2026-09-21,havan,"Nacional (rede em quase todos os estados, sede SC) — não confirmado por CEP",,Brinquedos e Lazer,Brinquedos,Baralho,,Baralho 139 Naipe Convencional Copag - Sortido,,773977,24.99,,,sim,https://www.havan.com.br/baralho-139-naipe-convencional-blister-copag-sortido/p
2026-09-21,havan,"Nacional (rede em quase todos os estados, sede SC) — não confirmado por CEP",,Brinquedos e Lazer,Brinquedos,Conjunto,,Conjunto Carrinho de Animais Disney Mattel - Sortido,,773976,99.99,,,sim,https://www.havan.com.br/conjunto-carrinho-de-animais-disney-mattel-sortido/p
2026-09-21,havan,"Nacional (rede em quase todos os estados, sede SC) — não confirmado por CEP",,Brinquedos e Lazer,Brinquedos,Brinquedo,,Brinquedo Max Trator Caçamba Grande Tilin Brinquedos - Sortido,,773975,229.99,,,sim,https://www.havan.com.br/brinquedo-max-trator-cacamba-grande-tilin-brinquedos-sortido/p
2026-09-21,havan,"Nacional (rede em quase todos os estados, sede SC) — não confirmado por CEP",,Brinquedos e Lazer,Brinquedos,Pelúcia,,Pelúcia Infantil Urso Baby Bichinhos Carinho - Sortido,,773973,99.99,,,sim,https://www.havan.com.br/urso-baby-musical-bichinhos-carinho-376-sortido/p
2026-09-21,havan,"Nacional (rede em quase todos os estados, sede SC) — não confirmado por CEP",,Brinquedos e Lazer,Brinquedos,Boneco,,Boneco Articulado Toy Story Disney Pixar Mattel - Sortido,,773972,229.99,,,sim,https://www.havan.com.br/boneco-articulado-toy-story-disney-pixar-mattel-sortido/p
2026-09-21,havan,"Nacional (rede em quase todos os estados, sede SC) — não confirmado por CEP",,Brinquedos e Lazer,Brinquedos,Mini,,Mini Boneca Princesa Cupcake Transformável Mattel - Sortido,,773971,89.99,,,sim,https://www.havan.com.br/mini-boneca-princesa-cupcake-transformavel-mattel-sortido/p
2026-09-21,havan,"Nacional (rede em quase todos os estados, sede SC) — não confirmado por CEP",,Brinquedos e Lazer,Brinquedos,Boneca,,Boneca Rosetta Raibow High Sparkle & Shine Fashion Dolls m Brinq,,773934,399.90,,,sim,https://www.havan.com.br/boneca-rainbow-high-shine-brinq-diversos/p
2026-09-21,havan,"Nacional (rede em quase todos os estados, sede SC) — não confirmado por CEP",,Brinquedos e Lazer,Brinquedos,Caminhão,,Caminhão Iveco S-Way Boiadeiro com Animais Usual Brinquedos - Sortido,,773911,149.99,,,sim,https://www.havan.com.br/caminhao-iveco-s-way-boiadeiro-com-animais-usual-brinquedos-sortido/p
2026-09-21,havan,"Nacional (rede em quase todos os estados, sede SC) — não confirmado por CEP",,Brinquedos e Lazer,Brinquedos,Kit,,Kit Massinha Doceria da Minnie Cotiplás,,773910,49.99,,,sim,https://www.havan.com.br/kit-massinha-doceria-da-minnie-cotiplas-diversos/p
2026-09-21,havan,"Nacional (rede em quase todos os estados, sede SC) — não confirmado por CEP",,Brinquedos e Lazer,Brinquedos,Boneca,,Boneca Alina Cherry Reborn Puppe,,773909,229.99,,,sim,https://www.havan.com.br/boneca-alina-cherry-reborn-puppe-diversos/p
2026-09-21,havan,"Nacional (rede em quase todos os estados, sede SC) — não confirmado por CEP",,Brinquedos e Lazer,Brinquedos,Pista,,Pista Caminhão Animal Turbo de Carrinhos Havan Toys - Sortido,,773701,29.99,,,sim,https://www.havan.com.br/pista-caminhao-animal-turbo-de-carrinhos-havan-toys-sortido/p
2026-09-21,havan,"Nacional (rede em quase todos os estados, sede SC) — não confirmado por CEP",,Brinquedos e Lazer,Brinquedos,Pista,,Pista Aérea com Lançador de Carrinhos Havan Toys - Sortido,,773699,49.99,,,sim,https://www.havan.com.br/pista-aerea-com-lancador-de-carrinhos-havan-toys-sortido/p
2026-09-21,havan,"Nacional (rede em quase todos os estados, sede SC) — não confirmado por CEP",,Brinquedos e Lazer,Brinquedos,Lançador,,Lançador de Carrinhos em Lata Havan Toys - Sortido,,773696,19.99,,,sim,https://www.havan.com.br/lancador-de-carrinhos-em-lata-havan-toys-sortido/p
2026-09-21,havan,"Nacional (rede em quase todos os estados, sede SC) — não confirmado por CEP",,Brinquedos e Lazer,Brinquedos,Boneca,,Boneca de Pano 37Cm Havan Toys - Sortido,,773694,99.99,,,sim,https://www.havan.com.br/boneca-de-pano-37cm-havan-toys-sortido/p
2026-09-21,havan,"Nacional (rede em quase todos os estados, sede SC) — não confirmado por CEP",,Brinquedos e Lazer,Brinquedos,Lançador,,Lançador de Dardos Havan Toys,,773689,59.99,,,sim,https://www.havan.com.br/lancador-de-dardos-havan-toys-diversos/p
2026-09-21,havan,"Nacional (rede em quase todos os estados, sede SC) — não confirmado por CEP",,Brinquedos e Lazer,Brinquedos,Pelúcia,,Pelúcia Coelho Dentuço Fofinho Bbr - Sortido,,773688,79.99,,,sim,https://www.havan.com.br/pelucia-coelho-dentuco-fofinho-bbr-sortido/p
2026-09-21,havan,"Nacional (rede em quase todos os estados, sede SC) — não confirmado por CEP",,Brinquedos e Lazer,Brinquedos,Mini,,Mini Game Console 26 Jogos Havan Toys - Sortido,,773685,69.99,,,sim,https://www.havan.com.br/mini-game-console-26-jogos-havan-toys-sortido/p
2026-09-21,havan,"Nacional (rede em quase todos os estados, sede SC) — não confirmado por CEP",,Brinquedos e Lazer,Brinquedos,Boneca,,Boneca de Pano com Chapéu 35Cm Havan Toys - Sortido,,773681,99.99,,,sim,https://www.havan.com.br/boneca-de-pano-com-chapeu-35cm-havan-toys-sortido/p
2026-09-21,havan,"Nacional (rede em quase todos os estados, sede SC) — não confirmado por CEP",,Brinquedos e Lazer,Brinquedos,Mini,,"Mini Boneco Naruto Shippuden Figura de Ação 7,5Cm Multikids - Sortido",,773678,59.99,,,sim,https://www.havan.com.br/mini-boneco-naruto-shippuden-figura-de-acao-7-5cm-multikids-sortido/p
2026-09-21,havan,"Nacional (rede em quase todos os estados, sede SC) — não confirmado por CEP",,Brinquedos e Lazer,Brinquedos,Cards,,Cards Unitário Dragon Ball Z Elka - Sortido,,773676,9.99,,,sim,https://www.havan.com.br/cards-unitario-dragon-ball-z-elka-sortido/p
2026-09-21,havan,"Nacional (rede em quase todos os estados, sede SC) — não confirmado por CEP",,Brinquedos e Lazer,Brinquedos,Mini,,"Mini Boneco Naruto Shippuden 5,5Cm Multikids - Sortido",,773675,39.99,,,sim,https://www.havan.com.br/mini-boneco-naruto-shippuden-5-5cm-multikids-sortido/p
2026-09-21,havan,"Nacional (rede em quase todos os estados, sede SC) — não confirmado por CEP",,Brinquedos e Lazer,Brinquedos,Arena,,Arena de Batalha Bayblade Stadium Líder Brinquedos,,773671,69.99,,,sim,https://www.havan.com.br/arena-de-batalha-blede-stadium-lider-brinquedos-diversos/p
2026-09-21,havan,"Nacional (rede em quase todos os estados, sede SC) — não confirmado por CEP",,Brinquedos e Lazer,Brinquedos,Conjunto,,Conjunto Mini Dinossauros 3 Peças Havan Toys - Sortido,,773669,29.99,,,sim,https://www.havan.com.br/conjunto-mini-dinossauros-3-pecas-havan-toys-sortido/p
2026-09-21,havan,"Nacional (rede em quase todos os estados, sede SC) — não confirmado por CEP",,Brinquedos e Lazer,Brinquedos,Robô,,Robô Transformador Dinossauro Sortido Havan Toys,,773667,79.99,,,sim,https://www.havan.com.br/robo-transformador-dinossauro-sortido-diversos/p
2026-09-21,havan,"Nacional (rede em quase todos os estados, sede SC) — não confirmado por CEP",,Brinquedos e Lazer,Brinquedos,Skate,,Skate de Dedo com Acessorios Tech Deck Sunny,,773600,19.99,,,sim,https://www.havan.com.br/stake-de-dedo-tech-deck-96mm-sunny-diversos/p
2026-09-21,havan,"Nacional (rede em quase todos os estados, sede SC) — não confirmado por CEP",,Brinquedos e Lazer,Brinquedos,Bolhas,,Bolhas de Sabão Bluey Candide - Sortido,,773499,14.99,,,sim,https://www.havan.com.br/bolhas-de-sabao-bluey-candide-sortido/p
2026-09-21,havan,"Nacional (rede em quase todos os estados, sede SC) — não confirmado por CEP",,Brinquedos e Lazer,Brinquedos,Mini,,Mini Boneca Princesa Cristal Funville - Sortido,,773315,39.99,,,sim,https://www.havan.com.br/mini-boneca-princesa-cristal-funville-sortido/p
2026-09-21,havan,"Nacional (rede em quase todos os estados, sede SC) — não confirmado por CEP",,Brinquedos e Lazer,Brinquedos,Mini,,Mini Boneca Glamurosa Glam Girls Funville - Sortido,,773314,39.99,,,sim,https://www.havan.com.br/mini-boneca-glamurosa-funville-sortido/p
2026-09-21,havan,"Nacional (rede em quase todos os estados, sede SC) — não confirmado por CEP",,Brinquedos e Lazer,Brinquedos,Mini,,Mini Boneca Sereia Mermaid Surprise Funville - Sortido,,773310,39.99,,,sim,https://www.havan.com.br/mini-boneca-sereia-surpresa-funville-sortido/p
2026-09-21,havan,"Nacional (rede em quase todos os estados, sede SC) — não confirmado por CEP",,Brinquedos e Lazer,Brinquedos,Brinquedo,,Brinquedo Bola Didática Mercotoys - Sortido,,773243,19.99,,,sim,https://www.havan.com.br/brinquedo-bola-didatica-mercotoys-sortido/p
2026-09-21,havan,"Nacional (rede em quase todos os estados, sede SC) — não confirmado por CEP",,Brinquedos e Lazer,Brinquedos,Brinquedo,,Brinquedo Lança Disco de Pulso Avengers 4 Peças Etitoys - Sortido,,773205,12.99,,,sim,https://www.havan.com.br/brinquedo-lanca-disco-de-pulso-avengers-4-pecas-etitoys-sortido/p
2026-09-21,havan,"Nacional (rede em quase todos os estados, sede SC) — não confirmado por CEP",,Brinquedos e Lazer,Brinquedos,Kit,,Kit Massinha Play-Doh 8 Potes Hasbro - Sortido,,773070,49.99,,,sim,https://www.havan.com.br/kit-massinha-play-doh-8-potes-arco-iris-hasbro-sortido/p
2026-09-21,havan,"Nacional (rede em quase todos os estados, sede SC) — não confirmado por CEP",,Brinquedos e Lazer,Brinquedos,Brinquedo,,Brinquedo Didático Capissori Aramado Divertido Mercotoys - Sortido,,772921,39.99,,,sim,https://www.havan.com.br/brinquedo-didatico-capissori-aramado-divertido-mercotoys-sortido/p
2026-09-21,havan,"Nacional (rede em quase todos os estados, sede SC) — não confirmado por CEP",,Brinquedos e Lazer,Brinquedos,Quebra,,Quebra-Cabeça a Princesa e o Dragão Xalingo - 30 peças,,772893,29.99,,,sim,https://www.havan.com.br/quebra-cabeca-a-princesa-e-o-dragao-xalingo-30-peas/p
2026-09-21,havan,"Nacional (rede em quase todos os estados, sede SC) — não confirmado por CEP",,Brinquedos e Lazer,Brinquedos,Conjunto,,Conjunto Carrinho e Boneca Joy Sport Car Girl Bs Toys,,772823,19.99,,,sim,https://www.havan.com.br/conjunto-carrinho-e-boneca-joy-sport-car-girl-bs-toys-diversos/p
2026-09-21,havan,"Nacional (rede em quase todos os estados, sede SC) — não confirmado por CEP",,Brinquedos e Lazer,Brinquedos,Carro,,Carro Pick-Up Bs Toys - Sortido,,772816,19.99,,,sim,https://www.havan.com.br/carro-pick-up-bs-toys-sortido/p
2026-09-21,havan,"Nacional (rede em quase todos os estados, sede SC) — não confirmado por CEP",,Brinquedos e Lazer,Brinquedos,Conjunto,,Conjunto Lanchinho da Tarde 2 - Sortido,,772815,49.99,,,sim,https://www.havan.com.br/conjunto-lanchinho-da-tarde-2-sortido/p
2026-09-21,havan,"Nacional (rede em quase todos os estados, sede SC) — não confirmado por CEP",,Brinquedos e Lazer,Brinquedos,Brinquedo,,Brinquedo Dinossauro Amigo Super Toys - Sortido,,772696,34.99,,,sim,https://www.havan.com.br/dinossauro-amigo-sortido-super-toys-sortido/p
2026-09-21,havan,"Nacional (rede em quase todos os estados, sede SC) — não confirmado por CEP",,Brinquedos e Lazer,Brinquedos,Boneco,,Boneco Elástico Splats Standard Sunny - Sortido,,772563,49.99,,,sim,https://www.havan.com.br/boneco-elastico-splats-standard-sunny-sortido/p
2026-09-21,havan,"Nacional (rede em quase todos os estados, sede SC) — não confirmado por CEP",,Brinquedos e Lazer,Brinquedos,Mini,,Mini Figuras Gabby's Dollhouse Sunny - Sortido,,772550,19.99,,,sim,https://www.havan.com.br/mini-figuras-gabbys-dollhouse-sunny-sortido/p
2026-09-21,havan,"Nacional (rede em quase todos os estados, sede SC) — não confirmado por CEP",,Brinquedos e Lazer,Brinquedos,Mini,,Mini Ventilador Manual Duplo Avengers Etitoys - Sortido,,772507,29.99,,,sim,https://www.havan.com.br/mini-ventilador-manual-duplo-avengers-etitoys-sortido/p
2026-09-21,havan,"Nacional (rede em quase todos os estados, sede SC) — não confirmado por CEP",,Brinquedos e Lazer,Brinquedos,Lança,,Lança Água Homem-Aranha Etitoys,,772472,29.99,,,sim,https://www.havan.com.br/lanca-agua-homem-aranha-etitoys-diversos/p
2026-09-21,havan,"Nacional (rede em quase todos os estados, sede SC) — não confirmado por CEP",,Brinquedos e Lazer,Brinquedos,Avião,,Avião Miniatura Skybusters Mattel,,772453,49.99,,,sim,https://www.havan.com.br/aviao-miniatura-skybusters-mattel-diversos/p
2026-09-21,havan,"Nacional (rede em quase todos os estados, sede SC) — não confirmado por CEP",,Brinquedos e Lazer,Brinquedos,Trem,,Trem Pequeno Thomas e Seus Amigos Mattel - Sortido,,772397,39.99,,,sim,https://www.havan.com.br/trem-pequeno-thomas-e-seus-amigos-mattel-sortido/p
2026-09-21,havan,"Nacional (rede em quase todos os estados, sede SC) — não confirmado por CEP",,Brinquedos e Lazer,Brinquedos,Boneca,,Boneca Barbie Club Chelsea Praia Mattel Gln73 - Sortido,,772252,39.99,,,sim,https://www.havan.com.br/boneca-barbie-club-chelsea-praia-mattel-gln73-sortido/p
2026-09-21,havan,"Nacional (rede em quase todos os estados, sede SC) — não confirmado por CEP",,Brinquedos e Lazer,Brinquedos,Conjunto,,Conjunto Lanchinho da Tarde Helena Havan Toys - Sortido,,771891,49.99,,,sim,https://www.havan.com.br/conjunto-lanchinho-da-tarde-havan-toys-sortido/p
2026-09-21,havan,"Nacional (rede em quase todos os estados, sede SC) — não confirmado por CEP",,Brinquedos e Lazer,Brinquedos,Avião,,Avião Infantil Fighter Comando Usual Brinquedos - Sortido,,771866,29.99,,,sim,https://www.havan.com.br/aviao-fighter-comando-sortido/p
2026-09-21,havan,"Nacional (rede em quase todos os estados, sede SC) — não confirmado por CEP",,Brinquedos e Lazer,Brinquedos,Ovo,,Ovo Smashers Surpresa Pequeno Dino Island Pirata Fun - Sortido,,773560,59.99,,,sim,https://www.havan.com.br/ovo-smashers-dino-island-pirata-fun-sortido/p
2026-09-21,havan,"Nacional (rede em quase todos os estados, sede SC) — não confirmado por CEP",,Brinquedos e Lazer,Brinquedos,Dinossauro,,Dinossauro Rebirth Jurassic World Manada Perigosa Mattel - Sortido,,773481,99.99,,,sim,https://www.havan.com.br/dinossauro-rebirth-jurassic-world-manada-perigosa-mattel-sortido/p
2026-09-21,havan,"Nacional (rede em quase todos os estados, sede SC) — não confirmado por CEP",,Brinquedos e Lazer,Brinquedos,Caminhão,,Caminhão Iveco S-Way Graneleiro Usual Brinquedos - Sortido,,773456,99.99,,,sim,https://www.havan.com.br/brinquedo-caminhao-iveco-s-way-graneleiro-sortido/p
2026-09-21,havan,"Nacional (rede em quase todos os estados, sede SC) — não confirmado por CEP",,Brinquedos e Lazer,Brinquedos,Caminhão,,Caminhão Truck Horse - Adijomar,,773236,99.99,,,sim,https://www.havan.com.br/caminhao-truck-horse-adijomar/p
2026-09-21,havan,"Nacional (rede em quase todos os estados, sede SC) — não confirmado por CEP",,Brinquedos e Lazer,Brinquedos,Cachorro,,Cachorro Diver Surprise My Pet Divertoys - Sortido,,773187,89.99,,,sim,https://www.havan.com.br/pet-supresa-divertoys-sortido/p
2026-09-21,havan,"Nacional (rede em quase todos os estados, sede SC) — não confirmado por CEP",,Brinquedos e Lazer,Brinquedos,Carrinho,,Carrinho Food Truck Diver com Boneca e Massinha Divertoys - sortido,,773105,59.99,,,sim,https://www.havan.com.br/food-truck-diver-massa-com-boneca-e-massinha-divertoys-sortido/p
2026-09-21,havan,"Nacional (rede em quase todos os estados, sede SC) — não confirmado por CEP",,Brinquedos e Lazer,Brinquedos,Decore,,Decore Sua Mini Luminária Kawaii Fun - Sortido,,773072,59.99,,,sim,https://www.havan.com.br/mini-luminaria-kawaii-fun-sortido/p
2026-09-21,havan,"Nacional (rede em quase todos os estados, sede SC) — não confirmado por CEP",,Brinquedos e Lazer,Brinquedos,Mini,,Mini Boneco Masters Of The Universe Mattel - Sortido,,772881,99.99,,,sim,https://www.havan.com.br/mini-boneco-master-of-the-universe-mattel-sortido/p
2026-09-21,havan,"Nacional (rede em quase todos os estados, sede SC) — não confirmado por CEP",,Brinquedos e Lazer,Brinquedos,Mini,,Mini Boneco com Acessórios Marvel Homem Aranha Um Novo Dia Hasbro,,772879,99.99,,,sim,https://www.havan.com.br/mini-boneco-com-acessorios-marvel-homem-aranha-um-novo-dia-hasbro-diversos/p
2026-09-21,havan,"Nacional (rede em quase todos os estados, sede SC) — não confirmado por CEP",,Brinquedos e Lazer,Brinquedos,Boneco,,Boneco Elástico Stretchapalz Serie Monstros Sunny - Sortido,,772825,69.99,,,sim,https://www.havan.com.br/boneco-elastico-stretchapalz-serie-monstros-sunny-sortido/p
2026-09-21,havan,"Nacional (rede em quase todos os estados, sede SC) — não confirmado por CEP",,Brinquedos e Lazer,Brinquedos,Carro,,Carro de Controle Remoto Fórmula Gsa Candide - Sortido,,772819,79.99,,,sim,https://www.havan.com.br/carro-de-controle-remoto-formula-gsa-candide-sortido/p
2026-09-21,havan,"Nacional (rede em quase todos os estados, sede SC) — não confirmado por CEP",,Brinquedos e Lazer,Brinquedos,Maleta,,Maleta Infantil Doutora Medical Care Fun - F0251-5,,772818,59.99,,,sim,https://www.havan.com.br/maleta-infantil-doutora-medical-care-fun-f0251-5/p
2026-09-21,havan,"Nacional (rede em quase todos os estados, sede SC) — não confirmado por CEP",,Brinquedos e Lazer,Brinquedos,Conjunto,,Conjunto Happy Station Jp Brink,,772817,59.99,,,sim,https://www.havan.com.br/happy-station-jp-brink-diversos/p
2026-09-21,havan,"Nacional (rede em quase todos os estados, sede SC) — não confirmado por CEP",,Brinquedos e Lazer,Brinquedos,Kit,,Kit Cavalo e Boneco Vinil Db Play - Sortido,,772699,79.99,,,sim,https://www.havan.com.br/kit-cavalo-e-boneco-vinil-db-play-sortido/p
2026-09-21,havan,"Nacional (rede em quase todos os estados, sede SC) — não confirmado por CEP",,Brinquedos e Lazer,Brinquedos,Kit,,Kit Leléba Gel Mágico Mar Doce Brinquedo,,772698,59.99,,,sim,https://www.havan.com.br/kit-leleba-gel-magico-mar-diversos/p
2026-09-21,havan,"Nacional (rede em quase todos os estados, sede SC) — não confirmado por CEP",,Brinquedos e Lazer,Brinquedos,Pelúcia,,Pelúcia Cachorro com Som Havan Toys - Sortido,,772693,59.99,,,sim,https://www.havan.com.br/pelucia-cachorro-com-som-havan-toys-sortido/p
2026-09-21,havan,"Nacional (rede em quase todos os estados, sede SC) — não confirmado por CEP",,Brinquedos e Lazer,Brinquedos,Boneco,,Boneco Elástico Stretchapalz Animal Crystal Sunny - Sortido,,772594,69.99,,,sim,https://www.havan.com.br/boneco-elastico-stretchapalz-animal-crystal-sunny-sortido/p
2026-09-21,havan,"Nacional (rede em quase todos os estados, sede SC) — não confirmado por CEP",,Brinquedos e Lazer,Brinquedos,Brinquedo,,Brinquedo Trator Constructor Bs Toys - Amarelo,,772549,79.99,,,sim,https://www.havan.com.br/brinquedo-trator-constructor-bs-toys-amarelo/p
2026-09-21,havan,"Nacional (rede em quase todos os estados, sede SC) — não confirmado por CEP",,Brinquedos e Lazer,Brinquedos,Boneca,,Boneca Barbie Passeio com Cachorrinho Walk & Potty Pup Mattel,,773372,199.99,,,sim,https://www.havan.com.br/boneca-barbie-passeio-com-cachorrinho-walk-potty-pup-mattel-diversos/p
2026-09-21,havan,"Nacional (rede em quase todos os estados, sede SC) — não confirmado por CEP",,Brinquedos e Lazer,Brinquedos,Kit,,Kit Slime Mini Jardim Fun,,772638,199.99,,,sim,https://www.havan.com.br/kit-slime-mini-jardim-fun-diversos/p
2026-09-21,havan,"Nacional (rede em quase todos os estados, sede SC) — não confirmado por CEP",,Brinquedos e Lazer,Brinquedos,Caminhão,,Caminhão Pizzaplanet Buzz e Alien Toy Story 5 Imaginext Mattel,,768182,199.99,,,sim,https://www.havan.com.br/caminhao-pizzaplanet-buzz-e-alien-toy-story-5-imaginext-mattel-diversos/p
2026-09-21,havan,"Nacional (rede em quase todos os estados, sede SC) — não confirmado por CEP",,Brinquedos e Lazer,Brinquedos,Boneca,,Boneca Barbie Fada Cores Mágicas Mattel - JCP76,,768179,199.99,,,sim,https://www.havan.com.br/boneca-barbie-fada-cores-magicas-mattel-jcp76/p
2026-09-21,havan,"Nacional (rede em quase todos os estados, sede SC) — não confirmado por CEP",,Brinquedos e Lazer,Brinquedos,Kit,,Kit Woody e Carrinho Toy Story 5 Imaginext Mattel,,766811,199.99,,,sim,https://www.havan.com.br/kit-woody-e-carrinho-toy-story-5-imaginext-mattel-diversos/p
2026-09-21,havan,"Nacional (rede em quase todos os estados, sede SC) — não confirmado por CEP",,Brinquedos e Lazer,Brinquedos,Mega,,Mega Bloks Jogo de Construção 3 em 1 Unicórnio Monta e Brilha,,766636,199.99,,,sim,https://www.havan.com.br/mega-bloks-jogo-de-construcao-3-em-1-unicornio-monta-e-brilha-diversos/p
2026-09-21,havan,"Nacional (rede em quase todos os estados, sede SC) — não confirmado por CEP",,Brinquedos e Lazer,Brinquedos,Massinha,,Massinha de Modelar Play-Doh Caixa Registradora Hasbro,,766530,199.99,,,sim,https://www.havan.com.br/massinha-de-modelar-play-doh-caixa-registradora-hasbro-diversos/p
2026-09-21,havan,"Nacional (rede em quase todos os estados, sede SC) — não confirmado por CEP",,Brinquedos e Lazer,Brinquedos,Boneca,,Boneca Katlen Musical dos Rosa Novabrink,,766338,199.99,,,sim,https://www.havan.com.br/boneca-katlen-musical-dos-rosa-novabrink-diversos/p
2026-09-21,havan,"Nacional (rede em quase todos os estados, sede SC) — não confirmado por CEP",,Brinquedos e Lazer,Brinquedos,Boneca,,Boneca Emilly Vick Musical dos Rosa Novabrink,,766336,199.99,,,sim,https://www.havan.com.br/boneca-emilly-vick-musical-dos-rosa-novabrink-diversos/p
2026-09-21,havan,"Nacional (rede em quase todos os estados, sede SC) — não confirmado por CEP",,Brinquedos e Lazer,Brinquedos,Lego,,Lego Friends Cabana de Glamping Ao Ar Livre - 295 peças,,765758,199.99,,,sim,https://www.havan.com.br/lego-friends-cabana-de-glamping-ao-ar-livre-295-peas/p
2026-09-21,havan,"Nacional (rede em quase todos os estados, sede SC) — não confirmado por CEP",,Brinquedos e Lazer,Brinquedos,Conjunto,,Conjunto de Robô e Boneco Havan Toys - ST83595,,765032,199.99,,,sim,https://www.havan.com.br/conjunto-de-robo-e-boneco-havan-toys-st83595/p
2026-09-21,havan,"Nacional (rede em quase todos os estados, sede SC) — não confirmado por CEP",,Brinquedos e Lazer,Brinquedos,Boneca,,Boneca Barbie Malibu com Cachorrinho Mattel - JJV59,,763070,199.99,,,sim,https://www.havan.com.br/boneca-barbie-malibu-com-cachorrinho-mattel-jjv59/p
2026-09-21,havan,"Nacional (rede em quase todos os estados, sede SC) — não confirmado por CEP",,Brinquedos e Lazer,Brinquedos,Boneca,,Boneca Barbie Cria Bolhas de Verdade Mattel,,763019,199.99,,,sim,https://www.havan.com.br/boneca-barbie-cria-bolhas-de-verdade-mattel-diversos/p
2026-09-21,havan,"Nacional (rede em quase todos os estados, sede SC) — não confirmado por CEP",,Brinquedos e Lazer,Brinquedos,Kit,,Kit Construção 3 em 1 Carro Monte e Acelere Mega Blocks,,763014,199.99,,,sim,https://www.havan.com.br/kit-construcao-3-em-1-carro-monte-e-acelere-mega-blocks-diversos/p
2026-09-21,havan,"Nacional (rede em quase todos os estados, sede SC) — não confirmado por CEP",,Brinquedos e Lazer,Brinquedos,Kit,,Kit Jessie e Bala No Alvo Toy Story 5 Imaginext Mattel,,763010,199.99,,,sim,https://www.havan.com.br/kit-jessie-e-bala-no-alvo-toy-story-5-imaginext-mattel-diversos/p
2026-09-21,havan,"Nacional (rede em quase todos os estados, sede SC) — não confirmado por CEP",,Brinquedos e Lazer,Brinquedos,Carro,,Carro Miniatura em Metal Edição Especial Maisto - Sortido,,762706,199.99,,,sim,https://www.havan.com.br/carro-miniatura-em-metal-edicao-especial-maisto-sortido/p
2026-09-21,havan,"Nacional (rede em quase todos os estados, sede SC) — não confirmado por CEP",,Brinquedos e Lazer,Brinquedos,Carrinho,,Carrinho de Controle Remoto Alta Velocidade 5 Funções Havan Toys,,761428,199.99,,,sim,https://www.havan.com.br/carrinho-de-controle-remoto-alta-velocidade-5-funcoes-havan-toys-diversos/p
2026-09-21,havan,"Nacional (rede em quase todos os estados, sede SC) — não confirmado por CEP",,Brinquedos e Lazer,Brinquedos,Bicicleta,,Bicicleta de Equilíbrio Andador Infantil Sem Pedal Havan Baby - Rosa e Off White,,761164,199.99,,,sim,https://www.havan.com.br/bicicleta-de-equilibrio-andador-hbr0998-infantil-sem-pedal-havan-baby-rosa-e-off-white/p
2026-09-21,havan,"Nacional (rede em quase todos os estados, sede SC) — não confirmado por CEP",,Brinquedos e Lazer,Brinquedos,Rádio,,Rádio Comunicadores de Pulso Candide Spider Man Candide,,761028,199.99,,,sim,https://www.havan.com.br/radio-comunicadores-de-pulso-candide-spider-man-diversos/p
2026-09-21,havan,"Nacional (rede em quase todos os estados, sede SC) — não confirmado por CEP",,Brinquedos e Lazer,Brinquedos,Boneca,,Boneca Dreameez Deluxe Veterinária Funville,,761014,199.99,,,sim,https://www.havan.com.br/boneca-dreameez-deluxe-veterinaria-funville-diversos/p
2026-09-21,havan,"Nacional (rede em quase todos os estados, sede SC) — não confirmado por CEP",,Brinquedos e Lazer,Brinquedos,Box,,Box Pokémon Coleção Mega Zygarde Ex Copag,,760935,199.99,,,sim,https://www.havan.com.br/pokemon-box-colecao-mega-zygarde-ex-copag-diversos/p
2026-09-21,havan,"Nacional (rede em quase todos os estados, sede SC) — não confirmado por CEP",,Brinquedos e Lazer,Brinquedos,Boneco,,Boneco Disney Xerife Woody com Som Toyng - 51039,,760374,199.99,,,sim,https://www.havan.com.br/boneco-disney-woody-com-som-toyng-51039/p
2026-09-21,havan,"Nacional (rede em quase todos os estados, sede SC) — não confirmado por CEP",,Brinquedos e Lazer,Brinquedos,Boneca,,Boneca Baby Ley Menino Cotiplás,,759856,199.99,,,sim,https://www.havan.com.br/boneca-baby-ley-menino-diversos/p
2026-09-21,havan,"Nacional (rede em quase todos os estados, sede SC) — não confirmado por CEP",,Brinquedos e Lazer,Brinquedos,Caminhão,,Caminhão Betoneira Columbus Roma Brinquedos - Amarelo,,759827,199.99,,,sim,https://www.havan.com.br/caminhao-betoneira-columbus-roma-brinquedos-amarelo/p
2026-09-21,havan,"Nacional (rede em quase todos os estados, sede SC) — não confirmado por CEP",,Brinquedos e Lazer,Brinquedos,Boneca,,Boneca Baby Ley Menina Cotiplás,,759532,199.99,,,sim,https://www.havan.com.br/boneca-baby-ley-menina-diversos/p
2026-09-21,havan,"Nacional (rede em quase todos os estados, sede SC) — não confirmado por CEP",,Brinquedos e Lazer,Brinquedos,Carrinho,,Carrinho Bate Bate de Controle Remoto Havan Toys - Sortido,,759237,199.99,,,sim,https://www.havan.com.br/carrinho-bate-bate-de-controle-remoto-havan-toys-sortido/p
2026-09-21,havan,"Nacional (rede em quase todos os estados, sede SC) — não confirmado por CEP",,Brinquedos e Lazer,Brinquedos,Massinha,,Massinha Play-Doh Donut Drop Shop Hasbro - G2308,,758826,199.99,,,sim,https://www.havan.com.br/massinha-play-doh-donut-drop-shop-hasbro-g2308/p
2026-09-21,havan,"Nacional (rede em quase todos os estados, sede SC) — não confirmado por CEP",,Brinquedos e Lazer,Brinquedos,Carrinho,,Carrinho com Controle Remoto 5 Funções Havan Toys - ST84067,,758448,199.99,,,sim,https://www.havan.com.br/carrinho-com-controle-remoto-5-funcoes-havan-toys-st84067/p
2026-09-21,havan,"Nacional (rede em quase todos os estados, sede SC) — não confirmado por CEP",,Brinquedos e Lazer,Brinquedos,Caminhão,,Caminhão de Bombeiro com Controle Remoto Havan Toys - ST83581,,758445,199.99,,,sim,https://www.havan.com.br/caminhao-de-bombeiro-com-controle-remoto-havan-toys-st83581/p
2026-09-21,havan,"Nacional (rede em quase todos os estados, sede SC) — não confirmado por CEP",,Brinquedos e Lazer,Brinquedos,Lego,,Lego Ninjago Luta de Meca com Dragão de Jay - 107 peças,,757908,199.99,,,sim,https://www.havan.com.br/lego-ninjago-luta-de-meca-com-dragao-de-jay-107-peas/p
2026-09-21,havan,"Nacional (rede em quase todos os estados, sede SC) — não confirmado por CEP",,Brinquedos e Lazer,Brinquedos,Super,,Super Mario Jogo Torre Instável Epoch - 7356,,757630,199.99,,,sim,https://www.havan.com.br/super-mario-jogo-torre-instavel-epoch-7356/p
2026-09-21,havan,"Nacional (rede em quase todos os estados, sede SC) — não confirmado por CEP",,Brinquedos e Lazer,Brinquedos,Super,,Super Mario Jogo Piranha Escape da Planta Spoch - 7357,,757628,199.99,,,sim,https://www.havan.com.br/super-mario-jogo-piranha-plant-scape-spoch-7357/p
2026-09-21,havan,"Nacional (rede em quase todos os estados, sede SC) — não confirmado por CEP",,Brinquedos e Lazer,Brinquedos,Geladeira,,Geladeira Mini Frost Tateti,,757029,199.99,,,sim,https://www.havan.com.br/mini-frost-tateti-geladeira-diversos/p
2026-09-21,havan,"Nacional (rede em quase todos os estados, sede SC) — não confirmado por CEP",,Brinquedos e Lazer,Brinquedos,Lego,,Lego Harry Potter Fuga da Rua dos Alfeneiros - 124 peças,,756023,199.99,,,sim,https://www.havan.com.br/lego-harry-potter-fuga-da-rua-dos-alfeneiros-124-peas/p
2026-09-21,havan,"Nacional (rede em quase todos os estados, sede SC) — não confirmado por CEP",,Brinquedos e Lazer,Brinquedos,Sylvanian,,Sylvanian Families Castelo Jardim da Infância Epoch - 5878,,755495,199.99,,,sim,https://www.havan.com.br/sylvanian-families-castelo-jardim-da-infancia-epoch-5878/p
2026-09-21,havan,"Nacional (rede em quase todos os estados, sede SC) — não confirmado por CEP",,Brinquedos e Lazer,Brinquedos,Ovo,,Ovo Smarshers Dino Vs Alliens Fun - Sortido,,755328,199.99,,,sim,https://www.havan.com.br/ovo-smarshers-dino-vs-alliens-fun-sortido/p
2026-09-21,havan,"Nacional (rede em quase todos os estados, sede SC) — não confirmado por CEP",,Brinquedos e Lazer,Brinquedos,Lego,,Lego Marvel Carro do Homem-Aranha X Wolverine Venom 134 Peças - 76336,,754193,199.99,,,sim,https://www.havan.com.br/lego-carro-do-homem-aranha-x-wolverine-venom-76336/p
2026-09-21,havan,"Nacional (rede em quase todos os estados, sede SC) — não confirmado por CEP",,Brinquedos e Lazer,Brinquedos,Lego,,Lego Minecraft Fazenda de Galinhas 233 Peças - 21585,,754182,199.99,,,sim,https://www.havan.com.br/lego-minecraft-fazenda-de-galinhas-21585/p
2026-09-21,havan,"Nacional (rede em quase todos os estados, sede SC) — não confirmado por CEP",,Brinquedos e Lazer,Brinquedos,Conjunto,,Conjunto Confeitaria Família Coelho Havan Toys - Sortido,,754122,199.99,,,sim,https://www.havan.com.br/conjunto-hbr1023-familia-coelho-sortido/p
2026-09-21,havan,"Nacional (rede em quase todos os estados, sede SC) — não confirmado por CEP",,Brinquedos e Lazer,Brinquedos,Conjunto,,Conjunto Quarto Família Coelho Havan Toys - Sortido,,754121,199.99,,,sim,https://www.havan.com.br/conjunto-quarto-familia-coelho-havan-toys-sortido/p
2026-09-21,havan,"Nacional (rede em quase todos os estados, sede SC) — não confirmado por CEP",,Brinquedos e Lazer,Brinquedos,Mini,,Mini Trave de Futebol Profissional Free Action Show de Gols,,754776,249.90,,,sim,https://www.havan.com.br/mini-trave-de-futebol-profissional-free-action-show-de-gols-diversos/p
2026-09-21,havan,"Nacional (rede em quase todos os estados, sede SC) — não confirmado por CEP",,Brinquedos e Lazer,Brinquedos,Patinete,,Patinete Infantil 3 Rodas com Led Princesas Disney,,746811,169.99,,,sim,https://www.havan.com.br/patinete-3-rodas-dis1560-com-led-princesas-diversos/p
2026-09-21,havan,"Nacional (rede em quase todos os estados, sede SC) — não confirmado por CEP",,Brinquedos e Lazer,Brinquedos,Andador,,Andador Triciclo Princesa - Usual Brinquedo - Haste para Empurrar,,766540,499.90,,,sim,https://www.havan.com.br/andador-triciclo-princesa-usual-brinquedo-haste-para-empurrar-diversos/p
2026-09-21,havan,"Nacional (rede em quase todos os estados, sede SC) — não confirmado por CEP",,Brinquedos e Lazer,Brinquedos,Arco,,Arco E Flecha Havan Toys - HBR0295,,704089,99.99,,,sim,https://www.havan.com.br/arco-e-flecha-havan-toys-hbr0295/p
2026-09-21,havan,"Nacional (rede em quase todos os estados, sede SC) — não confirmado por CEP",,Brinquedos e Lazer,Brinquedos,Balanço,,Balanço Infantil Bel,,766551,179.99,,,sim,https://www.havan.com.br/balanco-infantil-bel-diversos/p
2026-09-21,havan,"Nacional (rede em quase todos os estados, sede SC) — não confirmado por CEP",,Brinquedos e Lazer,Brinquedos,Basket,,Basket Ball Baby Solapa Mercotoys - 426,,251740,59.99,,,sim,https://www.havan.com.br/basket-ball-baby-solapa-mercotoys-426/p
2026-09-21,havan,"Nacional (rede em quase todos os estados, sede SC) — não confirmado por CEP",,Brinquedos e Lazer,Brinquedos,Bicicleta,,Bicicleta de Equilíbrio Andador Infantil Sem Pedal Havan Baby - Bege e Azul,,753312,199.99,,,sim,https://www.havan.com.br/bicicleta-havan-baby-de-equilibrio-andador-infantil-sem-pedal-bege-e-azul/p
2026-09-21,havan,"Nacional (rede em quase todos os estados, sede SC) — não confirmado por CEP",,Brinquedos e Lazer,Brinquedos,Bicicleta,,Bicicleta de Equilíbrio Andador Infantil Sem Pedal Havan Baby - Rosa,,672122,199.99,,,sim,https://www.havan.com.br/bicicleta-de-equilibrio-andador-infantil-sem-pedal-havan-toys-rosa/p
2026-09-21,havan,"Nacional (rede em quase todos os estados, sede SC) — não confirmado por CEP",,Brinquedos e Lazer,Brinquedos,Bicicleta,,Bicicleta de Equilíbrio Andador Infantil Sem Pedal Havan Baby - Verde,,747253,199.99,,,sim,https://www.havan.com.br/bicicleta-de-equilibrio-andador-infantil-sem-pedal-havan-baby-verde/p
2026-09-21,havan,"Nacional (rede em quase todos os estados, sede SC) — não confirmado por CEP",,Brinquedos e Lazer,Brinquedos,Bicicleta,,Bicicleta de Equilíbrio Infantil Balance Bike Maral,,760362,249.99,,,sim,https://www.havan.com.br/bicicleta-de-equilibrio-infantil-balance-bike-maral-diversos/p
2026-09-21,havan,"Nacional (rede em quase todos os estados, sede SC) — não confirmado por CEP",,Brinquedos e Lazer,Brinquedos,Bicicleta,,Bicicleta de Equilíbrio Infantil Balance Bike Rosa Maral,,760361,249.99,,,sim,https://www.havan.com.br/bicicleta-de-equilibrio-infantil-balance-bike-rosa-maral-diversos/p
2026-09-21,havan,"Nacional (rede em quase todos os estados, sede SC) — não confirmado por CEP",,Brinquedos e Lazer,Brinquedos,Bicicleta,,Bicicleta Infantil Aro 16 Joy Free Action - Azul,,649415,799.90,,,sim,https://www.havan.com.br/bicicleta-infantil-free-action-aro-16-joy-azul/p
2026-09-21,havan,"Nacional (rede em quase todos os estados, sede SC) — não confirmado por CEP",,Brinquedos e Lazer,Brinquedos,Bola,,Bola de Basquete N7 Havan Toys - Sortido,,643546,69.99,,,sim,https://www.havan.com.br/bola-de-basquete-n7-havan-toys-sortido/p
2026-09-21,havan,"Nacional (rede em quase todos os estados, sede SC) — não confirmado por CEP",,Brinquedos e Lazer,Brinquedos,Bola,,Bola de Basquete Scream Clássica N7 Havan Toys - Lanhua F2304,,187050,69.99,,,sim,https://www.havan.com.br/bola-de-basquete-scream-classica-n7-havan-toys-lanhua-f2304/p
2026-09-21,havan,"Nacional (rede em quase todos os estados, sede SC) — não confirmado por CEP",,Brinquedos e Lazer,Brinquedos,Bola,,Bola De Borracha Playground N°8 Havan Toys - Sortido,,336901,29.99,,,sim,https://www.havan.com.br/bola-de-borracha-para-praia-playground-n8-havan-sortido/p
2026-09-21,havan,"Nacional (rede em quase todos os estados, sede SC) — não confirmado por CEP",,Brinquedos e Lazer,Brinquedos,Bola,,Bola de Futebol Disney Toy Story Havan Toys - Buzz,,742837,49.99,,,sim,https://www.havan.com.br/bola-disney-dis1173-toy-story-buzz/p
2026-09-21,havan,"Nacional (rede em quase todos os estados, sede SC) — não confirmado por CEP",,Brinquedos e Lazer,Brinquedos,Bola,,Bola de futebol do Brasil com estampa nacional sortida,,757073,69.99,,,sim,https://www.havan.com.br/bola-de-futebol-do-brasil-havan-toys-sortido/p
2026-09-21,havan,"Nacional (rede em quase todos os estados, sede SC) — não confirmado por CEP",,Brinquedos e Lazer,Brinquedos,Bola,,Bola de Futebol Estrela Havan Toys - Sortido,,757075,69.99,,,sim,https://www.havan.com.br/bola-de-futebol-estrela-havan-sortido/p
2026-09-21,havan,"Nacional (rede em quase todos os estados, sede SC) — não confirmado por CEP",,Brinquedos e Lazer,Brinquedos,Bola,,Bola de Futebol Havan Toys - Sortido,,703201,69.99,,,sim,https://www.havan.com.br/bola-de-futebol-sortida-havan-toys-sortido/p
2026-09-21,havan,"Nacional (rede em quase todos os estados, sede SC) — não confirmado por CEP",,Brinquedos e Lazer,Brinquedos,Bola,,Bola de Futebol Havan Toys - Sortido,,703672,69.99,,,sim,https://www.havan.com.br/bola-de-futebol-scream-havan-toys-sortido/p
2026-09-21,havan,"Nacional (rede em quase todos os estados, sede SC) — não confirmado por CEP",,Brinquedos e Lazer,Brinquedos,Bola,,Bola De Futebol Infantil Homem-Aranha - Disney,,711364,49.99,,,sim,https://www.havan.com.br/bola-de-futebol-infantil-homem-aranha-disney/p
2026-09-21,havan,"Nacional (rede em quase todos os estados, sede SC) — não confirmado por CEP",,Brinquedos e Lazer,Brinquedos,Bola,,Bola de Futebol Infantil Mickey - Disney,,712357,49.99,,,sim,https://www.havan.com.br/bola-de-futebol-infantil-mickey-disney/p
2026-09-21,havan,"Nacional (rede em quase todos os estados, sede SC) — não confirmado por CEP",,Brinquedos e Lazer,Brinquedos,Bola,,Bola de Futebol Infantil Princesas - Disney,,711367,49.99,,,sim,https://www.havan.com.br/bola-de-futebol-infantil-princesas-disney/p
2026-09-21,havan,"Nacional (rede em quase todos os estados, sede SC) — não confirmado por CEP",,Brinquedos e Lazer,Brinquedos,Bola,,Bola De Futebol Infantil Stitch - Disney,,711361,49.99,,,sim,https://www.havan.com.br/bola-de-futebol-infantil-stitch-disney/p
2026-09-21,havan,"Nacional (rede em quase todos os estados, sede SC) — não confirmado por CEP",,Brinquedos e Lazer,Brinquedos,Bola,,Bola De Futebol Infantil Vingadores Havan Toys - DIS0374,,719902,49.99,,,sim,https://www.havan.com.br/bola-de-futebol-infantil-vingadores-havan-toys-dis0374/p
2026-09-21,havan,"Nacional (rede em quase todos os estados, sede SC) — não confirmado por CEP",,Brinquedos e Lazer,Brinquedos,Bola,,Bola de Futebol N°5 Seleções Havan Toys - Sortido,,757074,69.99,,,sim,https://www.havan.com.br/bola-de-futebol-n5-selecoes-havan-sortido/p
2026-09-21,havan,"Nacional (rede em quase todos os estados, sede SC) — não confirmado por CEP",,Brinquedos e Lazer,Brinquedos,Bola,,Bola de Futebol Scream N5 Havan Toys - Sortido,,596460,69.99,,,sim,https://www.havan.com.br/bola-de-futebol-scream-n5-havan-toys-sortido/p
2026-09-21,havan,"Nacional (rede em quase todos os estados, sede SC) — não confirmado por CEP",,Brinquedos e Lazer,Brinquedos,Bola,,Bola de Futebol Toy Story Woody Havan Toys,,759953,49.99,,,sim,https://www.havan.com.br/bola-dis1785-toy-story-woody-diversos/p
2026-09-21,havan,"Nacional (rede em quase todos os estados, sede SC) — não confirmado por CEP",,Brinquedos e Lazer,Brinquedos,Bola,,Bola de Praia Colorida 40Cm Master Beach,,749614,9.99,,,sim,https://www.havan.com.br/bola-de-praia-colorida-40cm-master-beach-diversos/p
2026-09-21,havan,"Nacional (rede em quase todos os estados, sede SC) — não confirmado por CEP",,Brinquedos e Lazer,Brinquedos,Bola,,Bola de Vôlei Havan Toys - Sortido,,748812,69.99,,,sim,https://www.havan.com.br/bola-de-volei-havan-toys-sortido/p
2026-09-21,havan,"Nacional (rede em quase todos os estados, sede SC) — não confirmado por CEP",,Brinquedos e Lazer,Brinquedos,Bola,,Bola de Vôlei Scream Havan Toys - Sortido,,659317,69.99,,,sim,https://www.havan.com.br/bola-de-volei-scream-havan-toys-sortido/p
2026-09-21,havan,"Nacional (rede em quase todos os estados, sede SC) — não confirmado por CEP",,Brinquedos e Lazer,Brinquedos,Bola,,Bola De Vôlei Stitch E Angel - DIS0372,,709906,49.99,,,sim,https://www.havan.com.br/bola-de-volei-stitch-dis0372/p
2026-09-21,havan,"Nacional (rede em quase todos os estados, sede SC) — não confirmado por CEP",,Brinquedos e Lazer,Brinquedos,Bola,,Bola Flutuante Flateball Havan Toys - HBR0029,,243817,49.99,,,sim,https://www.havan.com.br/jogo-de-bola-flutuante-flateball-havan-toys-hbr0029/p
2026-09-21,havan,"Nacional (rede em quase todos os estados, sede SC) — não confirmado por CEP",,Brinquedos e Lazer,Brinquedos,Brinquedo,,Brinquedo Cesta De Basquete Vingadores Havan Toys - HBR0610,,653968,89.99,,,sim,https://www.havan.com.br/brinquedo-cesta-de-basquete-vingadores-havan-toys-hbr0610/p
2026-09-21,havan,"Nacional (rede em quase todos os estados, sede SC) — não confirmado por CEP",,Brinquedos e Lazer,Brinquedos,Carrinho,,Carrinho Andador Interativo Ketokinha Dog Menino Kendy - Azul,,758743,99.99,,,sim,https://www.havan.com.br/carrinho-andador-interativo-ketokinha-dog-menino-kendy-azul/p
2026-09-21,havan,"Nacional (rede em quase todos os estados, sede SC) — não confirmado por CEP",,Brinquedos e Lazer,Brinquedos,Carrinho,,Carrinho Andador Interativo Ketokinha Princesa - Rosa e Amarelo,,757071,99.99,,,sim,https://www.havan.com.br/carrinho-andador-interativo-ketokinha-princesa-rosa-e-amarelo/p
2026-09-21,havan,"Nacional (rede em quase todos os estados, sede SC) — não confirmado por CEP",,Brinquedos e Lazer,Brinquedos,Carrinho,,Carrinho De Passeio Com Pedal Diipi Savannah Calesita - Verde,,685497,999.90,,,sim,https://www.havan.com.br/carrinho-de-passeio-com-pedal-diipi-savannah-calesita-verde/p
2026-09-21,havan,"Nacional (rede em quase todos os estados, sede SC) — não confirmado por CEP",,Brinquedos e Lazer,Brinquedos,Carrinho,,Carrinho De Passeio E Pedal Infantil Fouks Calesita - Branco,,682833,799.90,,,sim,https://www.havan.com.br/carrinho-de-passeio-e-pedal-infantil-fouks-calesita-branco/p
2026-09-21,havan,"Nacional (rede em quase todos os estados, sede SC) — não confirmado por CEP",,Brinquedos e Lazer,Brinquedos,Carro,,Carro Calesita Diipi Rosa Passeio E Pedal - 1028,,376234,899.90,,,sim,https://www.havan.com.br/carro-calesita-diipi-rosa-passeio-e-pedal-1028/p
2026-09-21,havan,"Nacional (rede em quase todos os estados, sede SC) — não confirmado por CEP",,Brinquedos e Lazer,Brinquedos,Carro,,Carro Passeio E Pedal Azul Fouks Calesita - 998,,666989,699.90,,,sim,https://www.havan.com.br/carro-passeio-e-pedal-fouks-calesita-998/p
2026-09-21,havan,"Nacional (rede em quase todos os estados, sede SC) — não confirmado por CEP",,Brinquedos e Lazer,Brinquedos,Jogo,,Jogo Clue Grab And Go - F8251,,686151,39.99,,,sim,https://www.havan.com.br/jogo-clue-grab-and-go-f8251/p
2026-09-21,havan,"Nacional (rede em quase todos os estados, sede SC) — não confirmado por CEP",,Brinquedos e Lazer,Brinquedos,Jogo,,Jogo De Basquete De Mesa Havan Toys - HBR0483,,648652,69.99,,,sim,https://www.havan.com.br/jogo-de-basquete-de-mesa-havan-toys-hbr0483/p
2026-09-21,havan,"Nacional (rede em quase todos os estados, sede SC) — não confirmado por CEP",,Brinquedos e Lazer,Brinquedos,Jogo,,Jogo De Taco Bastão E Bola Sonic Líder Brinquedos - 3556,,665482,74.99,,,sim,https://www.havan.com.br/jogo-de-taco-bastao-e-bola-sonic-3556/p
2026-09-21,havan,"Nacional (rede em quase todos os estados, sede SC) — não confirmado por CEP",,Brinquedos e Lazer,Brinquedos,Jogo,,Jogo Futebol De Mesa Havan Toys - HBR0808,,700930,129.99,,,sim,https://www.havan.com.br/jogo-futebol-de-mesa-havan-toys-hbr0808/p
2026-09-21,havan,"Nacional (rede em quase todos os estados, sede SC) — não confirmado por CEP",,Brinquedos e Lazer,Brinquedos,Kit,,Kit Basketball Go Play Multikids - Colorido,,219711,169.99,,,sim,https://www.havan.com.br/kit-basketball-go-play-multikids-br951-colorido/p
2026-09-21,havan,"Nacional (rede em quase todos os estados, sede SC) — não confirmado por CEP",,Brinquedos e Lazer,Brinquedos,Kit,,Kit Boxe Saco De Pancadas E Luvas Havan Toys - HBR0204,,571604,99.99,,,sim,https://www.havan.com.br/kit-boxe-saco-de-pancadas-e-luvas-havan-toys-hbr0204/p
2026-09-21,havan,"Nacional (rede em quase todos os estados, sede SC) — não confirmado por CEP",,Brinquedos e Lazer,Brinquedos,Kit,,Kit Proteção Radical Infantil com Capacete Bel Fix - Sortido,,772891,119.99,,,sim,https://www.havan.com.br/kit-protecao-radical-com-capacete-bel-fix-sortido/p
2026-09-21,havan,"Nacional (rede em quase todos os estados, sede SC) — não confirmado por CEP",,Brinquedos e Lazer,Brinquedos,Lambreta,,Lambreta Elétrica Infantil 6V Brinquedos Bandeirante - Turquesa,,664150,1099.90,,,sim,https://www.havan.com.br/lambreta-eletrica-infanil-6v-brinquedos-bandeirante-turquesa/p
2026-09-21,havan,"Nacional (rede em quase todos os estados, sede SC) — não confirmado por CEP",,Brinquedos e Lazer,Brinquedos,Meu,,Meu Primeiro Patinete Azul Laranja Brinquedos Bandeirante,,682626,249.99,,,sim,https://www.havan.com.br/meu-1-patinete-azul-laranja-brinquedos-bandeirante-diversos/p
2026-09-21,havan,"Nacional (rede em quase todos os estados, sede SC) — não confirmado por CEP",,Brinquedos e Lazer,Brinquedos,Lançador,,Lançador De Dardos Nerf N-Series Pinpoint Hasbro - F8622,,691140,279.99,,,sim,https://www.havan.com.br/lancador-de-dardos-nerf-n-series-pinpoint-hasbro-f8622/p
2026-09-21,havan,"Nacional (rede em quase todos os estados, sede SC) — não confirmado por CEP",,Brinquedos e Lazer,Brinquedos,Barraca,,Barraca Infantil Da Barbie Com 50 Bolinhas Fun - F00068,,287106,279.99,,,sim,https://www.havan.com.br/barraca-infantil-da-barbie-com-50-bolinhas-fun-f00068/p
2026-09-21,havan,"Nacional (rede em quase todos os estados, sede SC) — não confirmado por CEP",,Brinquedos e Lazer,Brinquedos,Lançador,,Lançador De Água Strike Guns Tubarão Havan Toys - HBR0711,,686001,259.99,,,sim,https://www.havan.com.br/lancador-de-agua-strike-guns-tubarao-havan-toys-hbr0711/p
2026-09-21,havan,"Nacional (rede em quase todos os estados, sede SC) — não confirmado por CEP",,Brinquedos e Lazer,Brinquedos,Máquina,,Máquina Pega Pelúcia Rosa Havan Toys - HBR0848,,719851,249.99,,,sim,https://www.havan.com.br/maquina-pega-pelucia-rosa-havan-toys-hbr0848/p
2026-09-21,havan,"Nacional (rede em quase todos os estados, sede SC) — não confirmado por CEP",,Brinquedos e Lazer,Brinquedos,Máquina,,Máquina Pega Pelúcia Amarelo Havan Toys - HBR0847,,700927,249.99,,,sim,https://www.havan.com.br/maquina-pega-pelucia-amarelo-havan-toys-hbr0847/p
2026-09-21,havan,"Nacional (rede em quase todos os estados, sede SC) — não confirmado por CEP",,Brinquedos e Lazer,Brinquedos,Lançador,,Lançador de Água Elétrico Strike Guns Havan Toys - HBR0902,,728617,199.99,,,sim,https://www.havan.com.br/lancador-de-agua-eletrico-strike-gun-havan-toys-hbr0902/p
2026-09-21,havan,"Nacional (rede em quase todos os estados, sede SC) — não confirmado por CEP",,Brinquedos e Lazer,Brinquedos,Lançador,,Lançador De Dardos Automático Com 36 Refis Havan Toys - ST78270,,715900,199.99,,,sim,https://www.havan.com.br/lancador-de-dardos-automatico-com-36-refis-havan-toys-st78270/p
2026-09-21,havan,"Nacional (rede em quase todos os estados, sede SC) — não confirmado por CEP",,Brinquedos e Lazer,Brinquedos,Lançador,,Lançador de Dardos Nerf Elite 2.0 Trailblazer Rd-8 Wild Edition,,770634,179.99,,,sim,https://www.havan.com.br/lancador-de-dardos-nerf-elite-2-0-trailblazer-rd-8-wild-edition-diversos/p
2026-09-21,havan,"Nacional (rede em quase todos os estados, sede SC) — não confirmado por CEP",,Brinquedos e Lazer,Brinquedos,Conjunto,,Conjunto Estação Tática Havan Toys - ST85138,,763829,179.99,,,sim,https://www.havan.com.br/conjunto-estacao-tatica-havan-toys-st85138/p
2026-09-21,havan,"Nacional (rede em quase todos os estados, sede SC) — não confirmado por CEP",,Brinquedos e Lazer,Brinquedos,Lançador,,Lançador De Água Nerf Super Soaker Mega Dunk-Fill Hasbro - G0999,,694146,179.99,,,sim,https://www.havan.com.br/lancador-de-agua-nerf-super-soaker-mega-dunk-fill-hasbro-g0999/p
2026-09-21,havan,"Nacional (rede em quase todos os estados, sede SC) — não confirmado por CEP",,Brinquedos e Lazer,Brinquedos,Lança,,Lança Água Nerf Super Soaker Dunk Fill Com 2 Lançadores Hasbro - G0995,,688728,179.99,,,sim,https://www.havan.com.br/lanca-agua-nerf-super-soaker-dunk-fill-com-2-lancadores-hasbro-g0995/p
2026-09-21,havan,"Nacional (rede em quase todos os estados, sede SC) — não confirmado por CEP",,Brinquedos e Lazer,Brinquedos,Balanço,,Balanço Stitch Xalingo - 1224.3,,678452,179.99,,,sim,https://www.havan.com.br/balanco-stitch-xalingo-12243/p
2026-09-21,havan,"Nacional (rede em quase todos os estados, sede SC) — não confirmado por CEP",,Brinquedos e Lazer,Brinquedos,Lançador,,Lançador De Dardos Nerf Elite 2.0 Eaglepoint Hasbro - F0424,,580480,179.99,,,sim,https://www.havan.com.br/lancador-de-dardos-nerf-elite-2-0-eaglepoint-hasbro-f0424/p
2026-09-21,havan,"Nacional (rede em quase todos os estados, sede SC) — não confirmado por CEP",,Brinquedos e Lazer,Brinquedos,Barraca,,Barraca Infantil Homem-Aranha Marvel - DIS0595,,719554,159.99,,,sim,https://www.havan.com.br/barraca-infantil-homem-aranha-marvel-dis0595/p
2026-09-21,havan,"Nacional (rede em quase todos os estados, sede SC) — não confirmado por CEP",,Brinquedos e Lazer,Brinquedos,Lançador,,Lançador De Água Elétrico E Manual Havan Toys - Sortido,,716869,159.99,,,sim,https://www.havan.com.br/lancador-de-agua-eletrico-e-manual-havan-toys-sortido/p
2026-09-21,havan,"Nacional (rede em quase todos os estados, sede SC) — não confirmado por CEP",,Brinquedos e Lazer,Brinquedos,Lançador,,Lançador De Dardos Automático Com 24 Refis Havan Toys - ST78272,,715906,159.99,,,sim,https://www.havan.com.br/lancador-de-dardos-automatico-com-24-refis-havan-toys-st78272/p
2026-09-21,havan,"Nacional (rede em quase todos os estados, sede SC) — não confirmado por CEP",,Brinquedos e Lazer,Brinquedos,Barraca,,Barraca Infantil Stitch Disney - DIS0507,,714184,159.99,,,sim,https://www.havan.com.br/barraca-infantil-stitch-disney-dis0507/p
2026-09-21,havan,"Nacional (rede em quase todos os estados, sede SC) — não confirmado por CEP",,Brinquedos e Lazer,Brinquedos,Chute,,Chute A Gol Líder - Sortido,,271774,159.99,,,sim,https://www.havan.com.br/chute-a-gol-lider-sortido/p
2026-09-21,havan,"Nacional (rede em quase todos os estados, sede SC) — não confirmado por CEP",,Brinquedos e Lazer,Brinquedos,Carrinho,,Carrinho de Mão Mestre de Obras Tilin - Amarelo,,188400,159.99,,,sim,https://www.havan.com.br/carrinho-de-m-o-mestre-de-obras-tilin-amarelo/p
2026-09-21,havan,"Nacional (rede em quase todos os estados, sede SC) — não confirmado por CEP",,Brinquedos e Lazer,Brinquedos,Carriola,,Carriola da Onda Tilin Brinquedos - Sortido,,174046,159.99,,,sim,https://www.havan.com.br/carriola-da-onda-tilin-sortido/p
2026-09-21,havan,"Nacional (rede em quase todos os estados, sede SC) — não confirmado por CEP",,Brinquedos e Lazer,Brinquedos,Pião,,Pião Beyblade X Hasbro - Sortido,,772557,149.99,,,sim,https://www.havan.com.br/piao-beyblade-x-sortido-hasbro-sortido/p
2026-09-21,havan,"Nacional (rede em quase todos os estados, sede SC) — não confirmado por CEP",,Brinquedos e Lazer,Brinquedos,Lançador,,Lançador de Dardos Nerf Elite 2.0 Face Off Kit com Alvo Hasbro - F8274,,771374,149.99,,,sim,https://www.havan.com.br/lancador-de-dardos-nerf-elite-2-0-face-off-kit-com-alvos-hasbro-f8274/p
2026-09-21,havan,"Nacional (rede em quase todos os estados, sede SC) — não confirmado por CEP",,Brinquedos e Lazer,Brinquedos,Bola,,Bola de Sentar Toy Story 5 Toyng - Sortido,,767332,149.99,,,sim,https://www.havan.com.br/bola-de-sentar-toy-story-5-toyng-sortido/p
2026-09-21,havan,"Nacional (rede em quase todos os estados, sede SC) — não confirmado por CEP",,Brinquedos e Lazer,Brinquedos,Piscina,,Piscina Infantil Inflável Hot Wheels 2 em 1 com 25 Bolinhas Fun - F0000-4,,765309,149.99,,,sim,https://www.havan.com.br/piscina-inflavel-hot-wheels-mattel-2-em-1-com-25-bolinhas-f0000-4/p
2026-09-21,havan,"Nacional (rede em quase todos os estados, sede SC) — não confirmado por CEP",,Brinquedos e Lazer,Brinquedos,Piscina,,Piscina Infantil Inflável Barbie 2 em 1 com 25 Bolinhas Fun - F0000-3,,765308,149.99,,,sim,https://www.havan.com.br/piscina-inflavel-barbie-mattel-2-em-1-com-25-bolinhas-f0000-3/p
2026-09-21,havan,"Nacional (rede em quase todos os estados, sede SC) — não confirmado por CEP",,Brinquedos e Lazer,Brinquedos,Bola,,Bola de Sentar Homem-Aranha Toyng,,765288,149.99,,,sim,https://www.havan.com.br/bola-de-sentar-homem-aranha-toyng-diversos/p
2026-09-21,havan,"Nacional (rede em quase todos os estados, sede SC) — não confirmado por CEP",,Brinquedos e Lazer,Brinquedos,Lançador,,Lançador de Dardos Manual 02 Peças com Alvos Havan Toys - ST84211,,763937,149.99,,,sim,https://www.havan.com.br/lancador-de-dardos-manual-02-pecas-com-alvos-havan-toys-st84211/p
2026-09-21,havan,"Nacional (rede em quase todos os estados, sede SC) — não confirmado por CEP",,Brinquedos e Lazer,Brinquedos,Lançador,,Lançador de Dardos Manual com Pente Havan Toys - ST84203,,761276,149.99,,,sim,https://www.havan.com.br/lancador-de-dardos-manual-com-pente-havan-toys-st84203/p
2026-09-21,havan,"Nacional (rede em quase todos os estados, sede SC) — não confirmado por CEP",,Brinquedos e Lazer,Brinquedos,Kit,,Kit de Ferramentas Infantil com Furadeira Havan Toys - ST82815,,758493,149.99,,,sim,https://www.havan.com.br/kit-de-ferramentas-infantil-com-furadeira-eletrica-havan-toys-st82815/p
2026-09-21,havan,"Nacional (rede em quase todos os estados, sede SC) — não confirmado por CEP",,Brinquedos e Lazer,Brinquedos,Lançador,,Lançador de Dardos Nerf N Series Jadestrike Hasbro - G3247,,748269,149.99,,,sim,https://www.havan.com.br/lancador-de-dardos-nerf-n-series-jadestrike-hasbro-g3247/p
2026-09-21,havan,"Nacional (rede em quase todos os estados, sede SC) — não confirmado por CEP",,Brinquedos e Lazer,Brinquedos,Lançador,,Lançador de Dardos Nerf N Series Cobaltfury Hasbro - G3245,,748169,149.99,,,sim,https://www.havan.com.br/lancador-de-dardos-nerf-n-series-cobaltfury-hasbro-g3245/p
2026-09-21,havan,"Nacional (rede em quase todos os estados, sede SC) — não confirmado por CEP",,Brinquedos e Lazer,Brinquedos,Lançador,,Lançador Espingarda Com 10 Refis Havan Toys - ST78258,,715897,149.99,,,sim,https://www.havan.com.br/lancador-espingarda-com-10-refis-havan-toys-st78258/p
2026-09-21,havan,"Nacional (rede em quase todos os estados, sede SC) — não confirmado por CEP",,Brinquedos e Lazer,Brinquedos,Lançador,,Lançador De Dardos Double Impact Nerf N Series Hasbro - G0880,,704587,149.99,,,sim,https://www.havan.com.br/lancador-de-dardos-double-impact-nerf-n-series-hasbro-g0880/p
2026-09-21,havan,"Nacional (rede em quase todos os estados, sede SC) — não confirmado por CEP",,Brinquedos e Lazer,Brinquedos,Lançador,,Lançador De Dardos Com Tambor Branco Havan Toys - HBR0784,,679542,149.99,,,sim,https://www.havan.com.br/lancador-de-dardos-com-tambor-branco-havan-toys-hbr0784/p
2026-09-21,havan,"Nacional (rede em quase todos os estados, sede SC) — não confirmado por CEP",,Brinquedos e Lazer,Brinquedos,Lançador,,Lançador Com 12 Dardos Tambor Verde Havan Toys - HBR0783,,674255,149.99,,,sim,https://www.havan.com.br/lancador-com-12-dardos-tambor-verde-havan-toys-hbr0783/p
2026-09-21,havan,"Nacional (rede em quase todos os estados, sede SC) — não confirmado por CEP",,Brinquedos e Lazer,Brinquedos,Conjunto,,Conjunto 2 Lançadores E Alvos Branco Havan Toys - HBR0306,,622466,149.99,,,sim,https://www.havan.com.br/conjunto-2-lancadores-e-alvos-branco-havan-toys-hbr0306/p
2026-09-21,havan,"Nacional (rede em quase todos os estados, sede SC) — não confirmado por CEP",,Brinquedos e Lazer,Brinquedos,Cesta,,Cesta De Basquete Nba Elka Kz - 1260,,689919,139.99,,,sim,https://www.havan.com.br/cesta-de-basquete-nba-elka-1260/p
2026-09-21,havan,"Nacional (rede em quase todos os estados, sede SC) — não confirmado por CEP",,Brinquedos e Lazer,Brinquedos,Mochila,,Mochila Carrinho de Médica Infantil Havan Toys - Rosa,,771686,129.99,,,sim,https://www.havan.com.br/mochila-carrinho-de-medica-infantil-havan-toys-rosa/p
2026-09-21,havan,"Nacional (rede em quase todos os estados, sede SC) — não confirmado por CEP",,Brinquedos e Lazer,Brinquedos,Brinquedo,,Brinquedo Motosserra Elétrica Infantil Havan Toys - ST82814,,758491,129.99,,,sim,https://www.havan.com.br/brinquedo-motosserra-eletrica-infantil-havan-toys-st82814/p
2026-09-21,havan,"Nacional (rede em quase todos os estados, sede SC) — não confirmado por CEP",,Brinquedos e Lazer,Brinquedos,Lançador,,Lançador de Dardos Loadout Shadowspeed Recon Nerf Hasbro - G1760,,753822,129.99,,,sim,https://www.havan.com.br/lancador-de-dardos-loadout-shadowspeed-recon-nerf-hasbro-g1760/p
2026-09-21,havan,"Nacional (rede em quase todos os estados, sede SC) — não confirmado por CEP",,Brinquedos e Lazer,Brinquedos,Barraca,,Barraca Mágica Infantil Castelo Havan Toys - HBR0919,,715993,129.99,,,sim,https://www.havan.com.br/barraca-magica-infantil-castelo-havan-toys-hbr0919/p
2026-09-21,havan,"Nacional (rede em quase todos os estados, sede SC) — não confirmado por CEP",,Brinquedos e Lazer,Brinquedos,Barraca,,Barraca Mágica Infantil Dinossauro Havan Toys - HBR0920,,715990,129.99,,,sim,https://www.havan.com.br/barraca-magica-infantil-dinossauro-havan-toys-hbr0920/p
2026-09-21,havan,"Nacional (rede em quase todos os estados, sede SC) — não confirmado por CEP",,Brinquedos e Lazer,Brinquedos,Lançador,,Lançador De Dardos Tambor Duplo Com 18 Refis Havan Toys - ST78274,,715909,129.99,,,sim,https://www.havan.com.br/lancador-de-dardos-tambor-duplo-com-18-refis-havan-toys-st78274/p
2026-09-21,havan,"Nacional (rede em quase todos os estados, sede SC) — não confirmado por CEP",,Brinquedos e Lazer,Brinquedos,Lançador,,Lançador de Dardos Espingarda Cano Duplo Havan Toys - ST78261,,715894,129.99,,,sim,https://www.havan.com.br/espingarda-cano-duplo-havan-toys-st78261/p
2026-09-21,havan,"Nacional (rede em quase todos os estados, sede SC) — não confirmado por CEP",,Brinquedos e Lazer,Brinquedos,Barraca,,Barraca Infantil De Dinossauro Samba Toys - 423888,,687093,129.99,,,sim,https://www.havan.com.br/barraca-dinossauro-samba-toys-423888-423888/p
2026-09-21,havan,"Nacional (rede em quase todos os estados, sede SC) — não confirmado por CEP",,Brinquedos e Lazer,Brinquedos,Lançador,,Lançador De Dardos Nerf Series Agility Hasbro - F8630,,686118,129.99,,,sim,https://www.havan.com.br/lancador-de-dardos-nerf-series-agility-hasbro-f8630/p
2026-09-21,havan,"Nacional (rede em quase todos os estados, sede SC) — não confirmado por CEP",,Brinquedos e Lazer,Brinquedos,Lança,,Lança Água Nerf Soa Flip Fill Hasbro - F8643,,678206,129.99,,,sim,https://www.havan.com.br/lanca-agua-nerf-soa-flip-fill-hasbro-f8643/p
2026-09-21,havan,"Nacional (rede em quase todos os estados, sede SC) — não confirmado por CEP",,Brinquedos e Lazer,Brinquedos,Arco,,Arco E Dardos Elka - 463,,677597,129.99,,,sim,https://www.havan.com.br/arco-e-dardos-elka-463/p
2026-09-21,havan,"Nacional (rede em quase todos os estados, sede SC) — não confirmado por CEP",,Brinquedos e Lazer,Brinquedos,Barraca,,Barraca Mágica Infantil Dino Park Havan Toys - HBR0459,,618581,129.99,,,sim,https://www.havan.com.br/barraca-dinossauro-sem-bolinhas-havan-toys-hbr0459/p
2026-09-21,havan,"Nacional (rede em quase todos os estados, sede SC) — não confirmado por CEP",,Brinquedos e Lazer,Brinquedos,Barraca,,Barraca Mágica Infantil Espacial Havan Toys - HBR0458,,618422,129.99,,,sim,https://www.havan.com.br/barraca-espacial-sem-bolinhas-havan-toys-hbr0458/p
2026-09-21,havan,"Nacional (rede em quase todos os estados, sede SC) — não confirmado por CEP",,Brinquedos e Lazer,Brinquedos,Jogo,,Jogo de Dominó com 28 Peças Havan Toys - HBR0977,,742870,59.99,,,sim,https://www.havan.com.br/jogo-de-domino-hbr0977-com-28-pecas-hbr0977/p
2026-09-21,havan,"Nacional (rede em quase todos os estados, sede SC) — não confirmado por CEP",,Brinquedos e Lazer,Brinquedos,Pokémon,,Pokémon Deck Batalha De Liga Dragapult Copag - 35245,,707755,149.99,,,sim,https://www.havan.com.br/pokemon-deck-batalha-de-liga-dragapult-copag-35245/p
2026-09-21,havan,"Nacional (rede em quase todos os estados, sede SC) — não confirmado por CEP",,Brinquedos e Lazer,Brinquedos,Alfabeto,,Alfabeto do Crocodilo - Brinquedos Babebi,,720430,79.99,,,sim,https://www.havan.com.br/alfabeto-do-crocodilo-brinquedos-babebi/p
2026-09-21,havan,"Nacional (rede em quase todos os estados, sede SC) — não confirmado por CEP",,Brinquedos e Lazer,Brinquedos,Alfabeto,,Alfabeto Ilustrado Escreva E Apague - Brinquedos Babebi,,721429,59.99,,,sim,https://www.havan.com.br/alfabeto-ilustrado-escreva-e-apague-brinquedos-babebi/p
2026-09-21,havan,"Nacional (rede em quase todos os estados, sede SC) — não confirmado por CEP",,Brinquedos e Lazer,Brinquedos,Animais,,Animais Selvagens Pintura Tigre Havan Toys - HBR0696,,674369,39.99,,,sim,https://www.havan.com.br/animais-selvagens-pintura-tigre-havan-toys-hbr0696/p
2026-09-21,havan,"Nacional (rede em quase todos os estados, sede SC) — não confirmado por CEP",,Brinquedos e Lazer,Brinquedos,Areia,,Areia Mágica 200G Acrilex - Sortido,,269078,19.99,,,sim,https://www.havan.com.br/areia-magica-200g-acrilex-sortido/p
2026-09-21,havan,"Nacional (rede em quase todos os estados, sede SC) — não confirmado por CEP",,Brinquedos e Lazer,Brinquedos,Arremesse,,Arremesse e Pegue a Bola Barbie Fun - F0244-7,,760961,69.99,,,sim,https://www.havan.com.br/arremesse-e-pegue-a-bola-barbie-fun-f0244-7/p
2026-09-21,havan,"Nacional (rede em quase todos os estados, sede SC) — não confirmado por CEP",,Brinquedos e Lazer,Brinquedos,Arts,,Arts Kit Desenho Moana 2 Elka,,676922,69.99,,,sim,https://www.havan.com.br/arts-kit-desenho-moana-2-elka-diversos/p
2026-09-21,havan,"Nacional (rede em quase todos os estados, sede SC) — não confirmado por CEP",,Brinquedos e Lazer,Brinquedos,Arts,,Arts Kit Desenho Patrulha Canina Elka - 1272,,671585,69.99,,,sim,https://www.havan.com.br/arts-kit-desenho-patrulha-canina-elka-1272/p
2026-09-21,havan,"Nacional (rede em quase todos os estados, sede SC) — não confirmado por CEP",,Brinquedos e Lazer,Brinquedos,Arts,,Arts Kit Pintura Chase Elka,,676466,99.99,,,sim,https://www.havan.com.br/arts-kit-pintura-chase-elka-diversos/p
2026-09-21,havan,"Nacional (rede em quase todos os estados, sede SC) — não confirmado por CEP",,Brinquedos e Lazer,Brinquedos,Arts,,Arts Kit Pintura Emilly Vick dos Rosa Elka,,750203,89.99,,,sim,https://www.havan.com.br/arts-kit-pintura-emilly-vick-dos-rosa-elka-diversos/p
2026-09-21,havan,"Nacional (rede em quase todos os estados, sede SC) — não confirmado por CEP",,Brinquedos e Lazer,Brinquedos,Arts,,Arts Kit Pintura Homem-Aranha Elka - 1351,,767636,109.99,,,sim,https://www.havan.com.br/arts-kit-pintura-homem-aranha-elka-1351/p
2026-09-21,havan,"Nacional (rede em quase todos os estados, sede SC) — não confirmado por CEP",,Brinquedos e Lazer,Brinquedos,Arts,,Arts Kit Pintura Katlen dos Rosa Elka,,750202,89.99,,,sim,https://www.havan.com.br/arts-kit-pintura-katlen-dos-rosa-elka-diversos/p
2026-09-21,havan,"Nacional (rede em quase todos os estados, sede SC) — não confirmado por CEP",,Brinquedos e Lazer,Brinquedos,Balde,,Balde de Brinquedo Infantil Didático Fribacx - RB27,,766884,34.99,,,sim,https://www.havan.com.br/balde-de-brinquedo-infantil-didatico-fribacx-rb27/p
2026-09-21,havan,"Nacional (rede em quase todos os estados, sede SC) — não confirmado por CEP",,Brinquedos e Lazer,Brinquedos,Balde,,Balde de Praia Palácio Encantado Fibracx - Sortido,,770441,34.99,,,sim,https://www.havan.com.br/balde-de-praia-palacio-encantado-fibracx-sortido/p
2026-09-21,havan,"Nacional (rede em quase todos os estados, sede SC) — não confirmado por CEP",,Brinquedos e Lazer,Brinquedos,Balões,,Balões De Água Nerf Better Than Balloons Hasbro - F8255,,671459,19.99,,,sim,https://www.havan.com.br/baloes-de-agua-nerf-better-than-balloons-hasbro-f8255/p
2026-09-21,havan,"Nacional (rede em quase todos os estados, sede SC) — não confirmado por CEP",,Brinquedos e Lazer,Brinquedos,Banco,,Banco Imobiliário Estrela - Realidade Aumentada,,650012,149.99,,,sim,https://www.havan.com.br/banco-imobiliario-realidade-aumentada-realidade-aumentada/p
2026-09-21,havan,"Nacional (rede em quase todos os estados, sede SC) — não confirmado por CEP",,Brinquedos e Lazer,Brinquedos,Barbie,,Barbie Doutora Kit Médica 9 Peças Fun - F0057-9,,596160,49.99,,,sim,https://www.havan.com.br/barbie-doutora-kit-medica-9-pecas-fun-f0057-9/p
2026-09-21,havan,"Nacional (rede em quase todos os estados, sede SC) — não confirmado por CEP",,Brinquedos e Lazer,Brinquedos,Barco,,Barco Iate Club Judy Sambatoys - 0470,,688098,79.99,,,sim,https://www.havan.com.br/barco-iate-club-judy-sambatoys-0470/p
2026-09-21,havan,"Nacional (rede em quase todos os estados, sede SC) — não confirmado por CEP",,Brinquedos e Lazer,Brinquedos,Barco,,Barco Patrulha Naval Polícia Sambatoys - 0471,,689208,79.99,,,sim,https://www.havan.com.br/barco-patrulha-naval-policia-sambatoys-0471/p
2026-09-21,havan,"Nacional (rede em quase todos os estados, sede SC) — não confirmado por CEP",,Brinquedos e Lazer,Brinquedos,Base,,Base de Construção para Blocos de Montar Max 25Cm X 25Cm Candide - Sortido,,761618,19.99,,,sim,https://www.havan.com.br/base-de-construcao-para-blocos-de-montar-max-25cm-x-25cm-candide-sortido/p
2026-09-21,havan,"Nacional (rede em quase todos os estados, sede SC) — não confirmado por CEP",,Brinquedos e Lazer,Brinquedos,Big,,"Big Balde Massinha De Modelar 1,5 Kg Acrilex - 40023",,270246,89.99,,,sim,https://www.havan.com.br/big-balde-massinha-de-modelar-1-5-kg-acrilex-40023/p
2026-09-21,havan,"Nacional (rede em quase todos os estados, sede SC) — não confirmado por CEP",,Brinquedos e Lazer,Brinquedos,Bingo,,Bingo Com 100 Cartelas Toia Brinquedos - Amarelo,,161707,69.99,,,sim,https://www.havan.com.br/bingo-com-100-cartelas-amarelo/p
2026-09-21,havan,"Nacional (rede em quase todos os estados, sede SC) — não confirmado por CEP",,Brinquedos e Lazer,Brinquedos,Blister,,Blister Quádruplo Pokémon Me05 Escuridão Absoluta,,765770,59.99,,,sim,https://www.havan.com.br/blister-quadruplo-pokemon-me05-escuridao-absoluta-inmetro-0081402021-diversos/p
2026-09-21,havan,"Nacional (rede em quase todos os estados, sede SC) — não confirmado por CEP",,Brinquedos e Lazer,Brinquedos,Blister,,Blister Triplo Pokémon Me05 Escuridão Absoluta Copag,,765772,49.99,,,sim,https://www.havan.com.br/blister-triplo-pokemon-me05-escuridao-absoluta-inmetro-0081402021-diversos/p
2026-09-21,havan,"Nacional (rede em quase todos os estados, sede SC) — não confirmado por CEP",,Brinquedos e Lazer,Brinquedos,Blister,,Blister Unitário Pokémon Escuridão Absoluta Copag - Sortido,,769098,14.99,,,sim,https://www.havan.com.br/blister-unitario-pokemon-escuridao-absoluta-copag-sortido/p
2026-09-21,havan,"Nacional (rede em quase todos os estados, sede SC) — não confirmado por CEP",,Brinquedos e Lazer,Brinquedos,Bloco,,Bloco De Metal Carro Vermelho Havan Toys - HBR0804,,693327,79.99,,,sim,https://www.havan.com.br/bloco-de-metal-carro-vermelho-havan-toys-hbr0804/p
2026-09-21,havan,"Nacional (rede em quase todos os estados, sede SC) — não confirmado por CEP",,Brinquedos e Lazer,Brinquedos,Bloco,,Bloco de Montar 1000 Peças Estação de Foguete Havan Toys - HBR0487,,688731,199.99,,,sim,https://www.havan.com.br/bloco-de-montar-1000pcs-estacao-de-foguete-havan-toys-hbr0487/p
2026-09-21,havan,"Nacional (rede em quase todos os estados, sede SC) — não confirmado por CEP",,Brinquedos e Lazer,Brinquedos,Bloco,,Bloco de Montar Bombeiros 340 Peças Dismat,,759525,169.99,,,sim,https://www.havan.com.br/bombeiros-blocos-dismat-340-pecas-diversos/p
2026-09-21,havan,"Nacional (rede em quase todos os estados, sede SC) — não confirmado por CEP",,Brinquedos e Lazer,Brinquedos,Bloco,,Bloco de Montar Fazendinha 370 Peças Dismat,,759523,189.99,,,sim,https://www.havan.com.br/fazendinha-370-pecas-diversos/p
2026-09-21,havan,"Nacional (rede em quase todos os estados, sede SC) — não confirmado por CEP",,Brinquedos e Lazer,Brinquedos,Bloco,,Bloco de Montar Garden 200 Peças Dismat,,759524,139.99,,,sim,https://www.havan.com.br/garden-blocos-dismat-200-pecas-diversos/p
2026-09-21,havan,"Nacional (rede em quase todos os estados, sede SC) — não confirmado por CEP",,Brinquedos e Lazer,Brinquedos,Bloco,,Bloco De Montar Super Carro 606 Pcs Havan Toys - HBR0486,,696490,229.99,,,sim,https://www.havan.com.br/bloco-de-montar-super-carro-606-pcs-havan-toys-hbr0486/p
2026-09-21,havan,"Nacional (rede em quase todos os estados, sede SC) — não confirmado por CEP",,Brinquedos e Lazer,Brinquedos,Blocolândia,,Blocolândia Cadeira Brincadeira Encantada Dismat - MK415,,601607,79.99,,,sim,https://www.havan.com.br/blocolandia-brincadeira-encantada-dismat-mk415/p
2026-09-21,havan,"Nacional (rede em quase todos os estados, sede SC) — não confirmado por CEP",,Brinquedos e Lazer,Brinquedos,Blocos,,Blocos De Construção Infantil 100 Peças Dismat - MK444,,671231,99.99,,,sim,https://www.havan.com.br/blocos-de-construcao-infantil-100-pecas-dismat-mk444/p
2026-09-21,havan,"Nacional (rede em quase todos os estados, sede SC) — não confirmado por CEP",,Brinquedos e Lazer,Brinquedos,Blocos,,Blocos De Construção Infantil 440 Peças Dismat - XK110,,671219,189.99,,,sim,https://www.havan.com.br/blocos-de-construcao-infantil-440-pecas-dismat-xk110/p
2026-09-21,havan,"Nacional (rede em quase todos os estados, sede SC) — não confirmado por CEP",,Brinquedos e Lazer,Brinquedos,Blocos,,Blocos De Metal Dinossauro T-Rex Havan Toys - HBR0802,,704374,59.99,,,sim,https://www.havan.com.br/bloco-de-metal-dinossauro-t-rex-havan-toys-hbr0802/p
2026-09-21,havan,"Nacional (rede em quase todos os estados, sede SC) — não confirmado por CEP",,Brinquedos e Lazer,Brinquedos,Blocos,,Blocos de Montar 6 em 1 Bombeiro 1000 Peças Havan Toys - HBR0985,,742861,199.99,,,sim,https://www.havan.com.br/blocos-de-montar-6-em-1-bombeiro-1000-pecas-havan-toys-hbr0985/p
2026-09-21,havan,"Nacional (rede em quase todos os estados, sede SC) — não confirmado por CEP",,Brinquedos e Lazer,Brinquedos,Blocos,,Blocos de Montar 6 em 1 Castelo 1000 Peças Havan Toys - HBR0987,,742849,199.99,,,sim,https://www.havan.com.br/blocos-de-montar-6-em-1-castelo-1000-pecas-havan-toys-hbr0987/p
2026-09-21,havan,"Nacional (rede em quase todos os estados, sede SC) — não confirmado por CEP",,Brinquedos e Lazer,Brinquedos,Blocos,,Blocos de Montar 6 em 1 Dinossauro 1000 Peças Havan Toys - HBR0986,,742858,199.99,,,sim,https://www.havan.com.br/blocos-de-montar-6-em-1-dinossauro-1000-pecas-havan-toys-hbr0986/p
2026-09-21,havan,"Nacional (rede em quase todos os estados, sede SC) — não confirmado por CEP",,Brinquedos e Lazer,Brinquedos,Blocos,,Blocos de Montar 6 em 1 Ônibus 1000 Peças Havan Toys - HBR0984,,742864,199.99,,,sim,https://www.havan.com.br/blocos-de-montar-6-em-1-onibus-1000-pecas-havan-toys-hbr0984/p
2026-09-21,havan,"Nacional (rede em quase todos os estados, sede SC) — não confirmado por CEP",,Brinquedos e Lazer,Brinquedos,Blocos,,Blocos De Montar 80 Peças Blocolândia Dismat - MK380,,287919,99.99,,,sim,https://www.havan.com.br/blocos-de-montar-80-pecas-blocolandia-dismat-mk380/p
2026-09-21,havan,"Nacional (rede em quase todos os estados, sede SC) — não confirmado por CEP",,Brinquedos e Lazer,Brinquedos,Blocos,,Blocos De Montar Blocolândia Pré Escola 15 Peças Dismat - MK390,,264178,19.99,,,sim,https://www.havan.com.br/blocolandia-pre-escola-15-pecas-dismat-mk390/p
2026-09-21,havan,"Nacional (rede em quase todos os estados, sede SC) — não confirmado por CEP",,Brinquedos e Lazer,Brinquedos,Blocos,,Blocos De Montar Blocolândia Sacola De Construção Dismat - MK449,,660465,229.99,,,sim,https://www.havan.com.br/blocos-de-montar-blocolandia-sacola-de-construcao-dismat-mk449/p
2026-09-21,havan,"Nacional (rede em quase todos os estados, sede SC) — não confirmado por CEP",,Brinquedos e Lazer,Brinquedos,Blocos,,Blocos De Montar Bombeiros Resgate De Incêncio 265 Peças Fire Station Candide - 25006,,668951,149.99,,,sim,https://www.havan.com.br/blocos-de-montar-bombeiros-resgate-de-incencio-265-pecas-fire-station-candide-25006/p
2026-09-21,havan,"Nacional (rede em quase todos os estados, sede SC) — não confirmado por CEP",,Brinquedos e Lazer,Brinquedos,Blocos,,Blocos De Montar Boxblok 22 Peças Dismat - MK165,,142669,49.99,,,sim,https://www.havan.com.br/blocos-de-montar-boxblok-22-pecas-dismat-mk165/p
2026-09-21,havan,"Nacional (rede em quase todos os estados, sede SC) — não confirmado por CEP",,Brinquedos e Lazer,Brinquedos,Blocos,,Blocos de Montar Casa Na Árvore 1000 Peças 6 em 1 Havan Toys - HBR0988,,742846,199.99,,,sim,https://www.havan.com.br/blocos-de-montar-casa-na-arvore-1000-pecas-6-em-1-havan-toys-hbr0988/p
2026-09-21,havan,"Nacional (rede em quase todos os estados, sede SC) — não confirmado por CEP",,Brinquedos e Lazer,Brinquedos,Blocos,,Blocos de Montar Construção de Metal Fórmula 1 Havan Toys,,769249,69.99,,,sim,https://www.havan.com.br/blocos-de-montar-construcao-de-metal-formula-1-havan-toys-diversos/p
2026-09-21,havan,"Nacional (rede em quase todos os estados, sede SC) — não confirmado por CEP",,Brinquedos e Lazer,Brinquedos,Blocos,,Blocos de Montar de Metal Trem Havan Toys - HBR0805,,693330,99.99,,,sim,https://www.havan.com.br/bloco-de-montar-de-metal-trem-havan-toys-hbr0805/p
2026-09-21,havan,"Nacional (rede em quase todos os estados, sede SC) — não confirmado por CEP",,Brinquedos e Lazer,Brinquedos,Moto,,Moto Elétrica Speed Gt 12V Brinquedos Bandeirante - 2923 - Vermelha,,668858,2299.90,,,sim,https://www.havan.com.br/moto-eletrica-speed-gt-12v-brinquedos-bandeirante-2923-vermelha/p
2026-09-21,havan,"Nacional (rede em quase todos os estados, sede SC) — não confirmado por CEP",,Brinquedos e Lazer,Brinquedos,Moto,,Moto Elétrica 12V Adventure Brinquedos Bandeirante - 2926 - Amarelo,,668870,1999.90,,,sim,https://www.havan.com.br/moto-eletrica-12v-adventure-brinquedos-bandeirante-2926-amarelo/p
2026-09-21,havan,"Nacional (rede em quase todos os estados, sede SC) — não confirmado por CEP",,Brinquedos e Lazer,Brinquedos,Scooter,,Scooter Sport (Amarela) Elétrica 12V- Brinquedos Bandeirante,,670079,1999.90,,,sim,https://www.havan.com.br/scooter-sport-amarela-eletrica-12v-brinquedos-bandeirante-diversos/p
2026-09-21,havan,"Nacional (rede em quase todos os estados, sede SC) — não confirmado por CEP",,Brinquedos e Lazer,Brinquedos,Moto,,Moto Cross Elétrica 6V Azul Brinquedos Bandeirante - 2961,,699931,1099.90,,,sim,https://www.havan.com.br/moto-cross-eleterica-6v-azul-brinquedos-bandeirante-2961/p
2026-09-21,havan,"Nacional (rede em quase todos os estados, sede SC) — não confirmado por CEP",,Brinquedos e Lazer,Brinquedos,Quadriciclo,,Quadriciclo Pedal E Passeio Diipi Rainbow Calesita - Rosa,,682836,999.90,,,sim,https://www.havan.com.br/diipi-rainbow-calesita-quadricliclo-guiar-e-pedalar-rosa/p
2026-09-21,havan,"Nacional (rede em quase todos os estados, sede SC) — não confirmado por CEP",,Brinquedos e Lazer,Brinquedos,Moto,,Moto Elétrica Infantil Homem-Aranha,,707851,999.90,,,sim,https://www.havan.com.br/moto-eletrica-infantil-spider-man-diversos/p
2026-09-21,havan,"Nacional (rede em quase todos os estados, sede SC) — não confirmado por CEP",,Brinquedos e Lazer,Brinquedos,Moto,,Moto Elétrica Infantil Scooter Mickey Disney - Vermelho,,750977,999.90,,,sim,https://www.havan.com.br/moto-eletrica-infantil-scooter-mickey-disney-vermelho/p
2026-09-21,havan,"Nacional (rede em quase todos os estados, sede SC) — não confirmado por CEP",,Brinquedos e Lazer,Brinquedos,Superjipe,,Superjipe Infantil Passeio e Pedal com Capota Bandeirante - 587,,762989,999.90,,,sim,https://www.havan.com.br/superjipe-infantil-passeio-e-pedal-com-capota-bandeirante-587/p
2026-09-21,havan,"Nacional (rede em quase todos os estados, sede SC) — não confirmado por CEP",,Brinquedos e Lazer,Brinquedos,Moto,,Moto Elétrica Lambreta Infantil Minnie Havan Toys,,754132,999.90,,,sim,https://www.havan.com.br/lambreta-dis1737-eletrica-diversos/p
2026-09-21,havan,"Nacional (rede em quase todos os estados, sede SC) — não confirmado por CEP",,Brinquedos e Lazer,Brinquedos,Quadriciclo,,Quadriciclo Elétrico 6V Brinquedos Bandeirante - 2668 - Vermelho,,668864,899.90,,,sim,https://www.havan.com.br/quadriciclo-eletrico-6v-brinquedos-bandeirante-2668-vermelho/p
2026-09-21,havan,"Nacional (rede em quase todos os estados, sede SC) — não confirmado por CEP",,Brinquedos e Lazer,Brinquedos,Quadriciclo,,Quadriciclo Elétrico 6V Rosa Brinquedos Bandeirante - 2669,,670076,899.90,,,sim,https://www.havan.com.br/quadriciclo-rosa-eletrico-6v-brinquedos-bandeirante-2669/p
2026-09-21,havan,"Nacional (rede em quase todos os estados, sede SC) — não confirmado por CEP",,Brinquedos e Lazer,Brinquedos,Lego,,Lego Minecraft Ataque Á Vila dos Evocadores - 607 peças,,765763,899.90,,,sim,https://www.havan.com.br/lego-minecraft-ataque-a-vila-dos-evocadores-607-peas/p
2026-09-21,havan,"Nacional (rede em quase todos os estados, sede SC) — não confirmado por CEP",,Brinquedos e Lazer,Brinquedos,Trator,,Trator Passeio & Pedal Brinquedos Bandeirante - Verde,,682914,799.90,,,sim,https://www.havan.com.br/trator-passeio-pedal-brinquedos-bandeirante-verde/p
2026-09-21,havan,"Nacional (rede em quase todos os estados, sede SC) — não confirmado por CEP",,Brinquedos e Lazer,Brinquedos,Carrinho,,Carrinho Fouks Rosa Calesita - 996,,689796,799.90,,,sim,https://www.havan.com.br/carrinho-fouks-rosa-calesita-996/p
2026-09-21,havan,"Nacional (rede em quase todos os estados, sede SC) — não confirmado por CEP",,Brinquedos e Lazer,Brinquedos,Casinha,,Casinha de Brinquedo Mi Casita Maral - Rosa,,746857,799.90,,,sim,https://www.havan.com.br/casinha-de-brinquedo-mi-casita-maral-rosa/p
2026-09-21,havan,"Nacional (rede em quase todos os estados, sede SC) — não confirmado por CEP",,Brinquedos e Lazer,Brinquedos,Pista,,Pista Lava-Rápido Mega Tubarão Hot Wheels City - HTN82,,666965,769.90,,,sim,https://www.havan.com.br/pista-lava-rapido-mega-tubarao-hot-wheels-city-htn82/p
2026-09-21,havan,"Nacional (rede em quase todos os estados, sede SC) — não confirmado por CEP",,Brinquedos e Lazer,Brinquedos,Quadriciclo,,Quadriciclo Carro Cross Up Passeio e Pedal Calesita - Rosa,,756885,699.90,,,sim,https://www.havan.com.br/quadriciclo-carro-cross-up-passeio-e-pedal-calesita-rosa/p
2026-09-21,havan,"Nacional (rede em quase todos os estados, sede SC) — não confirmado por CEP",,Brinquedos e Lazer,Brinquedos,Quadriciclo,,Quadriciclo Carro Cross Up Pedal e Passeio Calesita - Azul,,756887,699.90,,,sim,https://www.havan.com.br/quadriciclo-carro-cross-up-pedal-e-passeio-calesita-azul/p
2026-09-21,havan,"Nacional (rede em quase todos os estados, sede SC) — não confirmado por CEP",,Brinquedos e Lazer,Brinquedos,Triciclo,,Triciclo Elétrico Avespa 6V com Som e Luz - Verde,,768410,699.90,,,sim,https://www.havan.com.br/triciclo-eletrico-avespa-6v-com-som-e-luz-verde/p
2026-09-21,havan,"Nacional (rede em quase todos os estados, sede SC) — não confirmado por CEP",,Brinquedos e Lazer,Brinquedos,Quadriciclo,,Quadriciclo Carro Cross Up Homem-Aranha Pedal e Passeio Calesita - 1064,,766445,699.90,,,sim,https://www.havan.com.br/quadriciclo-carro-cross-up-spider-pedal-e-passeio-calesita-1064/p
2026-09-21,havan,"Nacional (rede em quase todos os estados, sede SC) — não confirmado por CEP",,Brinquedos e Lazer,Brinquedos,Lego,,Lego Barco Real de Casamento da Ariel Disney - 519 peças,,765759,679.90,,,sim,https://www.havan.com.br/lego-barco-real-de-casamento-da-ariel-disney-519-peas/p
2026-09-21,havan,"Nacional (rede em quase todos os estados, sede SC) — não confirmado por CEP",,Brinquedos e Lazer,Brinquedos,Pista,,Pista Hot Wheels Corrida Fórmula 1 Mattel - JDY16,,747246,639.90,,,sim,https://www.havan.com.br/pista-hot-wheels-grande-premio-f1-mattel-jdy16/p
2026-09-21,havan,"Nacional (rede em quase todos os estados, sede SC) — não confirmado por CEP",,Brinquedos e Lazer,Brinquedos,Lego,,Lego Minecraft Batalha do Wither - 494 Peças,,753132,629.90,,,sim,https://www.havan.com.br/lego-minecraft-batalha-do-wither-494-peas/p
2026-09-21,havan,"Nacional (rede em quase todos os estados, sede SC) — não confirmado por CEP",,Brinquedos e Lazer,Brinquedos,Quadriciclo,,Quadriciclo Infantil Menina Maral - 3111,,152197,599.90,,,sim,https://www.havan.com.br/quadriciclo-infantil-menina-maral-3111/p
2026-09-21,havan,"Nacional (rede em quase todos os estados, sede SC) — não confirmado por CEP",,Brinquedos e Lazer,Brinquedos,Torre,,Torre Sunny Patrulha Canina Central Comando - 1306,,221914,599.90,,,sim,https://www.havan.com.br/torre-patrulha-canina-central-comando-sunny-1306/p
2026-09-21,havan,"Nacional (rede em quase todos os estados, sede SC) — não confirmado por CEP",,Brinquedos e Lazer,Brinquedos,Quadriciclo,,Quadriciclo Pedal e Passeio Smart Quad Rosa Bandeirante - 1220,,651868,599.90,,,sim,https://www.havan.com.br/quadriciclo-pedal-e-passeio-smart-quad-rosa-bandeirante-1220/p
2026-09-21,havan,"Nacional (rede em quase todos os estados, sede SC) — não confirmado por CEP",,Brinquedos e Lazer,Brinquedos,Quadriciclo,,Quadriciclo Pedal E Passeio Azul Bandeirante - 1221,,647481,599.90,,,sim,https://www.havan.com.br/quadriciclo-passeio-e-pedal-bandeirante-1221/p
2026-09-21,havan,"Nacional (rede em quase todos os estados, sede SC) — não confirmado por CEP",,Brinquedos e Lazer,Brinquedos,Pista,,Pista Hot Wheels Choque Multi-Aéreo Mattel - JFD12,,717874,599.90,,,sim,https://www.havan.com.br/pista-hot-wheels-choque-multi-aereo-mattel-jfd12/p
2026-09-21,havan,"Nacional (rede em quase todos os estados, sede SC) — não confirmado por CEP",,Brinquedos e Lazer,Brinquedos,Patinete,,Patinete Led Pro Dobrável Preto Brinquedos Bandeirante,,759985,599.90,,,sim,https://www.havan.com.br/skatenet-led-pro-dobravel-preto-brinquedos-bandeirante-diversos/p
2026-09-21,havan,"Nacional (rede em quase todos os estados, sede SC) — não confirmado por CEP",,Brinquedos e Lazer,Brinquedos,Lego,,Lego City Bonde Praiano Clássico - 693 peças,,771216,599.90,,,sim,https://www.havan.com.br/lego-city-bonde-praiano-classico-693-peas/p
2026-09-21,havan,"Nacional (rede em quase todos os estados, sede SC) — não confirmado por CEP",,Brinquedos e Lazer,Brinquedos,Lego,,Lego Technic Carro Velozes e Furiosos Mitsubishi Eclipse - 827 peças,,765765,599.90,,,sim,https://www.havan.com.br/lego-technic-carro-velozes-e-furiosos-mitsubishi-eclipse-827-peas/p
2026-09-21,havan,"Nacional (rede em quase todos os estados, sede SC) — não confirmado por CEP",,Brinquedos e Lazer,Brinquedos,Pista,,Pista Hot Wheels de Acrobacias,,766842,599.90,,,sim,https://www.havan.com.br/hot-wheels-pistas-de-acrobacias-diversos/p
2026-09-21,havan,"Nacional (rede em quase todos os estados, sede SC) — não confirmado por CEP",,Brinquedos e Lazer,Brinquedos,Lego,,Lego Creator 3 em 1 Animais Selvagens Leão Majestoso - 839 peças,,765762,589.90,,,sim,https://www.havan.com.br/lego-creator-3-em-1-animais-selvagens-leao-majestoso-839-peas/p
2026-09-21,havan,"Nacional (rede em quase todos os estados, sede SC) — não confirmado por CEP",,Brinquedos e Lazer,Brinquedos,Lego,,Lego Minecraft Mini Biomas 797 Peças - 21589,,754180,579.90,,,sim,https://www.havan.com.br/lego-minecraft-mini-biomas-21589/p
2026-09-21,havan,"Nacional (rede em quase todos os estados, sede SC) — não confirmado por CEP",,Brinquedos e Lazer,Brinquedos,Máscara,,Máscara Value Avengers Hasbro - B0440,,771857,49.99,,,sim,https://www.havan.com.br/mascara-value-avengers-hasbro-b0440/p
2026-09-21,havan,"Nacional (rede em quase todos os estados, sede SC) — não confirmado por CEP",,Brinquedos e Lazer,Brinquedos,Boneco,,Boneco Elástico Stretchapalz Serie Urso Tie Dye Sunny - Sortido,,772548,89.99,,,sim,https://www.havan.com.br/boneco-elastico-stretchapalz-serie-urso-tie-dye-sunny-sortido/p
2026-09-21,havan,"Nacional (rede em quase todos os estados, sede SC) — não confirmado por CEP",,Brinquedos e Lazer,Brinquedos,Triciclo,,Triciclo Velobaby Joy com Capota Brinquedos Bandeirante,,759986,549.90,,,sim,https://www.havan.com.br/velobaby-joy-ccapota-passeio-pedal-brinquedos-bandeirante-diversos/p
2026-09-21,havan,"Nacional (rede em quase todos os estados, sede SC) — não confirmado por CEP",,Brinquedos e Lazer,Brinquedos,Boneca,,Boneca Festa Do Pijama Bella Pink Lego - 03675,,688914,499.90,,,sim,https://www.havan.com.br/boneca-festa-do-pijama-bella-pink-lego-03675/p
2026-09-21,havan,"Nacional (rede em quase todos os estados, sede SC) — não confirmado por CEP",,Brinquedos e Lazer,Brinquedos,Boneca,,Boneca Festa Do Pijama Violet Lego - 03705,,689214,499.90,,,sim,https://www.havan.com.br/boneca-festa-do-pijama-violet-lego-03705/p
2026-09-21,havan,"Nacional (rede em quase todos os estados, sede SC) — não confirmado por CEP",,Brinquedos e Lazer,Brinquedos,Boneca,,Boneca Festa Do Pijama Skyler Blue Lego - 30947,,689217,499.90,,,sim,https://www.havan.com.br/boneca-festa-do-pijama-skyler-blue-lego-30947/p
2026-09-21,havan,"Nacional (rede em quase todos os estados, sede SC) — não confirmado por CEP",,Brinquedos e Lazer,Brinquedos,Pista,,Pista Hot Wheels City Supertrailer de Dragão Mattel - JBM72,,763071,499.90,,,sim,https://www.havan.com.br/pista-hot-wheels-city-pista-supertrailer-de-dragao-mattel-jbm72/p
2026-09-21,havan,"Nacional (rede em quase todos os estados, sede SC) — não confirmado por CEP",,Brinquedos e Lazer,Brinquedos,Kit,,Kit Pista Hot Wheels Mega Garagem Mattel,,762779,499.90,,,sim,https://www.havan.com.br/kit-pista-hot-wheels-mega-garagem-mattel-diversos/p
2026-09-21,havan,"Nacional (rede em quase todos os estados, sede SC) — não confirmado por CEP",,Brinquedos e Lazer,Brinquedos,Casinha,,Casinha Pet House Pimpi Brinquedo Infantil com Acessórios Maral - 70010,,760090,499.90,,,sim,https://www.havan.com.br/casinha-pet-house-brinquedo-infantil-pimpi-com-acessorios-maral-70010/p
2026-09-21,havan,"Nacional (rede em quase todos os estados, sede SC) — não confirmado por CEP",,Brinquedos e Lazer,Brinquedos,Lego,,Lego Botânica Suculentas - 771 peças,,756623,499.90,,,sim,https://www.havan.com.br/lego-botanica-suculentas-771-peas/p
2026-09-21,havan,"Nacional (rede em quase todos os estados, sede SC) — não confirmado por CEP",,Brinquedos e Lazer,Brinquedos,Lego,,Lego Botânica Orquídea - 608 peças,,756642,499.90,,,sim,https://www.havan.com.br/lego-botanica-orquidea-608-peas/p
2026-09-21,havan,"Nacional (rede em quase todos os estados, sede SC) — não confirmado por CEP",,Brinquedos e Lazer,Brinquedos,Lego,,Lego Botânica Buquê de Girassóis - 686 peças,,756778,499.90,,,sim,https://www.havan.com.br/lego-botanica-buque-de-girassois-686-peas/p
2026-09-21,havan,"Nacional (rede em quase todos os estados, sede SC) — não confirmado por CEP",,Brinquedos e Lazer,Brinquedos,Patins,,Patins Twist 3 em 1 Ajustável 28 a 31 - Havan Toys,,770044,499.90,,,sim,https://www.havan.com.br/patins-hbr1040-3-x-1-para-meninas-havan-toys/p
2026-09-21,havan,"Nacional (rede em quase todos os estados, sede SC) — não confirmado por CEP",,Brinquedos e Lazer,Brinquedos,Lego,,Lego Friends Roda-Gigante de Doces e Cupcake - 602 peças,,765761,499.90,,,sim,https://www.havan.com.br/lego-friends-roda-gigante-de-doces-e-cupcake-602-peas/p
2026-09-21,havan,"Nacional (rede em quase todos os estados, sede SC) — não confirmado por CEP",,Brinquedos e Lazer,Brinquedos,Triciclo,,Triciclo Moto Rider Andador Homem-Aranha Usual Brinquedos - 997,,766539,499.90,,,sim,https://www.havan.com.br/andador-triciclo-spiderman-usual-brinquedo-haste-para-empurrar-997/p
2026-09-21,havan,"Nacional (rede em quase todos os estados, sede SC) — não confirmado por CEP",,Brinquedos e Lazer,Brinquedos,Lego,,Lego Botânica Plantinhas - 758 peças,,756667,479.90,,,sim,https://www.havan.com.br/lego-botanica-plantinhas-758-peas/p
2026-09-21,havan,"Nacional (rede em quase todos os estados, sede SC) — não confirmado por CEP",,Brinquedos e Lazer,Brinquedos,Lego,,Lego Botânica Poinsettia - 608 peças,,759224,479.90,,,sim,https://www.havan.com.br/lego-botanica-poinsettia-608-peas/p
2026-09-21,havan,"Nacional (rede em quase todos os estados, sede SC) — não confirmado por CEP",,Brinquedos e Lazer,Brinquedos,Cozinha,,Cozinha Infantil Bella Tateti - 1307,,647428,449.90,,,sim,https://www.havan.com.br/cozinha-infantil-bella-tateti-1307/p
2026-09-21,havan,"Nacional (rede em quase todos os estados, sede SC) — não confirmado por CEP",,Brinquedos e Lazer,Brinquedos,Skatenet,,Skatenet Max Led Ajustável Pink Brinquedos Bandeirante - 1591,,683523,449.90,,,sim,https://www.havan.com.br/skatenet-max-led-ajustavel-pink-brinquedos-bandeirante-1591/p
2026-09-21,havan,"Nacional (rede em quase todos os estados, sede SC) — não confirmado por CEP",,Brinquedos e Lazer,Brinquedos,Patinete,,Patinete Infantil 3 Rodas Max Led Ajustável Black Brinquedos Bandeirante,,762155,449.90,,,sim,https://www.havan.com.br/skatenet-max-led-ajustavel-black-brinquedos-bandeirante-diversos/p
2026-09-21,havan,"Nacional (rede em quase todos os estados, sede SC) — não confirmado por CEP",,Brinquedos e Lazer,Brinquedos,Triciclo,,Triciclo Passeio e Pedal Ciclito Classic com Capota Calesita - Bege,,771600,449.90,,,sim,https://www.havan.com.br/triciclo-passeio-e-pedal-ciclito-classic-com-capota-calesita-bege/p
2026-09-21,havan,"Nacional (rede em quase todos os estados, sede SC) — não confirmado por CEP",,Brinquedos e Lazer,Brinquedos,Cozinha,,Cozinha Infantil Le Grand Cheff Tateti - 1310,,171088,429.90,,,sim,https://www.havan.com.br/cozinha-le-grand-cheff-ta-te-ti-1310/p
2026-09-21,havan,"Nacional (rede em quase todos os estados, sede SC) — não confirmado por CEP",,Brinquedos e Lazer,Brinquedos,Patins,,Patins Feminino Rosa In Line 36 A 39 Havan Toys - HBR0435,,607938,399.90,,,sim,https://www.havan.com.br/patins-feminino-rosa-in-line-36-a-39-havan-toys-hbr0435/p
2026-09-21,havan,"Nacional (rede em quase todos os estados, sede SC) — não confirmado por CEP",,Brinquedos e Lazer,Brinquedos,Patins,,Patins Feminino Lilás In Line 36 A 39 Havan Toys - HBR0434,,607968,399.90,,,sim,https://www.havan.com.br/patins-feminino-lilas-in-line-36-a-39-havan-toys-hbr0434/p
2026-09-21,havan,"Nacional (rede em quase todos os estados, sede SC) — não confirmado por CEP",,Brinquedos e Lazer,Brinquedos,Patins,,Patins 2 Em 1 Lilás 32 A 35 Com Acessórios Havan Toys - HBR0429,,608031,399.90,,,sim,https://www.havan.com.br/patins-2-em-1-lilas-32-a-35-com-acessorios-havan-toys-hbr0429/p
2026-09-21,havan,"Nacional (rede em quase todos os estados, sede SC) — não confirmado por CEP",,Brinquedos e Lazer,Brinquedos,Patins,,Patins 2 Em 1 Rosa 32 A 35 Com Acessórios Havan Toys - HBR0430,,608064,399.90,,,sim,https://www.havan.com.br/patins-2-em-1-rosa-32-a-35-com-acessorios-havan-toys-hbr0430/p
2026-09-21,havan,"Nacional (rede em quase todos os estados, sede SC) — não confirmado por CEP",,Brinquedos e Lazer,Brinquedos,Patins,,Patins 4 Rodas Clássico 35 A 36 Mickey Havan Toys - HBR0602,,652846,399.90,,,sim,https://www.havan.com.br/patins-4-rodas-classico-35-a-36-mickey-havan-toys-hbr0602/p
2026-09-21,havan,"Nacional (rede em quase todos os estados, sede SC) — não confirmado por CEP",,Brinquedos e Lazer,Brinquedos,Pista,,Pista Hot Wheels Action Desafio Da Altura Mattel - GRW39,,565244,399.90,,,sim,https://www.havan.com.br/hot-wheels-pista-action-desafio-da-altura-mattel-grw39/p
2026-09-21,havan,"Nacional (rede em quase todos os estados, sede SC) — não confirmado por CEP",,Brinquedos e Lazer,Brinquedos,Triciclo,,Triciclo Velobaby Passeio e Pedal Azul Bandeirante - 356,,587552,399.90,,,sim,https://www.havan.com.br/triciclo-velobaby-passeio-pedal-azul-bandeirante-356/p
2026-09-21,havan,"Nacional (rede em quase todos os estados, sede SC) — não confirmado por CEP",,Brinquedos e Lazer,Brinquedos,Triciclo,,Triciclo Velobaby Passeio e Pedal Rosa Bandeirante - 357,,587579,399.90,,,sim,https://www.havan.com.br/triciclo-velobaby-passeio-pedal-rosa-bandeirante-357/p
2026-09-21,havan,"Nacional (rede em quase todos os estados, sede SC) — não confirmado por CEP",,Brinquedos e Lazer,Brinquedos,Quadriciclo,,Quadriciclo Passeio Baby Quad Spidey Maral - 3119,,764175,399.90,,,sim,https://www.havan.com.br/quadriciclo-passeio-baby-quad-spidey-maral-3119/p
2026-09-21,havan,"Nacional (rede em quase todos os estados, sede SC) — não confirmado por CEP",,Brinquedos e Lazer,Brinquedos,Quadriciclo,,Quadriciclo Passeio Baby Quad Rosa Maral - 3121,,764176,399.90,,,sim,https://www.havan.com.br/quadriciclo-passeio-baby-quad-rosa-maral-3121/p
2026-09-21,havan,"Nacional (rede em quase todos os estados, sede SC) — não confirmado por CEP",,Brinquedos e Lazer,Brinquedos,Lego,,Lego Botânica Lírio-Da-Paz - 474 peças,,756780,399.90,,,sim,https://www.havan.com.br/lego-botanica-lirio-da-paz-474-peas/p
2026-09-21,havan,"Nacional (rede em quase todos os estados, sede SC) — não confirmado por CEP",,Brinquedos e Lazer,Brinquedos,Boneca,,Boneca Rainbow Jr High Rock Band Fashion Doll Bella,,772821,399.90,,,sim,https://www.havan.com.br/mini-boneca-rainbow-jr-high-rock-band-fashion-doll-bella-diversos/p
2026-09-21,havan,"Nacional (rede em quase todos os estados, sede SC) — não confirmado por CEP",,Brinquedos e Lazer,Brinquedos,Mini,,Mini Boneca Rainbow High Winter Wonderland Doll m Brinq - Skyler Azul,,768931,399.90,,,sim,https://www.havan.com.br/mini-boneca-rainbow-high-winter-wonderland-doll-skyler-azul/p
2026-09-21,havan,"Nacional (rede em quase todos os estados, sede SC) — não confirmado por CEP",,Brinquedos e Lazer,Brinquedos,Mini,,Mini Boneca Rainbow High Watercolor e Create Doll m Brinq - Olhos Lilás,,770314,399.90,,,sim,https://www.havan.com.br/mini-boneca-rainbow-high-watercolor-e-create-doll-m-brinq-olhos-lils/p
2026-09-21,havan,"Nacional (rede em quase todos os estados, sede SC) — não confirmado por CEP",,Brinquedos e Lazer,Brinquedos,Mini,,Mini Boneca Rainbow High Sparkle And Shine Fashion Doll - Viola,,770325,399.90,,,sim,https://www.havan.com.br/mini-boneca-rainbow-high-sparkle-and-shine-fashion-doll-viola/p
2026-09-21,havan,"Nacional (rede em quase todos os estados, sede SC) — não confirmado por CEP",,Brinquedos e Lazer,Brinquedos,Mini,,Mini Boneca Rainbow Jr High Rock Band Fashion Doll - Amaya,,770440,399.90,,,sim,https://www.havan.com.br/mini-boneca-rainbow-high-jr-high-rock-band-fashion-doll-amaya/p
2026-09-21,havan,"Nacional (rede em quase todos os estados, sede SC) — não confirmado por CEP",,Brinquedos e Lazer,Brinquedos,Lego,,Lego Minecraft a Raposa - 497 peças,,765390,399.90,,,sim,https://www.havan.com.br/lego-minecraft-a-raposa-497-peas/p
2026-09-21,havan,"Nacional (rede em quase todos os estados, sede SC) — não confirmado por CEP",,Brinquedos e Lazer,Brinquedos,Lego,,Lego City Experiência de Entrega de Pizza com Veículos - 494 peças,,765752,399.90,,,sim,https://www.havan.com.br/lego-city-experiencia-de-entrega-de-pizza-com-veiculos-494-peas/p
2026-09-21,havan,"Nacional (rede em quase todos os estados, sede SC) — não confirmado por CEP",,Brinquedos e Lazer,Brinquedos,Torre,,Torre de Vigilância Patrulha Canina Sunny Brinquedos,,766547,399.90,,,sim,https://www.havan.com.br/torre-de-vigilancia-patrulha-canina-sunny-brinquedos-diversos/p
2026-09-21,havan,"Nacional (rede em quase todos os estados, sede SC) — não confirmado por CEP",,Brinquedos e Lazer,Brinquedos,Conjunto,,Conjunto de Brinquedo Casa Glam Barbie Mattel,,766839,399.90,,,sim,https://www.havan.com.br/barbie-conjunto-de-brinquedo-casa-glam-com-boneca-diversos/p
2026-09-21,havan,"Nacional (rede em quase todos os estados, sede SC) — não confirmado por CEP",,Brinquedos e Lazer,Brinquedos,Lego,,Lego City Caminhão Betoneira - 371 peças,,768891,379.99,,,sim,https://www.havan.com.br/lego-caminhao-betoneira-city-371-peas/p
2026-09-21,havan,"Nacional (rede em quase todos os estados, sede SC) — não confirmado por CEP",,Brinquedos e Lazer,Brinquedos,Pista,,Pista Hot Wheels Corrida Multi Loop Mattel - HDR83,,581428,379.90,,,sim,https://www.havan.com.br/hot-wheels-pista-corrida-multi-loop-mattel-hdr83/p
2026-09-21,havan,"Nacional (rede em quase todos os estados, sede SC) — não confirmado por CEP",,Brinquedos e Lazer,Brinquedos,Conjunto,,Conjunto Buzz Toy Story 5 Toyng - 61577,,761973,379.90,,,sim,https://www.havan.com.br/conjunto-buzz-toy-story-5-toyng-61577/p
2026-09-21,havan,"Nacional (rede em quase todos os estados, sede SC) — não confirmado por CEP",,Brinquedos e Lazer,Brinquedos,Conjunto,,Conjunto Aliens Toy Story 5 Toyng - 61566,,761974,379.90,,,sim,https://www.havan.com.br/conjunto-aliens-toy-story-5-toyng-61566/p
2026-09-21,havan,"Nacional (rede em quase todos os estados, sede SC) — não confirmado por CEP",,Brinquedos e Lazer,Brinquedos,Pista,,Pista Hot Wheels Lava-Carros Mattel,,766840,369.90,,,sim,https://www.havan.com.br/hot-wheels-lava-carros-2026-diversos/p
2026-09-21,havan,"Nacional (rede em quase todos os estados, sede SC) — não confirmado por CEP",,Brinquedos e Lazer,Brinquedos,Lego,,Lego Creator 3 em 1 Decoração Musical de Piano com Gato - 485 peças,,771587,349.99,,,sim,https://www.havan.com.br/lego-creator-3-em-1-decoracao-musical-de-piano-com-gato-485-peas/p
2026-09-21,havan,"Nacional (rede em quase todos os estados, sede SC) — não confirmado por CEP",,Brinquedos e Lazer,Brinquedos,Triciclo,,Triciclo Lelecita Azul Calesita - 1004,,217915,349.90,,,sim,https://www.havan.com.br/triciclo-lelecita-azul-calesita-1004/p
2026-09-21,havan,"Nacional (rede em quase todos os estados, sede SC) — não confirmado por CEP",,Brinquedos e Lazer,Brinquedos,Triciclo,,Triciclo Lelecita Rosa Calesita - 1006,,217924,349.90,,,sim,https://www.havan.com.br/triciclo-lelecita-rosa-calesita-1006/p
2026-09-21,havan,"Nacional (rede em quase todos os estados, sede SC) — não confirmado por CEP",,Brinquedos e Lazer,Brinquedos,Pelúcia,,Pelúcia Marie Disney Fun - 45 Cm,,652422,349.90,,,sim,https://www.havan.com.br/pelucia-marie-disney-fun-45-cm/p
2026-09-21,havan,"Nacional (rede em quase todos os estados, sede SC) — não confirmado por CEP",,Brinquedos e Lazer,Brinquedos,Geladeira,,Geladeira De Brinquedo Infantil Frost Fun Tateti - 229,,595431,349.90,,,sim,https://www.havan.com.br/geladeira-frost-fun-candy-tateti-229/p
2026-09-21,havan,"Nacional (rede em quase todos os estados, sede SC) — não confirmado por CEP",,Brinquedos e Lazer,Brinquedos,Pelúcia,,Pelúcia Angel Disney Fun - 45 Cm,,666911,349.90,,,sim,https://www.havan.com.br/pelucia-angel-disney-fun-45-cm/p
2026-09-21,havan,"Nacional (rede em quase todos os estados, sede SC) — não confirmado por CEP",,Brinquedos e Lazer,Brinquedos,Pelúcia,,Pelúcia Do Stitch Disney Fun - 45 Cm,,666914,349.90,,,sim,https://www.havan.com.br/pelucia-do-stitch-disney-fun-45-cm/p
2026-09-21,havan,"Nacional (rede em quase todos os estados, sede SC) — não confirmado por CEP",,Brinquedos e Lazer,Brinquedos,Pelúcia,,Pelúcia Disney Sulley Fun - 45 Cm,,689694,349.90,,,sim,https://www.havan.com.br/pelucia-disney-sulley-fun-45-cm/p
2026-09-21,havan,"Nacional (rede em quase todos os estados, sede SC) — não confirmado por CEP",,Brinquedos e Lazer,Brinquedos,Lego,,Lego Technic Monster Jam Digger Fogo e Gelo 263 Peças - 42219,,755724,349.90,,,sim,https://www.havan.com.br/lego-technic-monster-jam-digger-fogo-e-gelo-42219/p
2026-09-21,havan,"Nacional (rede em quase todos os estados, sede SC) — não confirmado por CEP",,Brinquedos e Lazer,Brinquedos,Kit,,Kit Bonecos Homem-Aranha Venom e Miles Morales Hasbro,,760484,349.90,,,sim,https://www.havan.com.br/kit-bonecos-homem-aranha-venom-e-miles-morales-hasbro-diversos/p
2026-09-21,havan,"Nacional (rede em quase todos os estados, sede SC) — não confirmado por CEP",,Brinquedos e Lazer,Brinquedos,Kit,,Kit Bonecos Homem-Aranha Escorpião e Hulk Brand New Day Titan Series Hasbro,,763845,349.90,,,sim,https://www.havan.com.br/kit-bonecos-homem-aranha-escorpiao-e-hulk-brand-new-day-titan-series-hasbro-diversos/p
2026-09-21,havan,"Nacional (rede em quase todos os estados, sede SC) — não confirmado por CEP",,Brinquedos e Lazer,Brinquedos,Boneca,,Boneca Rumi Guerreiras do K-Pop Demon Hunters Mattel,,765745,349.90,,,sim,https://www.havan.com.br/kpop-demon-hunters-boneca-rumi-4y-diversos/p
2026-09-21,havan,"Nacional (rede em quase todos os estados, sede SC) — não confirmado por CEP",,Brinquedos e Lazer,Brinquedos,Triciclo,,Triciclo Infantil Vespita Amalfi Passeio e Pedal Calesita - 1069,,766499,349.90,,,sim,https://www.havan.com.br/vespita-amalfi-calesita-triciclo-1069/p
2026-09-21,havan,"Nacional (rede em quase todos os estados, sede SC) — não confirmado por CEP",,Brinquedos e Lazer,Brinquedos,Triciclo,,Triciclo Infantil Vespita Capri Passeio e Pedal Calesita - 1068,,766500,349.90,,,sim,https://www.havan.com.br/vespita-capri-calesita-triciclo-1068/p
2026-09-21,havan,"Nacional (rede em quase todos os estados, sede SC) — não confirmado por CEP",,Brinquedos e Lazer,Brinquedos,Lego,,Lego Ninjago Meca de Missão do Cole e Zane Dragão - 364 peças,,765386,339.99,,,sim,https://www.havan.com.br/lego-ninjago-meca-de-missao-do-cole-e-zane-dragao-364-peas/p
2026-09-21,havan,"Nacional (rede em quase todos os estados, sede SC) — não confirmado por CEP",,Brinquedos e Lazer,Brinquedos,Lego,,Lego Minecraft Aventura da Primeira Noite - 301 peças,,765748,339.99,,,sim,https://www.havan.com.br/lego-minecraft-aventura-da-primeira-noite-301-peas/p
2026-09-21,havan,"Nacional (rede em quase todos os estados, sede SC) — não confirmado por CEP",,Brinquedos e Lazer,Brinquedos,Boneca,,Boneca Barbie Surpresa Party Unboxed Acessórios Mattel,,766643,329.99,,,sim,https://www.havan.com.br/boneca-barbie-surpresa-party-unboxed-acessorios-mattel-diversos/p
2026-09-21,havan,"Nacional (rede em quase todos os estados, sede SC) — não confirmado por CEP",,Brinquedos e Lazer,Brinquedos,Lego,,Lego Creator 3 em 1 Tubarão Feroz com Um Baú de Tesouro 379 Peças - 31381,,755717,329.90,,,sim,https://www.havan.com.br/lego-creator-3-em-1-tubarao-feroz-com-um-bau-de-tesouro-31381/p
2026-09-21,havan,"Nacional (rede em quase todos os estados, sede SC) — não confirmado por CEP",,Brinquedos e Lazer,Brinquedos,Pista,,Pista Hot Wheels City Lava-Rápido Mega Tower Mattel - HDP05,,593907,299.99,,,sim,https://www.havan.com.br/hot-wheels-pista-lava-rapido-mega-tower-city-mattel-hdp05/p
2026-09-21,havan,"Nacional (rede em quase todos os estados, sede SC) — não confirmado por CEP",,Brinquedos e Lazer,Brinquedos,Boneca,,Boneca Rainbow High Color & Create m Brinq - Olhos Azuis,,753061,299.99,,,sim,https://www.havan.com.br/boneca-rainbow-high-color-create-m-brinq-olhos-azuis/p
2026-09-21,havan,"Nacional (rede em quase todos os estados, sede SC) — não confirmado por CEP",,Brinquedos e Lazer,Brinquedos,Boneca,,Boneca Barbie Dia de Spa Mattel - HYV31,,753165,299.99,,,sim,https://www.havan.com.br/barbie-dia-de-spa-mattel-hyv31/p
2026-09-21,havan,"Nacional (rede em quase todos os estados, sede SC) — não confirmado por CEP",,Brinquedos e Lazer,Brinquedos,Boneca,,Boneca Baby Alive Harper Moda Conta de Fadas Hasbro,,760481,299.99,,,sim,https://www.havan.com.br/boneca-baby-alive-moda-conta-de-fadas-hasbro-diversos/p
2026-09-21,havan,"Nacional (rede em quase todos os estados, sede SC) — não confirmado por CEP",,Brinquedos e Lazer,Brinquedos,Boneca,,Boneca Baby Alive Sophia Moda Conta de Fadas Hasbro,,760482,299.99,,,sim,https://www.havan.com.br/boneca-baby-alive-sophia-moda-conta-de-fadas-hasbro-diversos/p
2026-09-21,havan,"Nacional (rede em quase todos os estados, sede SC) — não confirmado por CEP",,Brinquedos e Lazer,Brinquedos,Lego,,Lego Ninjago Veículos Combinadores de Kai e Cole - 394 peças,,771161,299.99,,,sim,https://www.havan.com.br/lego-ninjago-veiculos-combinadores-de-kai-e-cole-394-peas/p
2026-09-21,havan,"Nacional (rede em quase todos os estados, sede SC) — não confirmado por CEP",,Brinquedos e Lazer,Brinquedos,Tapete,,Tapete de Dança Infantil Eletrônico Guerreiras do K-Pop Candide,,761539,299.99,,,sim,https://www.havan.com.br/tapete-de-danca-eletronico-guerreiras-do-k-pop-candide-diversos/p
2026-09-21,havan,"Nacional (rede em quase todos os estados, sede SC) — não confirmado por CEP",,Brinquedos e Lazer,Brinquedos,Triciclo,,Triciclo Baby City Homem-Aranha Maral - 3148,,167263,299.90,,,sim,https://www.havan.com.br/triciclo-baby-city-homem-aranha-maral-3148/p
2026-09-21,havan,"Nacional (rede em quase todos os estados, sede SC) — não confirmado por CEP",,Brinquedos e Lazer,Brinquedos,Triciclo,,Triciclo Infantil Baby City Magical 2 em 1 Maral - 3150,,167266,299.90,,,sim,https://www.havan.com.br/triciclo-baby-city-magical-maral-3150/p
2026-09-21,havan,"Nacional (rede em quase todos os estados, sede SC) — não confirmado por CEP",,Brinquedos e Lazer,Brinquedos,Patinete,,Patinete Spiderman 3 Rodas com Garrafa e Mochila Havan Toys - HBR0590,,653427,299.90,,,sim,https://www.havan.com.br/patinete-spiderman-3-rodas-com-garrafa-e-mochila-havan-toys-hbr0590/p
2026-09-21,havan,"Nacional (rede em quase todos os estados, sede SC) — não confirmado por CEP",,Brinquedos e Lazer,Brinquedos,Boneca,,Boneca Barbie Estate Pet Shop Mattel - GRG90,,581389,299.90,,,sim,https://www.havan.com.br/boneca-barbie-estate-pet-shop-mattel-grg90/p
2026-09-21,havan,"Nacional (rede em quase todos os estados, sede SC) — não confirmado por CEP",,Brinquedos e Lazer,Brinquedos,Triciclo,,Triciclo Avespa Homem Aranha Maral - 3058,,686637,299.90,,,sim,https://www.havan.com.br/triciclo-avespa-homem-aranha-maral-3058/p
2026-09-21,havan,"Nacional (rede em quase todos os estados, sede SC) — não confirmado por CEP",,Brinquedos e Lazer,Brinquedos,Triciclo,,Triciclo Avespa Rosa Maral - 3173,,686649,299.90,,,sim,https://www.havan.com.br/triciclo-avespa-rosa-maral-3173/p
2026-09-21,havan,"Nacional (rede em quase todos os estados, sede SC) — não confirmado por CEP",,Brinquedos e Lazer,Brinquedos,Pista,,Pista Hot Wheels Desafio Turbina De Ação Mattel - JBX65,,692016,299.90,,,sim,https://www.havan.com.br/pista-hot-wheels-desafio-turbina-de-acao-mattel-jbx65/p
2026-09-21,havan,"Nacional (rede em quase todos os estados, sede SC) — não confirmado por CEP",,Brinquedos e Lazer,Brinquedos,Boneco,,Boneco Disney Buzz Lightyear com Som Toyng - 51028,,760375,299.90,,,sim,https://www.havan.com.br/boneco-disney-buzzlightyear-com-som-toyng-51028/p
2026-09-21,havan,"Nacional (rede em quase todos os estados, sede SC) — não confirmado por CEP",,Brinquedos e Lazer,Brinquedos,Lego,,Lego Botânica Cacto Florido - 482 peças,,756782,299.90,,,sim,https://www.havan.com.br/lego-botanica-cacto-florido-482-peas/p
2026-09-21,havan,"Nacional (rede em quase todos os estados, sede SC) — não confirmado por CEP",,Brinquedos e Lazer,Brinquedos,Patins,,Patins Flow Rosa Ajustável 36 a 39 Havan Toys,,754141,299.90,,,sim,https://www.havan.com.br/patins-flow-rosa-ajustavel-36-a-39-havan-toys-diversos/p
2026-09-21,havan,"Nacional (rede em quase todos os estados, sede SC) — não confirmado por CEP",,Brinquedos e Lazer,Brinquedos,Triciclo,,Triciclo Infantil Bandy com Carenagem Brinquedos Bandeirante,,759983,299.90,,,sim,https://www.havan.com.br/triciclo-bandy-com-carenagem-brinquedos-bandeirante-diversos/p
2026-09-21,havan,"Nacional (rede em quase todos os estados, sede SC) — não confirmado por CEP",,Brinquedos e Lazer,Brinquedos,Kit,,Kit de Slime Zuru Mart Médio Fun - Sortido,,771155,299.90,,,sim,https://www.havan.com.br/kit-de-slime-zuru-mart-medio-fun-sortido/p
2026-09-21,havan,"Nacional (rede em quase todos os estados, sede SC) — não confirmado por CEP",,Brinquedos e Lazer,Brinquedos,Boneco,,Boneco Homem-Aranha Brand New Day Série Titan com Equipamento de Teia Hasbro,,763268,299.90,,,sim,https://www.havan.com.br/boneco-homem-aranha-brand-new-day-serie-titan-com-equipamento-de-teia-hasbro-diversos/p
2026-09-21,havan,"Nacional (rede em quase todos os estados, sede SC) — não confirmado por CEP",,Brinquedos e Lazer,Brinquedos,Pista,,Pista Hot Wheels Fórmula 1 Grid Start Racing Mattel,,762824,299.90,,,sim,https://www.havan.com.br/pista-hot-wheels-jnn35-racing-diversos/p
2026-09-21,havan,"Nacional (rede em quase todos os estados, sede SC) — não confirmado por CEP",,Brinquedos e Lazer,Brinquedos,Lego,,Lego Minecraft Expedição Mina do Armadillo 247 Peças - 21269,,687024,289.99,,,sim,https://www.havan.com.br/lego-minecraft-expedicao-mina-do-armadillo-21269/p
2026-09-21,havan,"Nacional (rede em quase todos os estados, sede SC) — não confirmado por CEP",,Brinquedos e Lazer,Brinquedos,Lego,,Lego City F1 Pit Stop com Carro Ferrari 322 Peças - 60443,,721243,289.99,,,sim,https://www.havan.com.br/lego-city-f1-pit-stop-com-carro-ferrari-60443/p
2026-09-21,havan,"Nacional (rede em quase todos os estados, sede SC) — não confirmado por CEP",,Brinquedos e Lazer,Brinquedos,Lego,,Lego Speed Champions Hipercarro Esportivo Bugatti Vision Gt - 284 peças,,756059,289.99,,,sim,https://www.havan.com.br/lego-speed-champions-hipercarro-esportivo-bugatti-vision-gt-284-peas/p
2026-09-21,havan,"Nacional (rede em quase todos os estados, sede SC) — não confirmado por CEP",,Brinquedos e Lazer,Brinquedos,Lego,,Lego Speed Champions Relâmpago Mcqueen Disney - 270 peças,,756060,289.99,,,sim,https://www.havan.com.br/lego-speed-champions-relampago-mcqueen-disney-270-peas/p
2026-09-21,havan,"Nacional (rede em quase todos os estados, sede SC) — não confirmado por CEP",,Brinquedos e Lazer,Brinquedos,Lego,,Lego Minecraft Masmorra Zumbi 284 Peças - 21587,,753072,289.99,,,sim,https://www.havan.com.br/lego-minecraft-masmorra-zumbi-21587/p
2026-09-21,havan,"Nacional (rede em quase todos os estados, sede SC) — não confirmado por CEP",,Brinquedos e Lazer,Brinquedos,Lego,,Lego Speed Champions Carro de Volta para o Futuro - 357 peças,,756061,289.99,,,sim,https://www.havan.com.br/lego-speed-champions-carro-de-volta-para-o-futuro-357-peas/p
2026-09-21,havan,"Nacional (rede em quase todos os estados, sede SC) — não confirmado por CEP",,Brinquedos e Lazer,Brinquedos,Lego,,Lego Speed Champions Ferrari Sf90 Xx Stradale 339 Peças - 77254,,754190,289.99,,,sim,https://www.havan.com.br/lego-speed-champions-ferrari-sf90-xx-stradale-77254/p
2026-09-21,havan,"Nacional (rede em quase todos os estados, sede SC) — não confirmado por CEP",,Brinquedos e Lazer,Brinquedos,Lego,,Lego Speed Champions Carro de Corrida F1 Academy - 201 peças,,765491,289.99,,,sim,https://www.havan.com.br/lego-speed-champions-carro-de-corrida-f1-academy-201-peas/p
2026-09-21,havan,"Nacional (rede em quase todos os estados, sede SC) — não confirmado por CEP",,Brinquedos e Lazer,Brinquedos,Lego,,Lego Carro Speed Champions Ferrari 499P - 329 peças,,765519,289.99,,,sim,https://www.havan.com.br/lego-carro-speed-champions-ferrari-499p-329-peas/p
2026-09-21,havan,"Nacional (rede em quase todos os estados, sede SC) — não confirmado por CEP",,Brinquedos e Lazer,Brinquedos,Lego,,Lego Speed Champions Carro Toyota Supra Mk4 Velozes e Furiosos - 292 peças,,765751,289.99,,,sim,https://www.havan.com.br/lego-speed-champions-carro-toyota-supra-mk4-velozes-e-furiosos-292-peas/p
2026-09-21,havan,"Nacional (rede em quase todos os estados, sede SC) — não confirmado por CEP",,Brinquedos e Lazer,Brinquedos,Patinete,,Patinete 3 Rodas Luzes e Som Spiderman Havan Toys - HBR0588,,653363,279.99,,,sim,https://www.havan.com.br/patinete-3-rodas-luzes-e-som-spiderman-havan-toys-hbr0588/p
2026-09-21,havan,"Nacional (rede em quase todos os estados, sede SC) — não confirmado por CEP",,Brinquedos e Lazer,Brinquedos,Triciclo,,Triciclo Infantil Homem-Aranha Nathor - Azul e Amarelo,,672986,279.99,,,sim,https://www.havan.com.br/triciclo-infantil-spider-man-nathor-azul-e-amarelo/p
2026-09-21,havan,"Nacional (rede em quase todos os estados, sede SC) — não confirmado por CEP",,Brinquedos e Lazer,Brinquedos,Pista,,Pista Hot Wheels Super Delegacia De Polícia Mattel - JBM71,,705139,279.99,,,sim,https://www.havan.com.br/pista-hot-wheels-super-delegacia-de-policia-mattel-jbm71/p
2026-09-21,havan,"Nacional (rede em quase todos os estados, sede SC) — não confirmado por CEP",,Brinquedos e Lazer,Brinquedos,Figura,,Figura Hulk 50Cm Mimo Brinquedos - 444,,696007,279.99,,,sim,https://www.havan.com.br/figura-hulk-50cm-mimo-brinquedos-444/p
2026-09-21,havan,"Nacional (rede em quase todos os estados, sede SC) — não confirmado por CEP",,Brinquedos e Lazer,Brinquedos,Lego,,Lego Botânica Mini Orquídea 274 Peças - 10343,,721294,279.99,,,sim,https://www.havan.com.br/lego-botanica-mini-orquidea-10343/p
2026-09-21,havan,"Nacional (rede em quase todos os estados, sede SC) — não confirmado por CEP",,Brinquedos e Lazer,Brinquedos,Lego,,Lego City Perseguição Barco da Polícia 264 Peças - 60456,,721636,279.99,,,sim,https://www.havan.com.br/lego-city-perseguicao-barco-da-policia-60456/p
2026-09-21,havan,"Nacional (rede em quase todos os estados, sede SC) — não confirmado por CEP",,Brinquedos e Lazer,Brinquedos,Boneca,,Boneca Ana Castela Novabrink - 1290,,744312,279.99,,,sim,https://www.havan.com.br/boneca-ana-castela-novabrink-1290/p
2026-09-21,havan,"Nacional (rede em quase todos os estados, sede SC) — não confirmado por CEP",,Brinquedos e Lazer,Brinquedos,Patins,,Patins Feminino 2 Em 1 Ajustável 32 A 35 Havan Toys - HBR0883,,731122,279.99,,,sim,https://www.havan.com.br/patins-feminino-2-em-1-ajustavel-32-a-35-hbr0883/p
2026-09-21,havan,"Nacional (rede em quase todos os estados, sede SC) — não confirmado por CEP",,Brinquedos e Lazer,Brinquedos,Patins,,Patins Feminino Preto In Line 36 A 39 Havan Toys - HBR0884,,726847,279.99,,,sim,https://www.havan.com.br/patins-feminino-pulse-in-line-36-a-39-havan-toys-hbr0884/p
2026-09-21,havan,"Nacional (rede em quase todos os estados, sede SC) — não confirmado por CEP",,Brinquedos e Lazer,Brinquedos,Ovo,,Ovo Rainbocorns Eggzania Mini Surpresas Fun - Sortido,,758406,279.99,,,sim,https://www.havan.com.br/ovo-rainbocorns-eggzania-mini-surpresas-fun-sortido/p
2026-09-21,havan,"Nacional (rede em quase todos os estados, sede SC) — não confirmado por CEP",,Brinquedos e Lazer,Brinquedos,Pista,,Pista Hot Wheels City Corpo de Bombeiros Mattel - JHL95,,760257,279.99,,,sim,https://www.havan.com.br/pista-hot-wheels-city-corpo-de-bombeiros-mattel-jhl95/p
2026-09-21,havan,"Nacional (rede em quase todos os estados, sede SC) — não confirmado por CEP",,Brinquedos e Lazer,Brinquedos,Lego,,Lego Botânica Bambu da Sorte - 325 peças,,756783,279.99,,,sim,https://www.havan.com.br/lego-botanica-bambu-da-sorte-325-peas/p
2026-09-21,havan,"Nacional (rede em quase todos os estados, sede SC) — não confirmado por CEP",,Brinquedos e Lazer,Brinquedos,Lego,,Lego Botânica Pequeno Buquê Ensolarado - 373 peças,,756784,279.99,,,sim,https://www.havan.com.br/lego-botanica-pequeno-buque-ensolarado-373-peas/p
2026-09-21,havan,"Nacional (rede em quase todos os estados, sede SC) — não confirmado por CEP",,Brinquedos e Lazer,Brinquedos,Lego,,Lego Botânica Flor Crisântemo - 278 peças,,756785,279.99,,,sim,https://www.havan.com.br/lego-flor-crisantemo-278-peas/p
2026-09-21,havan,"Nacional (rede em quase todos os estados, sede SC) — não confirmado por CEP",,Brinquedos e Lazer,Brinquedos,Lego,,Lego Harry Potter Floresta Proibida Expecto Patronum - 244 peças,,765753,279.99,,,sim,https://www.havan.com.br/lego-harry-potter-floresta-proibida-expecto-patronum-244-peas/p
2026-09-21,havan,"Nacional (rede em quase todos os estados, sede SC) — não confirmado por CEP",,Brinquedos e Lazer,Brinquedos,Lego,,Lego Marvel Batalhas de Robôs Homem-Aranha Vs Doutor Octopus - 315 peças,,765756,279.99,,,sim,https://www.havan.com.br/lego-marvel-batalhas-de-robos-homem-aranha-vs-doutor-octopus-315-peas/p
2026-09-21,havan,"Nacional (rede em quase todos os estados, sede SC) — não confirmado por CEP",,Brinquedos e Lazer,Brinquedos,Lego,,Lego Castelo dos Amigos Animais da Cinderela Disney - 149 peças,,765757,279.99,,,sim,https://www.havan.com.br/lego-castelo-dos-amigos-animais-da-cinderela-disney-149-peas/p
2026-09-21,havan,"Nacional (rede em quase todos os estados, sede SC) — não confirmado por CEP",,Brinquedos e Lazer,Brinquedos,Triciclo,,Triciclo Patrulha Canina Nathor,,766544,279.99,,,sim,https://www.havan.com.br/triciclo-patrulha-canina-diversos/p
2026-09-21,havan,"Nacional (rede em quase todos os estados, sede SC) — não confirmado por CEP",,Brinquedos e Lazer,Brinquedos,Triciclo,,Triciclo Infantil Princesas Nathor - Rosa e Dourado,,767694,279.99,,,sim,https://www.havan.com.br/triciclo-infantil-princesas-nathor-rosa-e-dourado/p
2026-09-21,havan,"Nacional (rede em quase todos os estados, sede SC) — não confirmado por CEP",,Brinquedos e Lazer,Brinquedos,Boneca,,Boneca Spidey Homem-Aranha 50Cm Mimo Brinquedos - 447,,761159,279.99,,,sim,https://www.havan.com.br/figura-spidey-homem-aranha-50-cm-mimo-brinquedos-447/p
2026-09-21,havan,"Nacional (rede em quase todos os estados, sede SC) — não confirmado por CEP",,Brinquedos e Lazer,Brinquedos,Boneco,,Boneco Capitão América Revolution Mimo Brinquedos,,761174,279.99,,,sim,https://www.havan.com.br/boneco-capitao-america-revolution-mimo-brinquedos-diversos/p
2026-09-21,havan,"Nacional (rede em quase todos os estados, sede SC) — não confirmado por CEP",,Brinquedos e Lazer,Brinquedos,Boneco,,Boneco Hulk Verde Revolution Mimo Brinquedos,,761175,279.99,,,sim,https://www.havan.com.br/boneco-hulk-verde-revolution-mimo-brinquedos-diversos/p
2026-09-21,havan,"Nacional (rede em quase todos os estados, sede SC) — não confirmado por CEP",,Brinquedos e Lazer,Brinquedos,Caminhão,,Caminhão Caçambão Max com Pá Tilin Brinquedos - Sortido,,173851,269.99,,,sim,https://www.havan.com.br/cacambao-max-com-pa-tilin-sortido/p
2026-09-21,havan,"Nacional (rede em quase todos os estados, sede SC) — não confirmado por CEP",,Brinquedos e Lazer,Brinquedos,Boneca,,Boneca Maria Clara Mecanizada Baby Brink - 1055,,610695,269.99,,,sim,https://www.havan.com.br/boneca-maria-clara-mecanizada-baby-brink-1055/p
2026-09-21,havan,"Nacional (rede em quase todos os estados, sede SC) — não confirmado por CEP",,Brinquedos e Lazer,Brinquedos,Patinete,,Patinete 3 Rodas com Som e Led Havan Toys - HBR0901,,714151,269.99,,,sim,https://www.havan.com.br/patinete-3-rodas-com-som-e-led-havan-toys-hbr0901/p
2026-09-21,havan,"Nacional (rede em quase todos os estados, sede SC) — não confirmado por CEP",,Brinquedos e Lazer,Brinquedos,Patinete,,Patinete Pop Pink 3 Rodas com Som e Led Havan Toys - Havan Toys,,714154,269.99,,,sim,https://www.havan.com.br/patinete-pop-pink-3-rodas-com-som-e-led-havan-toys-havan-toys/p
2026-09-21,havan,"Nacional (rede em quase todos os estados, sede SC) — não confirmado por CEP",,Brinquedos e Lazer,Brinquedos,Lego,,Lego Technic Avião de Mato 333 Peças - 42198,,721099,269.99,,,sim,https://www.havan.com.br/lego-technic-aviao-de-mato-42198/p
2026-09-21,havan,"Nacional (rede em quase todos os estados, sede SC) — não confirmado por CEP",,Brinquedos e Lazer,Brinquedos,Lego,,Lego Technic Monster Jam Digatron de Puxar 218 Peças - 42199,,721270,269.99,,,sim,https://www.havan.com.br/lego-technic-monster-jam-digatron-de-puxar-42199/p
2026-09-21,havan,"Nacional (rede em quase todos os estados, sede SC) — não confirmado por CEP",,Brinquedos e Lazer,Brinquedos,Carrinho,,Carrinho De Controle Remoto Hot Wheels Rc Drift X Multikids - BR2448,,690039,269.99,,,sim,https://www.havan.com.br/carrinho-de-controle-remoto-hot-wheels-drift-x-multikids-br2448/p
2026-09-21,havan,"Nacional (rede em quase todos os estados, sede SC) — não confirmado por CEP",,Brinquedos e Lazer,Brinquedos,Kit,,Kit Pista Hot Wheels Racing Desafio de Saídas Mattel,,763013,269.99,,,sim,https://www.havan.com.br/kit-pista-hot-wheels-racing-desafio-de-saidas-mattel-diversos/p
2026-09-21,havan,"Nacional (rede em quase todos os estados, sede SC) — não confirmado por CEP",,Brinquedos e Lazer,Brinquedos,Boneca,,Boneca Stacie Treinadora de Cachorrinhos Mattel,,763817,269.99,,,sim,https://www.havan.com.br/boneca-stacie-treinadora-de-cachorrinhos-mattel-diversos/p
2026-09-21,havan,"Nacional (rede em quase todos os estados, sede SC) — não confirmado por CEP",,Brinquedos e Lazer,Brinquedos,Conjunto,,Conjunto de Bonecos Jessie e Bala No Alvo Toy Story 5 Mattel,,763842,269.99,,,sim,https://www.havan.com.br/boneco-jessie-e-bala-no-alvo-toy-story-5-mattel-diversos/p
2026-09-21,havan,"Nacional (rede em quase todos os estados, sede SC) — não confirmado por CEP",,Brinquedos e Lazer,Brinquedos,Lego,,Lego City a Van Conjunto de Construção para Crianças - 276 peças,,755861,269.99,,,sim,https://www.havan.com.br/lego-city-a-van-conjunto-de-construcao-para-criancas-276-peas/p
2026-09-21,havan,"Nacional (rede em quase todos os estados, sede SC) — não confirmado por CEP",,Brinquedos e Lazer,Brinquedos,Carro,,Carro Mega Wrex Xl Hot Wheels Monster Trucks Mattel - JJN47,,756922,269.99,,,sim,https://www.havan.com.br/carro-mega-wrex-xl-hot-wheels-monster-trucks-mattel-jjn47/p
2026-09-21,havan,"Nacional (rede em quase todos os estados, sede SC) — não confirmado por CEP",,Brinquedos e Lazer,Brinquedos,Lego,,Lego Creator Animais Selvagens 3 em 1 Colorido 312 Peças - 31384,,754174,269.99,,,sim,https://www.havan.com.br/lego-creator-animais-selvagens-3x1-colorido-31384/p
2026-09-21,havan,"Nacional (rede em quase todos os estados, sede SC) — não confirmado por CEP",,Brinquedos e Lazer,Brinquedos,Lego,,Lego Creator 3 em 1 Animais Adoráveis 336 Peças - 31382,,754175,269.99,,,sim,https://www.havan.com.br/lego-creator-3-em-1-animais-adoraveis-31382/p
2026-09-21,havan,"Nacional (rede em quase todos os estados, sede SC) — não confirmado por CEP",,Brinquedos e Lazer,Brinquedos,Lego,,Lego City Retroescavadeira Amarela - 301 peças,,771189,269.99,,,sim,https://www.havan.com.br/lego-city-retroescavadeira-amarela-301-peas/p
2026-09-21,havan,"Nacional (rede em quase todos os estados, sede SC) — não confirmado por CEP",,Brinquedos e Lazer,Brinquedos,Dinossauro,,Dinossauro Rugido Selvagem Jurassic World Mattel - Sortido,,772475,269.99,,,sim,https://www.havan.com.br/dinossauro-rugido-selvagem-jurassic-world-mattel-sortido/p
2026-09-21,havan,"Nacional (rede em quase todos os estados, sede SC) — não confirmado por CEP",,Brinquedos e Lazer,Brinquedos,Lego,,Lego City Voo Comercial - 118 peças,,765746,269.99,,,sim,https://www.havan.com.br/lego-city-voo-comercial-118-peas/p
2026-09-21,havan,"Nacional (rede em quase todos os estados, sede SC) — não confirmado por CEP",,Brinquedos e Lazer,Brinquedos,Ovo,,Ovo Rainbocorns Eggzania Frozen Mania Fun - Sortido,,767783,269.99,,,sim,https://www.havan.com.br/ovo-rainbocorns-eggzania-frozen-mania-fun-sortido/p
2026-09-21,havan,"Nacional (rede em quase todos os estados, sede SC) — não confirmado por CEP",,Brinquedos e Lazer,Brinquedos,Cozinha,,Cozinha Infantil Riva Chef Tateti - 1302,,172540,259.99,,,sim,https://www.havan.com.br/cozinha-riva-chef-ta-te-ti-1302/p
2026-09-21,havan,"Nacional (rede em quase todos os estados, sede SC) — não confirmado por CEP",,Brinquedos e Lazer,Brinquedos,Pelúcia,,Pelúcia Urso Charmoso 75Cm Bichinhos Carinho - Sortido,,170587,259.99,,,sim,https://www.havan.com.br/pelucia-urso-charmoso-75cm-bichinhos-carinho-sortido/p
2026-09-21,havan,"Nacional (rede em quase todos os estados, sede SC) — não confirmado por CEP",,Brinquedos e Lazer,Brinquedos,Patinete,,Patinete Trinet Max Pop Rosa - Calesita,,680250,259.99,,,sim,https://www.havan.com.br/patinete-trinet-max-pop-rosa-calesita/p
2026-09-21,havan,"Nacional (rede em quase todos os estados, sede SC) — não confirmado por CEP",,Brinquedos e Lazer,Brinquedos,Patinete,,Patinete Trinet Max Pop Azul - Calesita,,680253,259.99,,,sim,https://www.havan.com.br/patinete-trinet-max-pop-azul-calesita/p
2026-09-21,havan,"Nacional (rede em quase todos os estados, sede SC) — não confirmado por CEP",,Brinquedos e Lazer,Brinquedos,Lego,,Lego Carro Speed Champions F1 Williams Racing Fw46 263 Peças - 77249,,686703,259.99,,,sim,https://www.havan.com.br/lego-carro-de-corrida-williams-racing-fw46-f1-77249/p
2026-09-21,havan,"Nacional (rede em quase todos os estados, sede SC) — não confirmado por CEP",,Brinquedos e Lazer,Brinquedos,Lego,,Lego Carro Speed Champions Mclaren F1 Mcl38 Team 269 Peças - 77251,,686835,259.99,,,sim,https://www.havan.com.br/carro-de-corrida-mclaren-f1-team-mcl38-77251/p
2026-09-21,havan,"Nacional (rede em quase todos os estados, sede SC) — não confirmado por CEP",,Brinquedos e Lazer,Brinquedos,Lego,,Lego Carro Speed Champions F1 Sf-24 Ferrari 275 Peças - 77242,,686838,259.99,,,sim,https://www.havan.com.br/lego-carro-speed-champions-ferrari-sf-24-f1-77242/p
2026-09-21,havan,"Nacional (rede em quase todos os estados, sede SC) — não confirmado por CEP",,Brinquedos e Lazer,Brinquedos,Lego,,Lego Carro Speed Champions F1 W15 Mercedes-Amg 267 Peças - 77244,,686850,259.99,,,sim,https://www.havan.com.br/lego-carro-de-corrida-mercedes-amg-f1-w15-77244/p
2026-09-21,havan,"Nacional (rede em quase todos os estados, sede SC) — não confirmado por CEP",,Brinquedos e Lazer,Brinquedos,Lego,,Lego Carro Speed Champions Fórmula 1 Mclaren 245 Peças - 76919,,686904,259.99,,,sim,https://www.havan.com.br/lego-carro-de-corrida-mc-laren-f1-76919/p
2026-09-21,havan,"Nacional (rede em quase todos os estados, sede SC) — não confirmado por CEP",,Brinquedos e Lazer,Brinquedos,Lego,,Lego Carro Speed Champions F1 Rb20 Oracle Red Bull Racing 251 Peças - 77243,,686922,259.99,,,sim,https://www.havan.com.br/lego-carro-oracle-red-bull-racing-rb20-f1-77243/p
2026-09-21,havan,"Nacional (rede em quase todos os estados, sede SC) — não confirmado por CEP",,Brinquedos e Lazer,Brinquedos,Cozinha,,Cozinha Infantil Riva Mr Chef Tateti - 1301,,699916,259.99,,,sim,https://www.havan.com.br/cozinha-de-brinquedo-riva-mr-chef-tateti-1301/p
2026-09-21,havan,"Nacional (rede em quase todos os estados, sede SC) — não confirmado por CEP",,Brinquedos e Lazer,Brinquedos,Lego,,Lego Minecraft Jardim em Flor de Cerejeira 304 Peças - 21260,,709741,259.99,,,sim,https://www.havan.com.br/jardim-em-flor-de-cerejeira-minecraft-lego-21260/p
2026-09-21,havan,"Nacional (rede em quase todos os estados, sede SC) — não confirmado por CEP",,Brinquedos e Lazer,Brinquedos,Lego,,Lego Speed Champions Lamborghini Lambo V12 Vision Gt 230 Peças - 76923,,721096,259.99,,,sim,https://www.havan.com.br/lego-speed-champions-lamborghini-lambo-v12-vision-gt-76923/p
2026-09-21,havan,"Nacional (rede em quase todos os estados, sede SC) — não confirmado por CEP",,Brinquedos e Lazer,Brinquedos,Lego,,Lego Speed Champions Ferrari F40 Supercar 318 Peças - 76934,,721213,259.99,,,sim,https://www.havan.com.br/lego-speed-champions-ferrari-f40-supercar-76934/p
2026-09-21,havan,"Nacional (rede em quase todos os estados, sede SC) — não confirmado por CEP",,Brinquedos e Lazer,Brinquedos,Lego,,Lego Speed Champions F1 Amr24 Aston Martin Aramco 269 Peças - 77245,,721687,259.99,,,sim,https://www.havan.com.br/lego-speed-champions-aston-martin-aramco-f1-amr24-77245/p
2026-09-21,havan,"Nacional (rede em quase todos os estados, sede SC) — não confirmado por CEP",,Brinquedos e Lazer,Brinquedos,Lego,,Lego Speed Champions Porsche 911 Gt3 Rs 348 Peças - 77239,,721693,259.99,,,sim,https://www.havan.com.br/lego-speed-champions-porsche-911-gt3-rs-77239/p
2026-09-21,havan,"Nacional (rede em quase todos os estados, sede SC) — não confirmado por CEP",,Brinquedos e Lazer,Brinquedos,Lego,,Lego Speed Champions Dodge Challenger Srt Hellcat 390 Peças - 77237,,721699,259.99,,,sim,https://www.havan.com.br/lego-speed-champions-dodge-challenger-srt-hellcat-77237/p
2026-09-21,havan,"Nacional (rede em quase todos os estados, sede SC) — não confirmado por CEP",,Brinquedos e Lazer,Brinquedos,Pista,,Pista Campeonato Hot Wheels Gbf81 Mattel - Sortido,,341837,249.99,,,sim,https://www.havan.com.br/pista-campeonato-action-hot-wheels-gbf81-mattel-sortido/p
2026-09-21,havan,"Nacional (rede em quase todos os estados, sede SC) — não confirmado por CEP",,Brinquedos e Lazer,Brinquedos,Patinete,,Patinete 3 Em 1 Scooty Dog Calesita - 1073,,667496,249.99,,,sim,https://www.havan.com.br/patinete-3-em-1-scooty-dog-calesita-1073/p
2026-09-21,havan,"Nacional (rede em quase todos os estados, sede SC) — não confirmado por CEP",,Brinquedos e Lazer,Brinquedos,Bonecos,,Bonecos Batalhas Sunny Brinquedos 3 Peças - 4183,,669245,249.99,,,sim,https://www.havan.com.br/bonecos-batalhas-sunny-brinquedos-3-pecas-4183/p
2026-09-21,havan,"Nacional (rede em quase todos os estados, sede SC) — não confirmado por CEP",,Brinquedos e Lazer,Brinquedos,Boneca,,Boneca Baby Alive Katie Feliz Aniversário Hasbro - G0341,,671609,249.99,,,sim,https://www.havan.com.br/boneca-baby-alive-katie-feliz-aniversario-hasbro-g0341/p
2026-09-21,havan,"Nacional (rede em quase todos os estados, sede SC) — não confirmado por CEP",,Brinquedos e Lazer,Brinquedos,Caixa,,Caixa Registradora Barbie Fabulosa Fun - F0144-2,,672659,249.99,,,sim,https://www.havan.com.br/caixa-registradora-fabulosa-barbie-fun-f0144-2/p
2026-09-21,havan,"Nacional (rede em quase todos os estados, sede SC) — não confirmado por CEP",,Brinquedos e Lazer,Brinquedos,Meu,,Meu Primeiro Patinete Rosa Brinquedos Bandeirante - 1563,,682623,249.99,,,sim,https://www.havan.com.br/meu-1-patinete-rosa-brinquedos-bandeirante-1563/p
2026-09-21,havan,"Nacional (rede em quase todos os estados, sede SC) — não confirmado por CEP",,Brinquedos e Lazer,Brinquedos,Boneca,,Boneca Baby Alive Festa De Aniversário Lala Hasbro - Rosa,,685893,249.99,,,sim,https://www.havan.com.br/boneca-baby-alive-festa-de-aniversario-lala-hasbro-rosa/p
2026-09-21,havan,"Nacional (rede em quase todos os estados, sede SC) — não confirmado por CEP",,Brinquedos e Lazer,Brinquedos,Patinete,,Patinete Infantil 3 Rodas com Led Stitch Disney - DIS0369,,709735,249.99,,,sim,https://www.havan.com.br/patinete-3-rodas-stitch-disney-dis0369/p
2026-09-21,havan,"Nacional (rede em quase todos os estados, sede SC) — não confirmado por CEP",,Brinquedos e Lazer,Brinquedos,Patinete,,Patinete Infantil 3 Rodas com Led Homem-Aranha Marvel - DIS0370,,714271,249.99,,,sim,https://www.havan.com.br/patinete-3-rodas-homem-aranha-marvel-dis0370/p
2026-09-21,havan,"Nacional (rede em quase todos os estados, sede SC) — não confirmado por CEP",,Brinquedos e Lazer,Brinquedos,Patinete,,Patinete 3 Em 1 Scooty Cat Calesita - 1072,,704512,249.99,,,sim,https://www.havan.com.br/patinete-3-em-1-scooty-cat-calesita-1072/p
2026-09-21,havan,"Nacional (rede em quase todos os estados, sede SC) — não confirmado por CEP",,Brinquedos e Lazer,Brinquedos,Boneca,,Boneca Barbie Dream Besties Teresa Mattel - HYC23,,704716,249.99,,,sim,https://www.havan.com.br/barbie-dream-besties-teresa-mattel-hyc23/p
2026-09-21,havan,"Nacional (rede em quase todos os estados, sede SC) — não confirmado por CEP",,Brinquedos e Lazer,Brinquedos,Mattel,,Mattel Brick Shop Jogo de Construção Maserati Mc20 Hot Wheels - JFR90,,721948,249.99,,,sim,https://www.havan.com.br/hot-wheels-speed-maserati-mc20-mattel-jfr90/p
2026-09-21,havan,"Nacional (rede em quase todos os estados, sede SC) — não confirmado por CEP",,Brinquedos e Lazer,Brinquedos,Mattel,,Mattel Brick Shop Jogo de Construção Cadillac Gtp Hypercar Hot Wheels - JFR89,,722170,249.99,,,sim,https://www.havan.com.br/hot-wheels-cadillac-gtp-super-carro-de-corrida-mattel-jfr89/p
2026-09-21,havan,"Nacional (rede em quase todos os estados, sede SC) — não confirmado por CEP",,Brinquedos e Lazer,Brinquedos,Mattel,,Mattel Brick Shop Jogo de Construção Custom 68 Camaro Hot Wheels - JFT16,,722197,249.99,,,sim,https://www.havan.com.br/hot-wheels-camaro-supercarro-68-mattel-jft16/p
2026-09-21,havan,"Nacional (rede em quase todos os estados, sede SC) — não confirmado por CEP",,Brinquedos e Lazer,Brinquedos,Pista,,Pista Hot Wheels City T-Rex X Quartel De Bombeiros - JBM73,,690153,249.99,,,sim,https://www.havan.com.br/hot-wheels-city-pista-de-brinquedo-t-rex-x-quartel-de-bombeiros-jbm73/p
2026-09-21,havan,"Nacional (rede em quase todos os estados, sede SC) — não confirmado por CEP",,Brinquedos e Lazer,Brinquedos,Mattel,,Mattel Brick Shop Jogo de Construção Speed '94 Audi Avant Hot Wheels - JGR28,,747242,249.99,,,sim,https://www.havan.com.br/mattel-brick-shop-jogo-de-construcao-speed-94-audi-avant-hot-wheels-jgr28/p
2026-09-21,havan,"Nacional (rede em quase todos os estados, sede SC) — não confirmado por CEP",,Brinquedos e Lazer,Brinquedos,Patinete,,Patinete Infantil 3D com Led Minnie Havan Toys - 3 Rodas,,743317,249.99,,,sim,https://www.havan.com.br/patinete-3d-com-led-minnie-havan-toys-3-rodas/p
2026-09-21,havan,"Nacional (rede em quase todos os estados, sede SC) — não confirmado por CEP",,Brinquedos e Lazer,Brinquedos,Boneca,,Boneca Barbie Party Unboxed Festa De Animais Mattel - Sortido,,731971,249.99,,,sim,https://www.havan.com.br/boneca-barbie-festa-de-animais-party-unboxed-mattel-sortido/p
2026-09-21,havan,"Nacional (rede em quase todos os estados, sede SC) — não confirmado por CEP",,Brinquedos e Lazer,Brinquedos,Patinete,,Patinete Infantil com Led Toy Story Buzz Lightyear Disney,,742786,249.99,,,sim,https://www.havan.com.br/patinete-3d-dis1455-toy-story-buzz-lightyear-diversos/p
2026-09-21,havan,"Nacional (rede em quase todos os estados, sede SC) — não confirmado por CEP",,Brinquedos e Lazer,Brinquedos,Patinete,,Patinete Infantil com Led Toy Story Woody Disney,,742792,249.99,,,sim,https://www.havan.com.br/patinete-dis1500-com-led-toy-story-woody-diversos/p
2026-09-21,havan,"Nacional (rede em quase todos os estados, sede SC) — não confirmado por CEP",,Brinquedos e Lazer,Brinquedos,Conjunto,,Conjunto Ovo De Dinossauros 48 Peças Havan Toys - ST78291,,722821,249.99,,,sim,https://www.havan.com.br/conjunto-ovo-de-dinossauros-48-pecas-havan-toys-st78291/p
2026-09-21,havan,"Nacional (rede em quase todos os estados, sede SC) — não confirmado por CEP",,Brinquedos e Lazer,Brinquedos,Ovo,,Ovo Surpresa Pelúcia Rainbocorns Sereia Série 7 Fun - Sortido,,755352,249.99,,,sim,https://www.havan.com.br/ovo-surpresa-pelucia-rainbocorns-sereia-serie-7-fun-sortido/p
2026-09-21,havan,"Nacional (rede em quase todos os estados, sede SC) — não confirmado por CEP",,Brinquedos e Lazer,Brinquedos,Kit,,Kit Pista Hot Wheels City Garagem de Acrobacias Mattel - JHL94,,753130,249.99,,,sim,https://www.havan.com.br/kit-pista-hot-wheels-city-garagem-de-acrobacias-mattel-jhl94/p
2026-09-21,havan,"Nacional (rede em quase todos os estados, sede SC) — não confirmado por CEP",,Brinquedos e Lazer,Brinquedos,Boneca,,Boneca Cry Babies Loving Care Dreamy Multikids,,756894,249.99,,,sim,https://www.havan.com.br/cry-babies-loving-care-dreamy-sem-mecanismo-eletrico-diversos/p
2026-09-21,havan,"Nacional (rede em quase todos os estados, sede SC) — não confirmado por CEP",,Brinquedos e Lazer,Brinquedos,Pista,,Pista Hot Wheels Monster Trucks Ataque da Cobra - JJN44,,756904,249.99,,,sim,https://www.havan.com.br/pista-hot-wheels-monster-trucks-ataque-da-cobra-jjn44/p
2026-09-21,havan,"Nacional (rede em quase todos os estados, sede SC) — não confirmado por CEP",,Brinquedos e Lazer,Brinquedos,Conjunto,,Conjunto Família Coelho Parque de Diversões Havan Toys,,754120,249.99,,,sim,https://www.havan.com.br/parque-hbr1025-diversao-completo-diversos/p
2026-09-21,havan,"Nacional (rede em quase todos os estados, sede SC) — não confirmado por CEP",,Brinquedos e Lazer,Brinquedos,Carrinho,,Carrinho com Controle Remoto Hot Wheels Track Ripper Laranja Multikids,,759949,249.99,,,sim,https://www.havan.com.br/110-rc-hot-wheels-track-ripper-laranja-diversos/p
2026-09-21,havan,"Nacional (rede em quase todos os estados, sede SC) — não confirmado por CEP",,Brinquedos e Lazer,Brinquedos,Carrinho,,Carrinho com Controle Remoto Hot Wheels Track Ripper Preto Multikids,,759952,249.99,,,sim,https://www.havan.com.br/110-rc-hot-wheels-track-ripper-preto-diversos/p
2026-09-21,havan,"Nacional (rede em quase todos os estados, sede SC) — não confirmado por CEP",,Brinquedos e Lazer,Brinquedos,Kit,,Kit Bonecos Homem-Aranha e Hulk Marvel Brand New Day Titan Series Hasbro,,771041,249.99,,,sim,https://www.havan.com.br/kit-bonecos-homem-aranha-e-hulk-marvel-brand-new-day-titan-series-hasbro-diversos/p
2026-09-21,havan,"Nacional (rede em quase todos os estados, sede SC) — não confirmado por CEP",,Brinquedos e Lazer,Brinquedos,Conjunto,,Conjunto Cadeira e Mesa Multi Atividades - Sortido,,772558,249.99,,,sim,https://www.havan.com.br/conjunto-cadeira-e-mesa-multi-atividades-sortido/p
2026-09-21,havan,"Nacional (rede em quase todos os estados, sede SC) — não confirmado por CEP",,Brinquedos e Lazer,Brinquedos,Boneca,,Boneca Barbie Fashionista Pinta e Decora o Cabelo Mattel,,763215,249.99,,,sim,https://www.havan.com.br/boneca-barbie-fashionista-pinta-e-decora-o-cabelo-mattel-diversos/p
2026-09-21,havan,"Nacional (rede em quase todos os estados, sede SC) — não confirmado por CEP",,Brinquedos e Lazer,Brinquedos,Boneca,,Boneca Cry Babies Loving Care Hannah Multikids,,765495,249.99,,,sim,https://www.havan.com.br/cry-babies-loving-care-hannah-sem-mecanismo-eletrico-diversos/p
2026-09-21,havan,"Nacional (rede em quase todos os estados, sede SC) — não confirmado por CEP",,Brinquedos e Lazer,Brinquedos,Minha,,Minha Feirinha Samba Toys,,765510,249.99,,,sim,https://www.havan.com.br/minha-feirinha-samba-toys-diversos/p
2026-09-21,havan,"Nacional (rede em quase todos os estados, sede SC) — não confirmado por CEP",,Brinquedos e Lazer,Brinquedos,Patinete,,Patinete Infantil 3 Rodas com Led Angel Disney - DIS0590,,767690,249.99,,,sim,https://www.havan.com.br/patinete-3-rodas-angel-disney-dis0590/p
2026-09-21,havan,"Nacional (rede em quase todos os estados, sede SC) — não confirmado por CEP",,Brinquedos e Lazer,Brinquedos,Ovo,,Ovo Rainbocorns Mamacorn Surpresa Serie 1 Fun - Sortido,,768124,249.99,,,sim,https://www.havan.com.br/ovo-rainbocorns-mamacorn-surprise-serie-1-fun-sortido/p
2026-09-21,havan,"Nacional (rede em quase todos os estados, sede SC) — não confirmado por CEP",,Brinquedos e Lazer,Brinquedos,Trator,,Trator Agrícola com Reboque e Controle Remoto Havan Toys - ST83584,,762924,249.99,,,sim,https://www.havan.com.br/trator-agricola-com-reboque-e-controle-remoto-havan-toys-st83584/p
2026-09-21,havan,"Nacional (rede em quase todos os estados, sede SC) — não confirmado por CEP",,Brinquedos e Lazer,Brinquedos,Karaokê,,Karaokê Bluetooth Guerreiras do K-Pop Candide,,761540,249.99,,,sim,https://www.havan.com.br/karaoke-bluetooth-guerreiras-do-k-pop-bateria-recarregavel-candide-diversos/p
2026-09-21,havan,"Nacional (rede em quase todos os estados, sede SC) — não confirmado por CEP",,Brinquedos e Lazer,Brinquedos,Cozinha,,Cozinha Infantil Portátil Vira Maleta Maral - Rosa,,190098,239.99,,,sim,https://www.havan.com.br/cozinha-portatil-infantil-vira-maleta-maral-rosa/p
2026-09-21,havan,"Nacional (rede em quase todos os estados, sede SC) — não confirmado por CEP",,Brinquedos e Lazer,Brinquedos,Super,,Super Banco Imobiliário Com Cartão Estrela - Colorido,,170638,239.99,,,sim,https://www.havan.com.br/super-banco-imobiliario-com-maquina-eletronica-de-debito-e-credito-com-6-cartoes-estrela-colorido/p
2026-09-21,havan,"Nacional (rede em quase todos os estados, sede SC) — não confirmado por CEP",,Brinquedos e Lazer,Brinquedos,Pelúcia,,Pelúcia Disney Gata Marie Big Feet 30Cm Fun - F0001-6,,665629,239.99,,,sim,https://www.havan.com.br/pelucia-disney-gata-marie-big-feet-30cm-fun-f0001-6/p
2026-09-21,havan,"Nacional (rede em quase todos os estados, sede SC) — não confirmado por CEP",,Brinquedos e Lazer,Brinquedos,Refrigerador,,Refrigerador De Brinquedo Petit Chef Xalingo - 12954,,668900,239.99,,,sim,https://www.havan.com.br/refrigerador-de-brinquedo-petit-chef-xalingo-12954/p
2026-09-21,havan,"Nacional (rede em quase todos os estados, sede SC) — não confirmado por CEP",,Brinquedos e Lazer,Brinquedos,Lego,,Lego Harry Potter Castelo de Hogwarts Clube de Duelos 158 Peças - 76441,,721456,239.99,,,sim,https://www.havan.com.br/lego-harry-potter-castelo-de-hogwarts-clube-de-duelos-76441/p
2026-09-21,havan,"Nacional (rede em quase todos os estados, sede SC) — não confirmado por CEP",,Brinquedos e Lazer,Brinquedos,Kit,,Kit Pista Hot Wheels Action Lança e Bate Mattel,,763012,239.99,,,sim,https://www.havan.com.br/kit-pista-hot-wheels-action-lanca-e-bate-mattel-diversos/p
2026-09-21,havan,"Nacional (rede em quase todos os estados, sede SC) — não confirmado por CEP",,Brinquedos e Lazer,Brinquedos,Pista,,Pista Ataque de Cobra Vs Pizzaria Hot Wheels Mattel - HTN81,,755092,239.99,,,sim,https://www.havan.com.br/pista-ataque-de-cobra-vs-pizzaria-hot-wheels-mattel-htn81/p
2026-09-21,havan,"Nacional (rede em quase todos os estados, sede SC) — não confirmado por CEP",,Brinquedos e Lazer,Brinquedos,Pista,,Pista Hot Wheels City Tubarão Mattel - JHL96,,756921,239.99,,,sim,https://www.havan.com.br/pista-hot-wheels-city-tubarao-mattel-jhl96/p
2026-09-21,havan,"Nacional (rede em quase todos os estados, sede SC) — não confirmado por CEP",,Brinquedos e Lazer,Brinquedos,Triciclo,,Triciclo Aro 5 You 3 Rodas Boy Nathor - Amarelo,,189315,229.99,,,sim,https://www.havan.com.br/triciclo-you3-boy-nathor-100510160001-amarelo/p
2026-09-21,havan,"Nacional (rede em quase todos os estados, sede SC) — não confirmado por CEP",,Brinquedos e Lazer,Brinquedos,Triciclo,,Triciclo Infantil Aro 5 You 3 Girl Nathor - Rosa,,189318,229.99,,,sim,https://www.havan.com.br/triciclo-infantil-aro-5-you-3-girl-nathor-rosa/p
2026-09-21,havan,"Nacional (rede em quase todos os estados, sede SC) — não confirmado por CEP",,Brinquedos e Lazer,Brinquedos,Patinete,,Patinete Infantil Rosa 3 Rodas com Cesto Som e Led Havan Toys - HBR0444,,607767,229.99,,,sim,https://www.havan.com.br/patinete-rosa-3-rodas-com-cesto-som-e-led-havan-toys-hbr0444/p
2026-09-21,havan,"Nacional (rede em quase todos os estados, sede SC) — não confirmado por CEP",,Brinquedos e Lazer,Brinquedos,Patinete,,Patinete Infantil Dino 3 Rodas com Cesto Som e Led Havan Toys - HBR0445,,628745,229.99,,,sim,https://www.havan.com.br/patinete-masculino-3-rodas-com-cesto-som-e-led-havan-toys-hbr0445/p
2026-09-21,havan,"Nacional (rede em quase todos os estados, sede SC) — não confirmado por CEP",,Brinquedos e Lazer,Brinquedos,Patinete,,Patinete Infantil 3 Rodas Homem-Aranha Havan Toys - HBR0593,,652798,229.99,,,sim,https://www.havan.com.br/patinete-infantil-3-rodas-spiderman-havan-toys-hbr0593/p
2026-09-21,havan,"Nacional (rede em quase todos os estados, sede SC) — não confirmado por CEP",,Brinquedos e Lazer,Brinquedos,Microfone,,Microfone Karaokê Fabuloso Com Base Fun - F0004-4,,341795,229.99,,,sim,https://www.havan.com.br/microfone-karaoke-fabuloso-com-base-fun-f0004-4/p
2026-09-21,havan,"Nacional (rede em quase todos os estados, sede SC) — não confirmado por CEP",,Brinquedos e Lazer,Brinquedos,Mini,,Mini Veículo Escavadeira Giant Roma Brinquedos - 1780,,563030,229.99,,,sim,https://www.havan.com.br/mini-veiculo-escavadeira-giant-roma-1780/p
2026-09-21,havan,"Nacional (rede em quase todos os estados, sede SC) — não confirmado por CEP",,Brinquedos e Lazer,Brinquedos,Pelúcia,,Pelúcia Stitch Disney Fun - 30 Cm,,661883,229.99,,,sim,https://www.havan.com.br/pelucia-stitch-disney-fun-30-cm/p
2026-09-21,havan,"Nacional (rede em quase todos os estados, sede SC) — não confirmado por CEP",,Brinquedos e Lazer,Brinquedos,Pelúcia,,Pelúcia Disney Sulley Fun - 30 Cm,,665623,229.99,,,sim,https://www.havan.com.br/pelucia-disney-sulley-fun-30-cm/p
2026-09-21,havan,"Nacional (rede em quase todos os estados, sede SC) — não confirmado por CEP",,Brinquedos e Lazer,Brinquedos,Sylvanian,,Sylvanian Families Casinha De Telhado Vermelho Epoch - 5785,,666067,229.99,,,sim,https://www.havan.com.br/sylvanian-families-casinha-de-telhado-vermelho-epoch-5785/p
2026-09-21,havan,"Nacional (rede em quase todos os estados, sede SC) — não confirmado por CEP",,Brinquedos e Lazer,Brinquedos,Jogo,,Jogo Mini Futebol De Mesa Multikids Com Bolinha - BR2072,,669005,229.99,,,sim,https://www.havan.com.br/jogo-mini-futebol-de-mesa-multikids-com-bolinha-br2072/p
2026-09-21,havan,"Nacional (rede em quase todos os estados, sede SC) — não confirmado por CEP",,Brinquedos e Lazer,Brinquedos,Caminhão,,Caminhão Caçamba Móvel De Controle Remoto Multikids - BR2311,,678731,229.99,,,sim,https://www.havan.com.br/caminhao-cacamba-movel-de-controle-remoto-multikids-br2311/p
2026-09-21,havan,"Nacional (rede em quase todos os estados, sede SC) — não confirmado por CEP",,Brinquedos e Lazer,Brinquedos,Lego,,Lego Creator 3 em 1 Robô Espacial 281 Peças - 31164,,686856,229.99,,,sim,https://www.havan.com.br/lego-robo-espacial-creator-3x1-31164/p
2026-09-21,havan,"Nacional (rede em quase todos os estados, sede SC) — não confirmado por CEP",,Brinquedos e Lazer,Brinquedos,Pelúcia,,Pelúcia Angel Disney Fun - 30 Cm,,683541,229.99,,,sim,https://www.havan.com.br/pelucia-angel-disney-fun-30-cm/p
2026-09-21,havan,"Nacional (rede em quase todos os estados, sede SC) — não confirmado por CEP",,Brinquedos e Lazer,Brinquedos,Patinete,,Patinete Unicórnio 3 Rodas Com Cesta Som E Led Havan Toys - Rosa,,726853,229.99,,,sim,https://www.havan.com.br/patinete-unicornio-3-rodas-com-cesta-som-e-led-havan-toys-rosa/p
2026-09-21,havan,"Nacional (rede em quase todos os estados, sede SC) — não confirmado por CEP",,Brinquedos e Lazer,Brinquedos,Patinete,,Patinete Infantil 3 Rodas Minnie Havan Toys - HBR0592,,692484,229.99,,,sim,https://www.havan.com.br/patinete-infantil-3-rodas-minnie-havan-toys-hbr0592/p
2026-09-21,havan,"Nacional (rede em quase todos os estados, sede SC) — não confirmado por CEP",,Brinquedos e Lazer,Brinquedos,Carro,,Carro Com Controle Remoto E Pedal Prime Racer Candide - 35046,,697450,229.99,,,sim,https://www.havan.com.br/carrinho-de-controle-remoto-prime-racer-candide-35046/p
2026-09-21,havan,"Nacional (rede em quase todos os estados, sede SC) — não confirmado por CEP",,Brinquedos e Lazer,Brinquedos,Patinete,,Patinete 3 Rodas Com Cesto Som E Led Havan Toys - Laranja,,721186,229.99,,,sim,https://www.havan.com.br/patinete-3-rodas-com-cesto-som-e-led-havan-toys-laranja/p
2026-09-21,havan,"Nacional (rede em quase todos os estados, sede SC) — não confirmado por CEP",,Brinquedos e Lazer,Brinquedos,Cozinha,,Cozinha Divertida Toy Chef Samba Toys - 0575,,689223,229.99,,,sim,https://www.havan.com.br/cozinha-divertida-toy-chef-samba-toys-0575/p
2026-09-21,havan,"Nacional (rede em quase todos os estados, sede SC) — não confirmado por CEP",,Brinquedos e Lazer,Brinquedos,Patinete,,Patinete 3 Rodas Stitch Havan Toys - HBR0591,,690213,229.99,,,sim,https://www.havan.com.br/patinete-3-rodas-stitch-havan-toys-hbr0591/p
2026-09-21,havan,"Nacional (rede em quase todos os estados, sede SC) — não confirmado por CEP",,Brinquedos e Lazer,Brinquedos,Robô,,Robô Grande com 10 Mini Robôs - Havan Toys,,742828,229.99,,,sim,https://www.havan.com.br/robo-hbr0978-grande-com-10-bonecos-havan-toys/p
2026-09-21,havan,"Nacional (rede em quase todos os estados, sede SC) — não confirmado por CEP",,Brinquedos e Lazer,Brinquedos,Lego,,Lego Creator 3 em 1 Animais Selvagens - 288 peças,,755871,229.99,,,sim,https://www.havan.com.br/lego-creator-3-em-1-animais-selvagens-288-peas/p
2026-09-21,havan,"Nacional (rede em quase todos os estados, sede SC) — não confirmado por CEP",,Brinquedos e Lazer,Brinquedos,Boneca,,Boneca Reborn Coral Blue Pupee,,760971,229.99,,,sim,https://www.havan.com.br/boneca-reborn-coral-blue-pupee-diversos/p
2026-09-21,havan,"Nacional (rede em quase todos os estados, sede SC) — não confirmado por CEP",,Brinquedos e Lazer,Brinquedos,Boneco,,Boneco Capitão América Extreme Mimo Brinquedos,,761241,229.99,,,sim,https://www.havan.com.br/boneco-capitao-america-extreme-mimo-brinquedos-diversos/p
2026-09-21,havan,"Nacional (rede em quase todos os estados, sede SC) — não confirmado por CEP",,Brinquedos e Lazer,Brinquedos,Boneco,,Boneco Homem-Aranha Extreme Mimo Brinquedos,,761242,229.99,,,sim,https://www.havan.com.br/boneco-homem-aranha-extreme-mimo-brinquedos-diversos/p
2026-09-21,havan,"Nacional (rede em quase todos os estados, sede SC) — não confirmado por CEP",,Brinquedos e Lazer,Brinquedos,Boneco,,Boneco Homem-Aranha Ultimate Extreme Mimo Brinquedos,,761243,229.99,,,sim,https://www.havan.com.br/boneco-homem-aranha-ultimate-extreme-mimo-brinquedos-diversos/p
2026-09-21,havan,"Nacional (rede em quase todos os estados, sede SC) — não confirmado por CEP",,Brinquedos e Lazer,Brinquedos,Triciclo,,Triciclo Infantil You 3 Boy 4 Nathor,,761346,229.99,,,sim,https://www.havan.com.br/triciclo-nathor-you-3-boy-4-diversos/p
2026-09-21,havan,"Nacional (rede em quase todos os estados, sede SC) — não confirmado por CEP",,Brinquedos e Lazer,Brinquedos,Boneca,,Boneca Rapunzel Mini My Size Novabrink - 1762,,699937,219.99,,,sim,https://www.havan.com.br/boneca-rapunzel-mini-my-size-novabrink-1762/p
2026-09-21,havan,"Nacional (rede em quase todos os estados, sede SC) — não confirmado por CEP",,Brinquedos e Lazer,Brinquedos,Boneca,,Boneca Barbie Conjunto Loja De Flores Mattel - GTN58,,691764,219.99,,,sim,https://www.havan.com.br/conjunto-barbie-mattel-loja-de-flores-gtn58/p
2026-09-21,havan,"Nacional (rede em quase todos os estados, sede SC) — não confirmado por CEP",,Brinquedos e Lazer,Brinquedos,Boneca,,Boneca Barbie Pets Skate Mattel,,772396,219.99,,,sim,https://www.havan.com.br/boneca-barbie-pets-skate-mattel-diversos/p
2026-09-21,havan,"Nacional (rede em quase todos os estados, sede SC) — não confirmado por CEP",,Brinquedos e Lazer,Brinquedos,Girafa,,Girafa Com Blocos Surpresa Peek A Blocks Fisher-Price - B4253,,173797,199.99,,,sim,https://www.havan.com.br/girafa-com-blocos-surpresa-peek-a-blocks-fisher-price-b4253/p
2026-09-21,havan,"Nacional (rede em quase todos os estados, sede SC) — não confirmado por CEP",,Brinquedos e Lazer,Brinquedos,Tapete,,Tapete Ginásio De Atividades Infantil Havan Toys - Rosa,,205926,199.99,,,sim,https://www.havan.com.br/tapete-ginasio-de-atividades-infantil-havan-toys-rosa/p
2026-09-21,havan,"Nacional (rede em quase todos os estados, sede SC) — não confirmado por CEP",,Brinquedos e Lazer,Brinquedos,Tapete,,Tapete Ginásio De Atividades Infantil Havan Toys - Laranja,,205950,199.99,,,sim,https://www.havan.com.br/tapete-ginasio-de-atividades-infantil-havan-toys-laranja/p
2026-09-21,havan,"Nacional (rede em quase todos os estados, sede SC) — não confirmado por CEP",,Brinquedos e Lazer,Brinquedos,Patinete,,Patinete 2 Rodas Dobrável Radical Rosa Havan Toys - HBR0437,,607794,199.99,,,sim,https://www.havan.com.br/patinete-2-rodas-dobravel-radical-rosa-havan-toys-hbr0437/p
2026-09-21,havan,"Nacional (rede em quase todos os estados, sede SC) — não confirmado por CEP",,Brinquedos e Lazer,Brinquedos,Boneca,,Boneca Com Frases 27 Cm Giovanna Neto Novabrink - 1073,,224053,199.99,,,sim,https://www.havan.com.br/boneca-com-frases-27-cm-giovanna-neto-novabrink-1073/p
2026-09-21,havan,"Nacional (rede em quase todos os estados, sede SC) — não confirmado por CEP",,Brinquedos e Lazer,Brinquedos,Lego,,Lego Classic Maleta da Criatividade 213 Peças - 10713,,238993,199.99,,,sim,https://www.havan.com.br/lego-classic-maleta-da-criatividade-10713/p
2026-09-21,havan,"Nacional (rede em quase todos os estados, sede SC) — não confirmado por CEP",,Brinquedos e Lazer,Brinquedos,Carrinho,,Carrinho de Boneca Berço Soneca 0394 Tilin - Rosa,,239215,199.99,,,sim,https://www.havan.com.br/carrinho-de-boneca-berco-soneca-0394-tilin-rosa/p
2026-09-21,havan,"Nacional (rede em quase todos os estados, sede SC) — não confirmado por CEP",,Brinquedos e Lazer,Brinquedos,Boneca,,Boneca Baby Alive Star Best Stell Hasbro - F7359,,652449,199.99,,,sim,https://www.havan.com.br/boneca-baby-alive-star-best-stell-hasbro-f7359/p
2026-09-21,havan,"Nacional (rede em quase todos os estados, sede SC) — não confirmado por CEP",,Brinquedos e Lazer,Brinquedos,Boneca,,Boneca Baby Alive Star Best Lovely Luna Hasbro - F7360,,652464,199.99,,,sim,https://www.havan.com.br/boneca-baby-alive-star-best-lovely-luna-hasbro-f7360/p
2026-09-21,havan,"Nacional (rede em quase todos os estados, sede SC) — não confirmado por CEP",,Brinquedos e Lazer,Brinquedos,Carrinho,,Carrinho De Controle Remoto Batman Bat Candide - 9046,,652741,199.99,,,sim,https://www.havan.com.br/carrinho-de-controle-remoto-batman-bat-candide-9046/p
2026-09-21,havan,"Nacional (rede em quase todos os estados, sede SC) — não confirmado por CEP",,Brinquedos e Lazer,Brinquedos,Patinete,,Patinete 3 Rodas Luzes e Som Mickey Havan Toys - HBR0586,,653342,199.99,,,sim,https://www.havan.com.br/patinete-3-rodas-luzes-e-som-mickey-havan-toys-hbr0586/p
2026-09-21,havan,"Nacional (rede em quase todos os estados, sede SC) — não confirmado por CEP",,Brinquedos e Lazer,Brinquedos,Pelúcia,,Pelúcia de Elefante Grande Bichinhos Carinho - Sortido,,365603,199.99,,,sim,https://www.havan.com.br/elefante-de-pelucia-grande-bichinhos-carinho-sortido/p
2026-09-21,havan,"Nacional (rede em quase todos os estados, sede SC) — não confirmado por CEP",,Brinquedos e Lazer,Brinquedos,Carrinho,,Carrinho De Controle Remoto Multikids Midnight - BR1147,,366122,199.99,,,sim,https://www.havan.com.br/carrinho-de-controle-remoto-multikids-midnight-br1147/p
2026-09-21,havan,"Nacional (rede em quase todos os estados, sede SC) — não confirmado por CEP",,Brinquedos e Lazer,Brinquedos,Patinete,,Patinete 2 Rodas Dobrável Radical Havan Toys - Laranja/Preto,,647569,199.99,,,sim,https://www.havan.com.br/patinete-2-rodas-dobravel-radical-havan-toys-laranjapreto/p
2026-09-21,havan,"Nacional (rede em quase todos os estados, sede SC) — não confirmado por CEP",,Brinquedos e Lazer,Brinquedos,Patinete,,Patinete Radical Havan Toys - Roxo/Preto,,647572,199.99,,,sim,https://www.havan.com.br/patinete-radical-havan-toys-roxopreto/p
2026-09-21,havan,"Nacional (rede em quase todos os estados, sede SC) — não confirmado por CEP",,Brinquedos e Lazer,Brinquedos,Carrinho,,Carrinho De Controle Remoto Spider Bat Candide - 5886,,648283,199.99,,,sim,https://www.havan.com.br/carrinho-de-controle-remoto-spider-bat-candide-5886/p
2026-09-21,havan,"Nacional (rede em quase todos os estados, sede SC) — não confirmado por CEP",,Brinquedos e Lazer,Brinquedos,Lousa,,Lousa Cavalete Havan Toys - HBR0507,,648895,199.99,,,sim,https://www.havan.com.br/lousa-cavalete-havan-toys-hbr0507/p
2026-09-21,havan,"Nacional (rede em quase todos os estados, sede SC) — não confirmado por CEP",,Brinquedos e Lazer,Brinquedos,Boneca,,Boneca Baby Alive Hora Da Papinha Morena Hasbro - F2618,,580486,199.99,,,sim,https://www.havan.com.br/boneca-baby-alive-hora-da-papinha-morena-hasbro-f2618/p
2026-09-21,havan,"Nacional (rede em quase todos os estados, sede SC) — não confirmado por CEP",,Brinquedos e Lazer,Brinquedos,Carro,,Carro Com Controle Remoto Racing Raptor Vermelho Multikids - BR1336,,598029,199.99,,,sim,https://www.havan.com.br/carro-com-controle-remoto-racing-raptor-vermelho-multikids-br1336/p
2026-09-21,havan,"Nacional (rede em quase todos os estados, sede SC) — não confirmado por CEP",,Brinquedos e Lazer,Brinquedos,Boneco,,Boneco Diver New Born Premium Menino Divertoys - 8154,,459909,199.99,,,sim,https://www.havan.com.br/boneco-diver-new-born-premium-menino-divertoys-8154/p
2026-09-21,havan,"Nacional (rede em quase todos os estados, sede SC) — não confirmado por CEP",,Brinquedos e Lazer,Brinquedos,Boneca,,Boneca Diver New Born Premium Menina Divertoys - 8153,,459939,199.99,,,sim,https://www.havan.com.br/boneca-diver-new-born-premium-menina-divertoys-8153/p
2026-09-21,havan,"Nacional (rede em quase todos os estados, sede SC) — não confirmado por CEP",,Brinquedos e Lazer,Brinquedos,Carrinho,,Carrinho Controle Remoto Racing Spark Azul E Preto Multikids - BR1339,,547214,199.99,,,sim,https://www.havan.com.br/carrinho-controle-remoto-racing-spark-azul-e-preto-multikids-diversos/p
2026-09-21,havan,"Nacional (rede em quase todos os estados, sede SC) — não confirmado por CEP",,Brinquedos e Lazer,Brinquedos,Boneca,,Boneca Baby Alive Hora Da Papinha Loira Hasbro - F2617,,550415,199.99,,,sim,https://www.havan.com.br/boneca-baby-alive-hora-da-papinha-loira-hasbro-f2617/p
2026-09-21,havan,"Nacional (rede em quase todos os estados, sede SC) — não confirmado por CEP",,Brinquedos e Lazer,Brinquedos,Boneca,,Boneca Moana E Porquinho Puá Disney Cotiplás - 2600,,663413,199.99,,,sim,https://www.havan.com.br/boneca-moana-e-porquinho-pua-disney-cotiplas-2600/p
2026-09-21,havan,"Nacional (rede em quase todos os estados, sede SC) — não confirmado por CEP",,Brinquedos e Lazer,Brinquedos,Lego,,Lego Friends Festa Musical No Karaokê 196 Peças - 42610,,663458,199.99,,,sim,https://www.havan.com.br/lego-friends-festa-musical-no-karaoke-42610/p
2026-09-21,havan,"Nacional (rede em quase todos os estados, sede SC) — não confirmado por CEP",,Brinquedos e Lazer,Brinquedos,Pista,,Pista Hot Wheels City Ataque Do Morcego Mattel - HTN78,,666902,199.99,,,sim,https://www.havan.com.br/pista-ataque-do-morcego-hot-wheels-city-mattel-htn78/p
2026-09-21,havan,"Nacional (rede em quase todos os estados, sede SC) — não confirmado por CEP",,Brinquedos e Lazer,Brinquedos,Boneca,,Boneca Baby Classics Menina Cotiplás - 2773,,667100,199.99,,,sim,https://www.havan.com.br/boneca-baby-classics-menina-cotiplas-2773/p
2026-09-21,havan,"Nacional (rede em quase todos os estados, sede SC) — não confirmado por CEP",,Brinquedos e Lazer,Brinquedos,Boneca,,Boneca Baby Classics Menino Cotiplás - 2774,,667115,199.99,,,sim,https://www.havan.com.br/boneca-baby-classics-menino-cotiplas-2774/p
2026-09-21,havan,"Nacional (rede em quase todos os estados, sede SC) — não confirmado por CEP",,Brinquedos e Lazer,Brinquedos,Pista,,Pista Aventura Jurássica Dinossauros Havan Toys - HBR0704,,667265,199.99,,,sim,https://www.havan.com.br/pista-aventura-jurassica-dinossauros-havan-toys-hbr0704/p
2026-09-21,havan,"Nacional (rede em quase todos os estados, sede SC) — não confirmado por CEP",,Brinquedos e Lazer,Brinquedos,Caminhão,,Caminhão De Bombeiro Garagem Para Carrinhos Havan Toys - HBR0705,,667271,199.99,,,sim,https://www.havan.com.br/caminhao-de-bombeiro-garagem-para-carrinhos-havan-toys-hbr0705/p
2026-09-21,havan,"Nacional (rede em quase todos os estados, sede SC) — não confirmado por CEP",,Brinquedos e Lazer,Brinquedos,Blocos,,Blocos De Montar Transformação Carro Vira Robô 2 Em 1 Havan Toys - HBR0682,,667664,199.99,,,sim,https://www.havan.com.br/blocos-de-montar-transformacao-carro-vira-robo-2-em-1-havan-toys-hbr0682/p
2026-09-21,havan,"Nacional (rede em quase todos os estados, sede SC) — não confirmado por CEP",,Brinquedos e Lazer,Brinquedos,Porta,,Porta Lançador Para 20 Carrinhos Hot Wheels Fun - F0141-3,,668261,199.99,,,sim,https://www.havan.com.br/porta-lancador-para-20-carrinhos-hot-wheels-fun-f0141-3/p
2026-09-21,havan,"Nacional (rede em quase todos os estados, sede SC) — não confirmado por CEP",,Brinquedos e Lazer,Brinquedos,Kit,,Kit Bonecos De Personagens 24 Cm Sunny Brinquedos 3 Peças - 4182,,669059,199.99,,,sim,https://www.havan.com.br/kit-bonecos-de-personagens-24-cm-sunny-brinquedos-3-pecas-4182/p
2026-09-21,havan,"Nacional (rede em quase todos os estados, sede SC) — não confirmado por CEP",,Brinquedos e Lazer,Brinquedos,Caminhão,,Caminhão Plataforma com Helicóptero 3 em 1 Lego 270 Peças - 31146,,671651,199.99,,,sim,https://www.havan.com.br/caminhao-plataforma-com-helicoptero-3-em-1-lego-31146/p
2026-09-21,havan,"Nacional (rede em quase todos os estados, sede SC) — não confirmado por CEP",,Brinquedos e Lazer,Brinquedos,Lego,,Lego City Caminhão de Hambúrgueres 194 Peças - 60404,,671657,199.99,,,sim,https://www.havan.com.br/caminhao-de-hamburgueres-city-lego-60404/p
2026-09-21,koerich,SC,,Eletroeletrônicos,Eletrônicos (geral),Controle,,Controle Smart Magic MR22GA TV LG AKB76039903,,webcontinental_MKP005042000362,199.00,,,sim,https://www.koerich.com.br/p/controle-smart-magic-mr22ga-tv-lg-akb76039903/webcontinental_MKP005042000362
2026-09-21,koerich,SC,,Eletroeletrônicos,Eletrônicos (geral),Controle,,Controle Remoto Smart TV LG 32LQ620BPSB 32LQ621CBSB 43UQ7500PSF AKB76040304,,webcontinental_MKP005042000363,69.00,,,sim,https://www.koerich.com.br/p/controle-remoto-smart-tv-lg-32lq620bpsb-32lq621cbsb-43uq7500psf-akb76040304/webcontinental_MKP005042000363
2026-09-21,koerich,SC,,Eletroeletrônicos,Eletrônicos (geral),Controle,,Controle Smart Magic MR23GA TV LG AKB76043104,,webcontinental_MKP005042000365,199.00,,,sim,https://www.koerich.com.br/p/controle-smart-magic-mr23ga-tv-lg-akb76043104/webcontinental_MKP005042000365
2026-09-21,koerich,SC,,Eletroeletrônicos,Eletrônicos (geral),Kit,,Kit Régua De Led TV LG 32LB530B 32LN536B 32LN5400 AGF78399601,,webcontinental_MKP005042000410,239.00,,,sim,https://www.koerich.com.br/p/kit-regua-de-led-tv-lg-32lb530b-32ln536b-32ln5400-agf78399601/webcontinental_MKP005042000410
2026-09-21,koerich,SC,,Eletroeletrônicos,Eletrônicos (geral),Soundbar,,Soundbar 2.1 S40T 300W Preto - LG,,4925700,1499.00,1299.00,,sim,https://www.koerich.com.br/p/soundbar-2-1-s40t-300w-preto-lg/4925700
2026-09-21,koerich,SC,,Eletroeletrônicos,Eletrônicos (geral),Controle,,Controle Remoto TV LG 43UP7500PSF AKB76037602,,webcontinental_MKP005042000370,69.00,,,sim,https://www.koerich.com.br/p/controle-remoto-tv-lg-43up7500psf-akb76037602/webcontinental_MKP005042000370
2026-09-21,koerich,SC,,Eletroeletrônicos,Eletrônicos (geral),Fone,,Fone de Ouvido Philco PFO09P Wave Bluetooth 5.4 com Cancelamento de Ruído Preto,,webcontinental_MKP005657001608,142.90,,,sim,https://www.koerich.com.br/p/fone-de-ouvido-philco-pfo09p-wave-bluetooth-5-4-com-cancelamento-de-ruido-preto/webcontinental_MKP005657001608
2026-09-21,koerich,SC,,Eletroeletrônicos,Eletrônicos (geral),Controle,,Controle Smart Magic MR21GC AKB76036503,,webcontinental_MKP005042000277,199.00,,,sim,https://www.koerich.com.br/p/controle-smart-magic-mr21gc-akb76036503/webcontinental_MKP005042000277
2026-09-21,koerich,SC,,Eletroeletrônicos,Eletrônicos (geral),Controle,,Controle Remoto Magic MR700 LG TV Smart AKB75455602,,webcontinental_MKP005042000351,199.00,,,sim,https://www.koerich.com.br/p/controle-remoto-magic-mr700-lg-tv-smart-akb75455602/webcontinental_MKP005042000351
2026-09-21,koerich,SC,,Eletroeletrônicos,Eletrônicos (geral),Fone,,Fone de Ouvido sem Fio Logitech Zone True Wireless Earbuds Bluetooth 985-001081 Conexão Simultânea,,webcontinental_MKP006630000015,1660.80,,,sim,https://www.koerich.com.br/p/fone-de-ouvido-sem-fio-logitech-zone-true-wireless-earbuds-bluetooth-985-001081-conexao-simultanea/webcontinental_MKP006630000015
2026-09-21,koerich,SC,,Eletroeletrônicos,Eletrônicos (geral),Samsung,,Samsung A07 256GB SM-A075MZGSZTO - Verde,,4964700,1399.00,1099.00,,sim,https://www.koerich.com.br/p/samsung-a07-256gb-sm-a075mzgszto-verde/4964700
2026-09-21,koerich,SC,,Eletroeletrônicos,Eletrônicos (geral),Monitor,,"Monitor Gamer 27"" 1ms, 100Hz, IPS, AMD FreeSync, Full HD, HDMI, DP, Frameless HQ Premium HQ27IP10",,belmicro_83116,783.90,,,sim,https://www.koerich.com.br/p/monitor-gamer-27-1ms-100hz-ips-amd-freesync-full-hd-hdmi-dp-frameless-hq-premium-hq27ip10/belmicro_83116
2026-09-21,koerich,SC,,Eletroeletrônicos,Eletrônicos (geral),Smart,,"Smart TV HQ QLED 50 Polegadas HQ-QLED50SM 4K Wi-Fi Bluetooth, Dolby Audio, Apps, Netflix, YouTube e Prime Video, 3 HDMI",,belmicro_96633,2111.00,,,sim,https://www.koerich.com.br/p/smart-tv-hq-qled-50-polegadas-hq-qled50sm-4k-wi-fi-bluetooth-dolby-audio-apps-netflix-youtube-e-prime-video-3-hdmi/belmicro_96633
2026-09-21,koerich,SC,,Eletroeletrônicos,Eletrônicos (geral),Controle,,Controle Remoto TV LG 43UM7300PSA AKB75675304,,webcontinental_MKP005042000279,69.00,,,sim,https://www.koerich.com.br/p/controle-remoto-tv-lg-43um7300psa-akb75675304/webcontinental_MKP005042000279
2026-09-21,koerich,SC,,Eletroeletrônicos,Eletrônicos (geral),Fone,,"Fone de Ouvido com Fio Kapbom KA-733 com Microfone P2 3,5 mm Preto e Branco",,webcontinental_MKP005608001400,11.90,,,sim,https://www.koerich.com.br/p/fone-de-ouvido-com-fio-kapbom-ka-733-com-microfone-p2-3-5-mm-preto-e-branco/webcontinental_MKP005608001400
2026-09-21,koerich,SC,,Eletroeletrônicos,Eletrônicos (geral),Caixa,,Caixa de Som Boombox Aiwa AWS-BBS01B com Bluetooth e USB Preto,,webcontinental_MKP002647006648,2539.90,,,sim,https://www.koerich.com.br/p/caixa-de-som-boombox-aiwa-aws-bbs01b-com-bluetooth-e-usb-preto/webcontinental_MKP002647006648
2026-09-21,koerich,SC,,Eletroeletrônicos,Eletrônicos (geral),Smart,,Smart TV Samsung UN98U9500HGXZD 98 Crystal UHD 4K Tizen Preto Bivolt,,webcontinental_MKP003082004994,20231.40,,,sim,https://www.koerich.com.br/p/smart-tv-samsung-un98u9500hgxzd-98-crystal-uhd-4k-tizen-preto-bivolt/webcontinental_MKP003082004994
2026-09-21,koerich,SC,,Eletroeletrônicos,Eletrônicos (geral),Smart,,"Smart Tv Aoc Roku Dled 32"" Hd S5135 3 Hdmi",,webcontinental_MKP003958000513,1514.90,,,sim,https://www.koerich.com.br/p/smart-tv-aoc-roku-dled-32-hd-s5135-3-hdmi/webcontinental_MKP003958000513
2026-09-21,koerich,SC,,Eletroeletrônicos,Eletrônicos (geral),,,50 Polegadas TCL QLED 4K Wi-Fi Comando De Voz 50P7K,,webcontinental_MKP000321051289,4338.50,,,sim,https://www.koerich.com.br/p/50-polegadas-tcl-qled-4k-wi-fi-comando-de-voz-50p7k/webcontinental_MKP000321051289
2026-09-21,koerich,SC,,Eletroeletrônicos,Eletrônicos (geral),Tv,,TV Philips 50PUG7300-78 50 Polegadas 4K Ultra HD LED Smart Preto Bivolt,,webcontinental_MKP002648007549,3239.90,,,sim,https://www.koerich.com.br/p/tv-philips-50pug7300-78-50-polegadas-4k-ultra-hd-led-smart-preto-bivolt/webcontinental_MKP002648007549
2026-09-21,koerich,SC,,Eletroeletrônicos,Eletrônicos (geral),Samsung,,Samsung A07 256GB SM-A075MZKSZTO - Preto,,4964701,1399.00,1099.00,,sim,https://www.koerich.com.br/p/samsung-a07-256gb-sm-a075mzkszto-preto/4964701
2026-09-21,koerich,SC,,Eletroeletrônicos,Eletrônicos (geral),Headset,,Headset sem Fio Logitech Zone Vibe Wireless com Dongle USB A-C Bluetooth 5.2 Grafite,,webcontinental_MKP006630000006,791.47,,,sim,https://www.koerich.com.br/p/headset-sem-fio-logitech-zone-vibe-wireless-com-dongle-usb-a-c-bluetooth-5-2-grafite/webcontinental_MKP006630000006
2026-09-21,koerich,SC,,Eletroeletrônicos,Eletrônicos (geral),Samsung,,Samsung A36 128GB 5G Branco + Buds Core,,k9699,2998.00,,,sim,https://www.koerich.com.br/p/samsung-a36-128gb-5g-branco-buds-core/k9699
2026-09-21,koerich,SC,,Eletroeletrônicos,Eletrônicos (geral),Smart,,"Smart TV HQ 32"" HD Tela sem Bordas Sistema Android Design Slim HQS32NKHM",,belmicro_84044,932.22,,,sim,https://www.koerich.com.br/p/smart-tv-hq-32-hd-tela-sem-bordas-sistema-android-design-slim-hqs32nkhm/belmicro_84044
2026-09-21,koerich,SC,,Eletroeletrônicos,Eletrônicos (geral),Notebook,,Notebook Slim IdeaPad 5I 5IRH10 512GBS 8GB - Lenovo,,4975500,5199.00,4259.00,,sim,https://www.koerich.com.br/p/notebook-slim-ideapad-5i-5irh10-512gbs-8gb-lenovo/4975500
2026-09-21,koerich,SC,,Eletroeletrônicos,Eletrônicos (geral),Rádio,,Rádio Portátil Kapbom KA-136 com Bluetooth 3W RMS Bivolt Preto,,webcontinental_MKP006477000695,112.99,,,sim,https://www.koerich.com.br/p/radio-portatil-kapbom-ka-136-com-bluetooth-3w-rms-bivolt-preto/webcontinental_MKP006477000695
2026-09-21,koerich,SC,,Eletroeletrônicos,Eletrônicos (geral),Smart,,"Smart TV Britânia B32CRA 32"" LED HD Grafite Bivolt",,webcontinental_MKP006176002117,1396.90,,,sim,https://www.koerich.com.br/p/smart-tv-britania-b32cra-32-led-hd-grafite-bivolt/webcontinental_MKP006176002117
2026-09-21,koerich,SC,,Eletroeletrônicos,Eletrônicos (geral),Pilha,,Pilha Alcalina AA Elgin Comum para Brinquedos Controles Lanternas 10 Blisters,,webcontinental_MKP006730000093,56.00,,,sim,https://www.koerich.com.br/p/pilha-alcalina-aa-elgin-comum-para-brinquedos-controles-lanternas-10-blisters/webcontinental_MKP006730000093
2026-09-21,koerich,SC,,Eletroeletrônicos,Eletrônicos (geral),Fone,,Fone de Ouvido Earbud Aiwa AWS-EB-05-B Bluetooth com ENC e App Preto,,webcontinental_MKP006611000413,171.65,,,sim,https://www.koerich.com.br/p/fone-de-ouvido-earbud-aiwa-aws-eb-05-b-bluetooth-com-enc-e-app-preto/webcontinental_MKP006611000413
2026-09-21,koerich,SC,,Eletroeletrônicos,Eletrônicos (geral),Suporte,,Suporte De Parede Fixo TV LG MJH66420806,,webcontinental_MKP005042000658,439.01,,,sim,https://www.koerich.com.br/p/suporte-de-parede-fixo-tv-lg-mjh66420806/webcontinental_MKP005042000658
2026-09-21,koerich,SC,,Eletroeletrônicos,Eletrônicos (geral),Tv,,TV Smart LG OLED AI 4K 55 Polegadas Preto Bivolt,,webcontinental_MKP005042001517,7159.00,6159.00,,sim,https://www.koerich.com.br/p/tv-smart-lg-oled-ai-4k-55-polegadas-preto-bivolt/webcontinental_MKP005042001517
2026-09-21,koerich,SC,,Eletroeletrônicos,Eletrônicos (geral),Caixa,,Caixa Amplificada Connect Lights Plus Cm-700 Cm-700 Bivolt,,webcontinental_MKP002478000488,699.00,,,sim,https://www.koerich.com.br/p/caixa-amplificada-connect-lights-plus-cm-700-cm-700-bivolt/webcontinental_MKP002478000488
2026-09-21,koerich,SC,,Eletroeletrônicos,Eletrônicos (geral),Tv,,TV 43 QLED QN43Q5FAAGXZD Preto - Samsung,,4997500,2199.00,1789.00,,sim,https://www.koerich.com.br/p/tv-43-qled-qn43q5faagxzd-preto-samsung/4997500
2026-09-21,koerich,SC,,Eletroeletrônicos,Eletrônicos (geral),Tablet,,Tablet S10 5G Lite Samsung SM-X406BZADZTO - Cinza,,4994300,3499.00,,,sim,https://www.koerich.com.br/p/tablet-s10-5g-lite-samsung-sm-x406bzadzto-cinza/4994300
2026-09-21,koerich,SC,,Eletroeletrônicos,Eletrônicos (geral),Smart,,Smart TV 55 MiniLED 55C6K UHD 4K Preto - TCL,,4927200,3999.00,3359.00,,sim,https://www.koerich.com.br/p/smart-tv-55-miniled-55c6k-uhd-4k-preto-tcl/4927200
2026-09-21,koerich,SC,,Eletroeletrônicos,Eletrônicos (geral),Samsung,,Samsung A07 128GB SM-A075MZGRZTO - Verde,,4964600,999.00,839.00,,sim,https://www.koerich.com.br/p/samsung-a07-128gb-sm-a075mzgrzto-verde/4964600
2026-09-21,koerich,SC,,Eletroeletrônicos,Eletrônicos (geral),Multifuncional,,Multifuncional Epson L3250 Ecotank com Wireless - Preto,,4325300,1699.00,1199.00,,sim,https://www.koerich.com.br/p/multifuncional-epson-l3250-ecotank-com-wireless-preto/4325300
2026-09-21,koerich,SC,,Eletroeletrônicos,Eletrônicos (geral),Smartphone,,Smartphone Jovi Y21 4G 256GB Lilás - Jovi,,5054001,1699.00,1599.00,,sim,https://www.koerich.com.br/p/smartphone-jovi-y21-4g-256gb-lilas-jovi/5054001
2026-09-21,koerich,SC,,Eletroeletrônicos,Eletrônicos (geral),Smart,,"Smart TV HQ 24"" HD Tela sem Bordas Sistema Android Design Slim HQS24NKHM",,belmicro_88334,810.00,,,sim,https://www.koerich.com.br/p/smart-tv-hq-24-hd-tela-sem-bordas-sistema-android-design-slim-hqs24nkhm/belmicro_88334
2026-09-21,koerich,SC,,Eletroeletrônicos,Eletrônicos (geral),Samsung,,Samsung A36 5G 128GB SM-A366EZARZTO Branco,,4897401,2599.00,1999.00,,sim,https://www.koerich.com.br/p/samsung-a36-5g-128gb-sm-a366ezarzto-branco/4897401
2026-09-21,koerich,SC,,Eletroeletrônicos,Eletrônicos (geral),Iphone,,Iphone 15 Apple 128GB - Preto,,4659000,7499.00,5119.00,,sim,https://www.koerich.com.br/p/iphone-15-apple-128gb-preto/4659000
2026-09-21,koerich,SC,,Eletroeletrônicos,Eletrônicos (geral),Smartphone,,Smartphone Samsung A17 256GB + Galaxy Buds Core SM-R410NZKAZTO - Azul,,k9646,2398.00,,,sim,https://www.koerich.com.br/p/smartphone-samsung-a17-256gb-galaxy-buds-core-sm-r410nzkazto-azul/k9646
2026-09-21,koerich,SC,,Eletroeletrônicos,Eletrônicos (geral),Smart,,"Smart TV Tronos TR43SFA12B 43"" Full HD LED Preto Android Bivolt",,webcontinental_MKP006369000014,1700.00,,,sim,https://www.koerich.com.br/p/smart-tv-tronos-tr43sfa12b-43-full-hd-led-preto-android-bivolt/webcontinental_MKP006369000014
2026-09-21,koerich,SC,,Eletroeletrônicos,Eletrônicos (geral),Escada,,Escada Telescópica Aluminio Fortt 5m 8+8 Degraus - ETA01-5m,,belmicro_79501,841.05,,,sim,https://www.koerich.com.br/p/escada-telescopica-aluminio-fortt-5m-8-8-degraus-eta01-5m/belmicro_79501
2026-09-21,koerich,SC,,Eletroeletrônicos,Eletrônicos (geral),Pilha,,"Pilha Recarregável AA Elgin Alcalina 1200MAH 1,6V USB-C Kit 2 Unidades",,webcontinental_MKP006730000259,89.00,,,sim,https://www.koerich.com.br/p/pilha-recarregavel-aa-elgin-alcalina-1200mah-1-6v-usb-c-kit-2-unidades/webcontinental_MKP006730000259
2026-09-21,koerich,SC,,Eletroeletrônicos,Eletrônicos (geral),Lanterna,,Lanterna Tática de Defesa Pessoal Utimix Recarregável USB com Choque LED Alta Potência Compacta,,webcontinental_MKP005396008897,95.90,,,sim,https://www.koerich.com.br/p/lanterna-tatica-de-defesa-pessoal-utimix-recarregavel-usb-com-choque-led-alta-potencia-compacta/webcontinental_MKP005396008897
2026-09-21,koerich,SC,,Eletroeletrônicos,Eletrônicos (geral),Fone,,Fone de Ouvido com Fio Kapbom KA-833 Microfone Integrado Conexao P3 3.5MM Branco,,webcontinental_MKP006477000684,7.99,,,sim,https://www.koerich.com.br/p/fone-de-ouvido-com-fio-kapbom-ka-833-microfone-integrado-conexao-p3-3-5mm-branco/webcontinental_MKP006477000684
2026-09-21,koerich,SC,,Eletroeletrônicos,Eletrônicos (geral),Alto,,Alto Falantes Woofer Tweeter Loud Speaker LG AAX76974701,,webcontinental_MKP005042000954,1642.55,,,sim,https://www.koerich.com.br/p/alto-falantes-woofer-tweeter-loud-speaker-lg-aax76974701/webcontinental_MKP005042000954
2026-09-21,koerich,SC,,Eletroeletrônicos,Eletrônicos (geral),Lanterna,,Lanterna Tática de Defesa Pessoal Utimix Recarregável USB com Choque Alta Potência LED Compacta,,webcontinental_MKP005078009284,95.90,,,sim,https://www.koerich.com.br/p/lanterna-tatica-de-defesa-pessoal-utimix-recarregavel-usb-com-choque-alta-potencia-led-compacta/webcontinental_MKP005078009284
2026-09-21,koerich,SC,,Eletroeletrônicos,Eletrônicos (geral),Controle,,Controle Smart Magic MR22GN NFC TV LG 50NANO75SQA 55NANO80SQA OLED55C2PSA AKB76040003,,webcontinental_MKP005042000359,169.00,,,sim,https://www.koerich.com.br/p/controle-smart-magic-mr22gn-nfc-tv-lg-50nano75sqa-55nano80sqa-oled55c2psa-akb76040003/webcontinental_MKP005042000359
2026-09-21,koerich,SC,,Eletroeletrônicos,Eletrônicos (geral),Smart,,"Smart Tv Aiwa 43"" Android Full Hd Aws-tv-43-bl-02-a Bivolt",,webcontinental_MKP002478000849,2399.00,,,sim,https://www.koerich.com.br/p/smart-tv-aiwa-43-android-full-hd-aws-tv-43-bl-02-a-bivolt/webcontinental_MKP002478000849
2026-09-21,koerich,SC,,Eletroeletrônicos,Eletrônicos (geral),Smart,,Smart Tv Led 32 Polegadas Phq Hd Hqstv32 Preto Bivolt,,webcontinental_MKP003137003829,1099.90,,,sim,https://www.koerich.com.br/p/smart-tv-led-32-polegadas-phq-hd-hqstv32-preto-bivolt/webcontinental_MKP003137003829
2026-09-21,koerich,SC,,Eletroeletrônicos,Eletrônicos (geral),Caixa,,Caixa de Som Amplificada Philco PCX7200 - 1350W Connection Preta Bivolt,,webcontinental_MKP005657001083,929.90,,,sim,https://www.koerich.com.br/p/caixa-de-som-amplificada-philco-pcx7200-1350w-connection-preta-bivolt/webcontinental_MKP005657001083
2026-09-21,koerich,SC,,Eletroeletrônicos,Eletrônicos (geral),Samsung,,Samsung A17 128GB SM-A175FZKLZTO - Preto,,4969202,1699.00,1199.00,,sim,https://www.koerich.com.br/p/samsung-a17-128gb-sm-a175fzklzto-preto/4969202
2026-09-21,koerich,SC,,Eletroeletrônicos,Eletrônicos (geral),Suporte,,Suporte De Parede Fixo TV LG MEC63570101,,webcontinental_MKP005042000657,149.00,,,sim,https://www.koerich.com.br/p/suporte-de-parede-fixo-tv-lg-mec63570101/webcontinental_MKP005042000657
2026-09-21,koerich,SC,,Eletroeletrônicos,Eletrônicos (geral),Escada,,Escada Telescópica Aluminio Fortt 2.6m 9 Degraus - ETA01-2.6m,,belmicro_79497,299.00,,,sim,https://www.koerich.com.br/p/escada-telescopica-aluminio-fortt-2-6m-9-degraus-eta01-2-6m/belmicro_79497
2026-09-21,koerich,SC,,Eletroeletrônicos,Eletrônicos (geral),Smart,,Smart TV Samsung 55 Polegadas Mini LED M75H Vision AI Preto,,5073000,3999.00,3399.00,,sim,https://www.koerich.com.br/p/smart-tv-samsung-55-polegadas-mini-led-m75h-vision-ai-preto/5073000
2026-09-21,koerich,SC,,Eletroeletrônicos,Eletrônicos (geral),Smart,,"Smart TV Philco P49CRA 49"" UHD 4K DLED Cinza com Roku TV HDR10 Bivolt",,webcontinental_MKP006176002089,2749.90,,,sim,https://www.koerich.com.br/p/smart-tv-philco-p49cra-49-uhd-4k-dled-cinza-com-roku-tv-hdr10-bivolt/webcontinental_MKP006176002089
2026-09-21,koerich,SC,,Eletroeletrônicos,Eletrônicos (geral),Controle,,Controle Remoto LG AKB75095315.ACC para Tvs Smart com Atalhos Amazon e Netflix Bivolt Preto,,webcontinental_MKP005042000280,69.00,,,sim,https://www.koerich.com.br/p/controle-remoto-lg-akb75095315-acc-para-tvs-smart-com-atalhos-amazon-e-netflix-bivolt-preto/webcontinental_MKP005042000280
2026-09-21,koerich,SC,,Eletroeletrônicos,Eletrônicos (geral),Caixa,,Caixa De Som Amplificada Philco Bluetooth V5.1 600W PCX5200 Bivolt,,webcontinental_MKP006176001355,824.90,699.90,,sim,https://www.koerich.com.br/p/caixa-de-som-amplificada-philco-bluetooth-v5-1-600w-pcx5200-bivolt/webcontinental_MKP006176001355
2026-09-21,koerich,SC,,Eletroeletrônicos,Eletrônicos (geral),Smart,,"Smart TV Philco P32CRA 32"" HD LED Cinza com Roku TV Wi-Fi Bivolt",,webcontinental_MKP006176002077,2188.90,,,sim,https://www.koerich.com.br/p/smart-tv-philco-p32cra-32-hd-led-cinza-com-roku-tv-wi-fi-bivolt/webcontinental_MKP006176002077
2026-09-21,koerich,SC,,Eletroeletrônicos,Eletrônicos (geral),Fone,,Fone De Ouvido Philips Tae2146 Preto,,webcontinental_MKP000321050872,50.75,,,sim,https://www.koerich.com.br/p/fone-de-ouvido-philips-tae2146-preto/webcontinental_MKP000321050872
2026-09-21,koerich,SC,,Eletroeletrônicos,Eletrônicos (geral),Smart,,Smart TV 55 QLED HQ-QLED55SM 4K UHD Preto - HQ,,5009300,2999.00,2379.00,,sim,https://www.koerich.com.br/p/smart-tv-55-qled-hq-qled55sm-4k-uhd-preto-hq/5009300
2026-09-21,koerich,SC,,Eletroeletrônicos,Eletrônicos (geral),Iphone,,Iphone 17 256gb 5g - Apple,,5009901,8599.00,8499.00,,sim,https://www.koerich.com.br/p/iphone-17-256gb-5g-apple/5009901
2026-09-21,koerich,SC,,Eletroeletrônicos,Eletrônicos (geral),Smart,,Smart TV 43 LED 43S5K FHD TCL - Preto,,4962000,2199.00,1699.00,,sim,https://www.koerich.com.br/p/smart-tv-43-led-43s5k-fhd-tcl-preto/4962000
2026-09-21,koerich,SC,,Eletroeletrônicos,Eletrônicos (geral),Caixa,,Caixa de Som Partybox Aiwa AWS-PB-06 300W 2 Vias Bluetooth 5.3 USB TWS Preto,,webcontinental_MKP002478001356,2999.90,,,sim,https://www.koerich.com.br/p/caixa-de-som-partybox-aiwa-aws-pb-06-300w-2-vias-bluetooth-5-3-usb-tws-preto/webcontinental_MKP002478001356
2026-09-21,koerich,SC,,Eletroeletrônicos,Eletrônicos (geral),Fone,,Fone de Ouvido com Fio Logitech Zone Wired Earbuds Teams 981-001008 Chamadas e Música USB-A USB-C,,webcontinental_MKP006630000018,360.48,,,sim,https://www.koerich.com.br/p/fone-de-ouvido-com-fio-logitech-zone-wired-earbuds-teams-981-001008-chamadas-e-musica-usb-a-usb-c/webcontinental_MKP006630000018
2026-09-21,koerich,SC,,Eletroeletrônicos,Eletrônicos (geral),Monitor,,Monitor LG 24” IPS Full HD 100Hz HDMI Ajuste de Inclinação 24MS500-B,,webcontinental_MKP005042000641,809.84,,,sim,https://www.koerich.com.br/p/monitor-lg-24-ips-full-hd-100hz-hdmi-ajuste-de-inclinacao-24ms500-b/webcontinental_MKP005042000641
2026-09-21,koerich,SC,,Eletroeletrônicos,Eletrônicos (geral),Smartphone,,Smartphone Jovi Y21 4G 256GB Preto - Jovi,,5054000,1699.00,1599.00,,sim,https://www.koerich.com.br/p/smartphone-jovi-y21-4g-256gb-preto-jovi/5054000
2026-09-21,koerich,SC,,Eletroeletrônicos,Eletrônicos (geral),Smart,,Smart TV HQ 50” 4K Bordas Ultrafinas Sistema Operacional Whale OS Smart Design Slim - HQS50NKHM,,belmicro_84047,2321.11,,,sim,https://www.koerich.com.br/p/smart-tv-hq-50-4k-bordas-ultrafinas-sistema-operacional-whale-os-smart-design-slim-hqs50nkhm/belmicro_84047
2026-09-21,koerich,SC,,Eletroeletrônicos,Eletrônicos (geral),Fone,,Fone de Ouvido Aquilae com Entrada P2 3.5MM para Celulares e Computador Branco,,webcontinental_MKP005844009618,9.90,,,sim,https://www.koerich.com.br/p/fone-de-ouvido-aquilae-com-entrada-p2-3-5mm-para-celulares-e-computador-branco/webcontinental_MKP005844009618
2026-09-21,koerich,SC,,Eletroeletrônicos,Eletrônicos (geral),Notebook,,Notebook Asus I5 X1504VA-NJ1740W 8GB 512GB - Cool Silver,,4971800,5299.00,4999.00,,sim,https://www.koerich.com.br/p/notebook-asus-i5-x1504va-nj1740w-8gb-512gb-cool-silver/4971800
2026-09-21,koerich,SC,,Eletroeletrônicos,Eletrônicos (geral),Controle,,"Controle Smart Magic MR21GA TV LG 55SK8500PSA, 43NANO75SPA, 65UP7550PSF AKB76039703",,webcontinental_MKP005042000295,199.00,,,sim,https://www.koerich.com.br/p/controle-smart-magic-mr21ga-tv-lg-55sk8500psa-43nano75spa-65up7550psf-akb76039703/webcontinental_MKP005042000295
2026-09-21,koerich,SC,,Eletroeletrônicos,Eletrônicos (geral),Smartphone,,Smartphone Samsung A17 256GB + Galaxy Buds Core SM-R410NZKAZTO - Cinza,,k9645,2398.00,,,sim,https://www.koerich.com.br/p/smartphone-samsung-a17-256gb-galaxy-buds-core-sm-r410nzkazto-cinza/k9645
2026-09-21,koerich,SC,,Eletroeletrônicos,Eletrônicos (geral),Fone,,Fone de Ouvido com Fio Intra Auricular Logitech Zone Wired Earbuds UC 981 001012 Uso Corporativo,,webcontinental_MKP006630000033,378.50,,,sim,https://www.koerich.com.br/p/fone-de-ouvido-com-fio-intra-auricular-logitech-zone-wired-earbuds-uc-981-001012-uso-corporativo/webcontinental_MKP006630000033
2026-09-21,koerich,SC,,Eletroeletrônicos,Eletrônicos (geral),Smart,,Smart TV 50 QLED QN50Q7FAAGXZD Vision AI Preto - Samsung,,5032800,3599.00,2979.00,,sim,https://www.koerich.com.br/p/smart-tv-50-qled-qn50q7faagxzd-vision-ai-preto-samsung/5032800
2026-09-21,koerich,SC,,Eletroeletrônicos,Eletrônicos (geral),Caixa,,Caixa de Som Party Box Mondial PBX-350 350W Bluetooth 5.0 com LED RGB,,webcontinental_MKP002478001099,499.00,,,sim,https://www.koerich.com.br/p/caixa-de-som-party-box-mondial-pbx-350-350w-bluetooth-5-0-com-led-rgb/webcontinental_MKP002478001099
2026-09-21,koerich,SC,,Eletroeletrônicos,Eletrônicos (geral),Smartphone,,Smartphone Motorola Moto G06 128GB XT2535-1 Azul marinho - Motorola,,4994100,999.00,799.00,,sim,https://www.koerich.com.br/p/smartphone-motorola-moto-g06-128gb-xt2535-1-azul-marinho-motorola/4994100
2026-09-21,koerich,SC,,Eletroeletrônicos,Eletrônicos (geral),Smart,,Smart Tv Lg 65 4k Uhd 65au801c0sa.bwz,,webcontinental_MKP006611000275,4435.20,,,sim,https://www.koerich.com.br/p/smart-tv-lg-65-4k-uhd-65au801c0sa-bwz/webcontinental_MKP006611000275
2026-09-21,koerich,SC,,Eletroeletrônicos,Eletrônicos (geral),Controle,,Controle Smart Magic MR22GN NFC TV LG 55LX1QPSA,,webcontinental_MKP005042000815,189.05,,,sim,https://www.koerich.com.br/p/controle-smart-magic-mr22gn-nfc-tv-lg-55lx1qpsa/webcontinental_MKP005042000815
2026-09-21,koerich,SC,,Eletroeletrônicos,Eletrônicos (geral),Controle,,Controle Remoto Para Monitores AKB73715689,,webcontinental_MKP005042000837,79.99,,,sim,https://www.koerich.com.br/p/controle-remoto-para-monitores-akb73715689/webcontinental_MKP005042000837
2026-09-21,koerich,SC,,Eletroeletrônicos,Eletrônicos (geral),Caixa,,Caixa De Som Acústica Philco Extreme 750W Ex Bass PCX7100 Preta Bivolt,,webcontinental_MKP005657001464,629.90,,,sim,https://www.koerich.com.br/p/caixa-de-som-acustica-philco-extreme-750w-ex-bass-pcx7100-preta-bivolt/webcontinental_MKP005657001464
2026-09-21,koerich,SC,,Eletroeletrônicos,Eletrônicos (geral),Smart,,Smart TV TCL C6K 65 Polegadas 4K QLED Mini LED Preto Bivolt,,webcontinental_MKP003341001330,6109.90,5429.52,,sim,https://www.koerich.com.br/p/smart-tv-tcl-c6k-65-polegadas-4k-qled-mini-led-preto-bivolt/webcontinental_MKP003341001330
2026-09-21,koerich,SC,,Eletroeletrônicos,Eletrônicos (geral),Fone,,Fone de Ouvido Auricular com Fio Kapbom KA-736 com Microfone e Conexão P3 3.5mm 32 OHMS 95 DB ± 3,,webcontinental_MKP006419001333,7.23,,,sim,https://www.koerich.com.br/p/fone-de-ouvido-auricular-com-fio-kapbom-ka-736-com-microfone-e-conexao-p3-3-5mm-32-ohms-95-db-3/webcontinental_MKP006419001333
2026-09-21,koerich,SC,,Eletroeletrônicos,Eletrônicos (geral),Lanterna,,Lanterna Tática de Defesa Pessoal Utimix Recarregável USB com Choque Alta Potência LED Compacta,,webcontinental_MKP005393008637,95.90,,,sim,https://www.koerich.com.br/p/lanterna-tatica-de-defesa-pessoal-utimix-recarregavel-usb-com-choque-alta-potencia-led-compacta/webcontinental_MKP005393008637
2026-09-21,koerich,SC,,Eletroeletrônicos,Eletrônicos (geral),Caixa,,Caixa de Som Amplificada Amvox ACA 610 Boomvox 610W RMS Bluetooth USB AUX Grafite,,webcontinental_MKP005476001194,2039.00,,,sim,https://www.koerich.com.br/p/caixa-de-som-amplificada-amvox-aca-610-boomvox-610w-rms-bluetooth-usb-aux-grafite/webcontinental_MKP005476001194
2026-09-21,koerich,SC,,Eletroeletrônicos,Eletrônicos (geral),Lg,,LG XBOOM Bounce By - Caixa De Som Bluetooth Com Radiadores Passivos,,webcontinental_MKP005042001222,899.00,,,sim,https://www.koerich.com.br/p/lg-xboom-bounce-by-caixa-de-som-bluetooth-com-radiadores-passivos/webcontinental_MKP005042001222
2026-09-21,koerich,SC,,Eletroeletrônicos,Eletrônicos (geral),Smart,,"Smart TV Samsung 65DU7700 65"" UHD 4K LED com Alexa Built In Bivolt",,webcontinental_MKP003958000935,5366.90,,,sim,https://www.koerich.com.br/p/smart-tv-samsung-65du7700-65-uhd-4k-led-com-alexa-built-in-bivolt/webcontinental_MKP003958000935
2026-09-21,koerich,SC,,Eletroeletrônicos,Eletrônicos (geral),Smart,,"Smart Tv Aoc Roku Dled 43"" Full Hd S5135 3 Hdmi",,webcontinental_MKP003958000519,2195.90,,,sim,https://www.koerich.com.br/p/smart-tv-aoc-roku-dled-43-full-hd-s5135-3-hdmi/webcontinental_MKP003958000519
2026-09-21,koerich,SC,,Eletroeletrônicos,Eletrônicos (geral),Fone,,Fone Xiaomi Redmi Buds 8 Cancelamento Ativo 50dB Bluetooth 5.4 Preto,,webcontinental_MKP006293000695,679.99,,,sim,https://www.koerich.com.br/p/fone-xiaomi-redmi-buds-8-cancelamento-ativo-50db-bluetooth-5-4-preto/webcontinental_MKP006293000695
2026-09-21,koerich,SC,,Eletroeletrônicos,Eletrônicos (geral),Controle,,Controle Smart Magic MR24GA TV LG AKB76045004,,webcontinental_MKP005042000541,199.00,,,sim,https://www.koerich.com.br/p/controle-smart-magic-mr24ga-tv-lg-akb76045004/webcontinental_MKP005042000541
2026-09-21,koerich,SC,,Eletroeletrônicos,Eletrônicos (geral),Caixa,,"Caixa Acústica LG XBOOM RNC7 - Multi Bluetooth, Graves Potentes, Entrada De Microfone E Guitarra",,webcontinental_MKP005042001191,2078.70,,,sim,https://www.koerich.com.br/p/caixa-acustica-lg-xboom-rnc7-multi-bluetooth-graves-potentes-entrada-de-microfone-e-guitarra/webcontinental_MKP005042001191
2026-09-21,koerich,SC,,Eletroeletrônicos,Eletrônicos (geral),Smart,,Smart TV 50 QNED70BSA QNED MINI LED IA 4K SMART Preto - LG,,5054500,3199.00,2999.00,,sim,https://www.koerich.com.br/p/smart-tv-50-qned70bsa-qned-mini-led-ia-4k-smart-preto-lg/5054500
2026-09-21,koerich,SC,,Eletroeletrônicos,Eletrônicos (geral),Garrafa,,Garrafa Tinta T544122 Preto - Epson,,4937000,62.90,54.90,,sim,https://www.koerich.com.br/p/garrafa-tinta-t544122-preto-epson/4937000
2026-09-21,koerich,SC,,Eletroeletrônicos,Eletrônicos (geral),Caixa,,Caixa de Som Amplificada Amvox ACA 310 Boombox 310W 2.0 Bluetooth Grafite,,webcontinental_MKP005476001196,1129.00,,,sim,https://www.koerich.com.br/p/caixa-de-som-amplificada-amvox-aca-310-boombox-310w-2-0-bluetooth-grafite/webcontinental_MKP005476001196
2026-09-21,koerich,SC,,Eletroeletrônicos,Eletrônicos (geral),Samsung,,Samsung S25FE 128GB SM-S731BZKRZTO - Black,,4969502,4299.00,3329.00,,sim,https://www.koerich.com.br/p/samsung-s25fe-128gb-sm-s731bzkrzto-black/4969502
2026-09-21,koerich,SC,,Eletroeletrônicos,Eletrônicos (geral),Fone,,Fone de Ouvido Bluetooth WAAW ESSENCE 200 Bivolt com Power Bass Preto,,webcontinental_MKP006070000457,249.90,,,sim,https://www.koerich.com.br/p/fone-de-ouvido-bluetooth-waaw-essence-200-bivolt-com-power-bass-preto/webcontinental_MKP006070000457
2026-09-21,koerich,SC,,Eletroeletrônicos,Eletrônicos (geral),Galaxy,,Galaxy Buds Core SM-R410NZKAZTO Preto - Samsung,,4972100,399.00,299.00,,sim,https://www.koerich.com.br/p/galaxy-buds-core-sm-r410nzkazto-preto-samsung/4972100
2026-09-21,koerich,SC,,Eletroeletrônicos,Eletrônicos (geral),Monitor,,Monitor LG UltraGear™ G4 FHD 240Hz HDMI 2.0 NVIDIA,,webcontinental_MKP005042001449,1664.07,,,sim,https://www.koerich.com.br/p/monitor-lg-ultrageartm-g4-fhd-240hz-hdmi-2-0-nvidia/webcontinental_MKP005042001449
2026-09-21,koerich,SC,,Eletroeletrônicos,Eletrônicos (geral),Lg,,LG XBOOM XG9S Caixa De Som Bluetooth Portátil - IP67 e 24 Horas De Bateria,,webcontinental_MKP005042001247,1899.00,,,sim,https://www.koerich.com.br/p/lg-xboom-xg9s-caixa-de-som-bluetooth-portatil-ip67-e-24-horas-de-bateria/webcontinental_MKP005042001247
2026-09-21,koerich,SC,,Eletroeletrônicos,Eletrônicos (geral),Smartphone,,Smartphone Jovi Y31 512GB 8GB Preto - Jovi,,5053900,2999.00,2799.00,,sim,https://www.koerich.com.br/p/smartphone-jovi-y31-512gb-8gb-preto-jovi/5053900
2026-09-21,koerich,SC,,Eletroeletrônicos,Eletrônicos (geral),Tv,,TV Smart LG NU850 75 Polegadas 4K Ultra HD LED Preto Bivolt com AI Nano UHD Dolby Audio Webos 26,,webcontinental_MKP005042001490,6699.00,,,sim,https://www.koerich.com.br/p/tv-smart-lg-nu850-75-polegadas-4k-ultra-hd-led-preto-bivolt-com-ai-nano-uhd-dolby-audio-webos-26/webcontinental_MKP005042001490
2026-09-21,koerich,SC,,Eletroeletrônicos,Eletrônicos (geral),Monitor,,"Monitor Gamer Curvo 52"" 5K2K VA 240Hz 1ms Displayhdr 600 Preto Bivolt LG",,webcontinental_MKP005042001486,17840.92,,,sim,https://www.koerich.com.br/p/monitor-gamer-curvo-52-5k2k-va-240hz-1ms-displayhdr-600-preto-bivolt-lg/webcontinental_MKP005042001486
2026-09-21,koerich,SC,,Eletroeletrônicos,Eletrônicos (geral),Fone,,Fone de Ouvido Bluetooth Headphone Aquilae B05 Wireless Stereo Micro Sd Fm P2 Mp3 Vermelho,,webcontinental_MKP005775001157,79.90,,,sim,https://www.koerich.com.br/p/fone-de-ouvido-bluetooth-headphone-aquilae-b05-wireless-stereo-micro-sd-fm-p2-mp3-vermelho/webcontinental_MKP005775001157
2026-09-21,koerich,SC,,Eletroeletrônicos,Eletrônicos (geral),Notebook,,Notebook Lenovo IdeaPad N100 4GB 128GB Cinza - Lenovo,,5070300,3699.00,3329.10,,sim,https://www.koerich.com.br/p/notebook-lenovo-ideapad-n100-4gb-128gb-cinza-lenovo/5070300
2026-09-21,koerich,SC,,Eletroeletrônicos,Eletrônicos (geral),Smartphone,,Smartphone Samsung A17 256GB + Galaxy Buds Core SM-R410NZKAZTO - Preto,,k9644,2398.00,2099.00,,sim,https://www.koerich.com.br/p/smartphone-samsung-a17-256gb-galaxy-buds-core-sm-r410nzkazto-preto/k9644
2026-09-21,koerich,SC,,Eletroeletrônicos,Eletrônicos (geral),Samsung,,Samsung A37 256GB 5G SM-A376BZALZTO Preto,,5031801,3599.00,2699.00,,sim,https://www.koerich.com.br/p/samsung-a37-256gb-5g-sm-a376bzalzto-preto/5031801
2026-09-21,koerich,SC,,Eletroeletrônicos,Eletrônicos (geral),Smart,,Smart TV 43 Polegadas Roku TV 43S5155/78G S5155 Full HD Preto - AOC,,5062500,1999.00,1499.00,,sim,https://www.koerich.com.br/p/smart-tv-43-polegadas-roku-tv-43s5155-78g-s5155-full-hd-preto-aoc/5062500
2026-09-21,koerich,SC,,Eletroeletrônicos,Eletrônicos (geral),Smart,,Smart TV 50 LED UN50U8600FGXZD Preto - Samsung,,4922200,2999.00,2599.00,,sim,https://www.koerich.com.br/p/smart-tv-50-led-un50u8600fgxzd-preto-samsung/4922200
2026-09-21,koerich,SC,,Eletroeletrônicos,Eletrônicos (geral),Smart,,Smart TV Philco P50CRB 50 4K UHD DLED Cinza Roku TV Bivolt,,webcontinental_MKP005476001340,2666.67,,,sim,https://www.koerich.com.br/p/smart-tv-philco-p50crb-50-4k-uhd-dled-cinza-roku-tv-bivolt/webcontinental_MKP005476001340
2026-09-21,koerich,SC,,Eletroeletrônicos,Eletrônicos (geral),Controle,,"Controle Remoto Magic MR20GA TV LG 50UN7310PSC, 65NANO86UN",,webcontinental_MKP005042000281,206.11,,,sim,https://www.koerich.com.br/p/controle-remoto-magic-mr20ga-tv-lg-50un7310psc-65nano86un/webcontinental_MKP005042000281
2026-09-21,koerich,SC,,Eletroeletrônicos,Eletrônicos (geral),Caixa,,Caixa de Som Amplificada Philco 1500W Bluetooth V5.3 PCX10100 Bivolt,,webcontinental_MKP006176001137,2342.90,1099.90,,sim,https://www.koerich.com.br/p/caixa-de-som-amplificada-philco-1500w-bluetooth-v5-3-pcx10100-bivolt/webcontinental_MKP006176001137
2026-09-21,koerich,SC,,Eletroeletrônicos,Eletrônicos (geral),Tablet,,Tablet A11+ SM-X236BZAAZTO Cinza - Samsung,,4993000,2399.00,2099.00,,sim,https://www.koerich.com.br/p/tablet-a11-sm-x236bzaazto-cinza-samsung/4993000
2026-09-21,koerich,SC,,Eletroeletrônicos,Eletrônicos (geral),Caixa,,"Caixa De Som Bluetooth Party Speaker LG XBOOM 200W RMS, Resistente À Água (IPX4), 12 horas de bateria e Iluminação de Festa - XL5T",,webcontinental_MKP005042001256,2338.70,,,sim,https://www.koerich.com.br/p/caixa-de-som-bluetooth-party-speaker-lg-xboom-200w-rms-resistente-a-agua-ipx4-12-horas-de-bateria-e-iluminacao-de-festa-xl5t/webcontinental_MKP005042001256
2026-09-21,koerich,SC,,Eletroeletrônicos,Eletrônicos (geral),Smart,,Smart TV 50 50P7L 4K QLED Google TV Preto - TCL,,5055300,2999.00,2799.00,,sim,https://www.koerich.com.br/p/smart-tv-50-50p7l-4k-qled-google-tv-preto-tcl/5055300
2026-09-21,koerich,SC,,Eletroeletrônicos,Eletrônicos (geral),Smartphone,,Smartphone Jovi V70 5G 512GB 8GB RAM Azul Safira - Jovi,,5053800,4399.00,4299.00,,sim,https://www.koerich.com.br/p/smartphone-jovi-v70-5g-512gb-8gb-ram-azul-safira-jovi/5053800
2026-09-21,koerich,SC,,Eletroeletrônicos,Eletrônicos (geral),Smart,,"Smart TV Philips 32"" HD Google TV HDMI Preto Bivolt",,webcontinental_MKP002648006400,1699.90,,,sim,https://www.koerich.com.br/p/smart-tv-philips-32-hd-google-tv-hdmi-preto-bivolt/webcontinental_MKP002648006400
2026-09-21,koerich,SC,,Eletroeletrônicos,Eletrônicos (geral),Smart,,"Smart TV Philco P43KRB 43"" Full HD QLED Cinza com Roku TV Bivolt",,webcontinental_MKP006176002075,2430.90,,,sim,https://www.koerich.com.br/p/smart-tv-philco-p43krb-43-full-hd-qled-cinza-com-roku-tv-bivolt/webcontinental_MKP006176002075
2026-09-21,koerich,SC,,Eletroeletrônicos,Eletrônicos (geral),Fone,,Fone de Ouvido Aquilae Infantil Gatinho com LED Dobrável Microfone Entrada P2 Rosa,,webcontinental_MKP005775000763,78.90,,,sim,https://www.koerich.com.br/p/fone-de-ouvido-aquilae-infantil-gatinho-com-led-dobravel-microfone-entrada-p2-rosa/webcontinental_MKP005775000763
2026-09-21,koerich,SC,,Eletroeletrônicos,Eletrônicos (geral),Smart,,Smart TV 32 32LB650BPSA AI FULL HD Preto - LG,,5054300,1599.00,1299.00,,sim,https://www.koerich.com.br/p/smart-tv-32-32lb650bpsa-ai-full-hd-preto-lg/5054300
2026-09-21,koerich,SC,,Eletroeletrônicos,Eletrônicos (geral),Samsung,,Samsung A17 128GB 5G SM-A176BZAUZTO - Cinza,,4968900,1899.00,1749.00,,sim,https://www.koerich.com.br/p/samsung-a17-128gb-5g-sm-a176bzauzto-cinza/4968900
2026-09-21,koerich,SC,,Eletroeletrônicos,Eletrônicos (geral),Smart,,Smart TV 32'' AOC 32S5155/78G HD,,4963400,1299.00,999.00,,sim,https://www.koerich.com.br/p/smart-tv-32-aoc-32s5155-78g-hd/4963400
2026-09-21,koerich,SC,,Eletroeletrônicos,Eletrônicos (geral),Smart,,"Smart TV 32"" QLED TCL 32S5K Full HD - Preto",,4962100,1449.00,1199.00,,sim,https://www.koerich.com.br/p/smart-tv-32-qled-tcl-32s5k-full-hd-preto/4962100
2026-09-21,koerich,SC,,Eletroeletrônicos,Eletrônicos (geral),Caixa,,Caixa Amplificada Mondial CM-220-N 200W RMS Bluetooth 5.3 USB Preto,,webcontinental_MKP002478001348,329.90,,,sim,https://www.koerich.com.br/p/caixa-amplificada-mondial-cm-220-n-200w-rms-bluetooth-5-3-usb-preto/webcontinental_MKP002478001348
2026-09-21,koerich,SC,,Eletroeletrônicos,Eletrônicos (geral),Smart,,Smart TV HQ HQS40NKHM 40 Polegadas Full HD LED Preto,,webcontinental_MKP003137004155,1580.90,,,sim,https://www.koerich.com.br/p/smart-tv-hq-hqs40nkhm-40-polegadas-full-hd-led-preto/webcontinental_MKP003137004155
2026-09-21,koerich,SC,,Eletroeletrônicos,Eletrônicos (geral),Headset,,Headset Zone Wireless 981-000853 Bluetooth Cancelamento de Ruído Ativo Preto Logitech,,webcontinental_MKP006630000024,1048.11,,,sim,https://www.koerich.com.br/p/headset-zone-wireless-981-000853-bluetooth-cancelamento-de-ruido-ativo-preto-logitech/webcontinental_MKP006630000024
2026-09-21,koerich,SC,,Eletroeletrônicos,Eletrônicos (geral),Pasta,,"Pasta Térmica Implastec Ts Cold Pouch 4g para Componentes Eletrônicos Condutividade 10,5W-M",,webcontinental_MKP006718002060,110.09,,,sim,https://www.koerich.com.br/p/pasta-termica-implastec-ts-cold-pouch-4g-para-componentes-eletronicos-condutividade-10-5w-m/webcontinental_MKP006718002060
2026-09-21,koerich,SC,,Eletroeletrônicos,Eletrônicos (geral),Samsung,,Samsung S25FE 128GB Black + Buds Core,,k9690,4698.00,,,sim,https://www.koerich.com.br/p/samsung-s25fe-128gb-black-buds-core/k9690
2026-09-21,koerich,SC,,Eletroeletrônicos,Eletrônicos (geral),Suporte,,"Suporte Fixo Universal para TV LCD/LED/PLASMA 14"" a 84"" Genius Preto - ELG",,3185600,44.99,29.00,,sim,https://www.koerich.com.br/p/suporte-fixo-universal-para-tv-lcd-led-plasma-14-a-84-genius-preto-elg/3185600
2026-09-21,koerich,SC,,Eletroeletrônicos,Eletrônicos (geral),Monitor,,"Monitor LG UltraFine 32UR500K-B Tela 4K UHD 32”, HDR10, Dynamic Action Sync, Black Stabilizer, HDMI",,webcontinental_MKP005042001323,2139.86,,,sim,https://www.koerich.com.br/p/monitor-lg-ultrafine-32ur500k-b-tela-4k-uhd-32-hdr10-dynamic-action-sync-black-stabilizer-hdmi/webcontinental_MKP005042001323
2026-09-21,koerich,SC,,Eletroeletrônicos,Eletrônicos (geral),Smart,,Smart TV 43 43NU850BPSA NANO UHD AI 4K Preto - LG,,5054400,2699.00,2499.00,,sim,https://www.koerich.com.br/p/smart-tv-43-43nu850bpsa-nano-uhd-ai-4k-preto-lg/5054400
2026-09-21,koerich,SC,,Eletroeletrônicos,Eletrônicos (geral),Iphone,,iPhone 15 256 GB Azul - Apple,,5014001,7999.00,6999.00,,sim,https://www.koerich.com.br/p/iphone-15-256-gb-azul-apple/5014001
2026-09-21,koerich,SC,,Eletroeletrônicos,Eletrônicos (geral),Smartphone,,Smartphone Moto G67 4GB 256GB XT2623-1 Chumbo - Motorola,,5033300,2099.00,1889.10,,sim,https://www.koerich.com.br/p/smartphone-moto-g67-4gb-256gb-xt2623-1-chumbo-motorola/5033300
2026-09-21,koerich,SC,,Eletroeletrônicos,Eletrônicos (geral),Caixa,,Caixa de Som Speaker Philco Extreme 35W PBS35 Bivolt,,webcontinental_MKP006176001897,219.90,129.90,,sim,https://www.koerich.com.br/p/caixa-de-som-speaker-philco-extreme-35w-pbs35-bivolt/webcontinental_MKP006176001897
2026-09-21,koerich,SC,,Eletroeletrônicos,Eletrônicos (geral),Fone,,Fone de Ouvido Aquilae P9 sem Fio com Bluetooth 5.0 + EDR Azul,,webcontinental_MKP005775001154,89.90,,,sim,https://www.koerich.com.br/p/fone-de-ouvido-aquilae-p9-sem-fio-com-bluetooth-5-0-edr-azul/webcontinental_MKP005775001154
2026-09-21,koerich,SC,,Eletroeletrônicos,Eletrônicos (geral),Samsung,,Samsung A17 256GB SM-A175FZKMZTO - Preto,,4969402,1999.00,1599.00,,sim,https://www.koerich.com.br/p/samsung-a17-256gb-sm-a175fzkmzto-preto/4969402
2026-09-21,koerich,SC,,Eletroeletrônicos,Eletrônicos (geral),Samsung,,Samsung A17 256GB SM-A175FLBMZTO - Azul,,4969400,1999.00,1699.00,,sim,https://www.koerich.com.br/p/samsung-a17-256gb-sm-a175flbmzto-azul/4969400
2026-09-21,koerich,SC,,Eletroeletrônicos,Eletrônicos (geral),Controle,,Controle Remoto LG Smart TV 3D AKB75055701,,webcontinental_MKP005042000318,69.00,,,sim,https://www.koerich.com.br/p/controle-remoto-lg-smart-tv-3d-akb75055701/webcontinental_MKP005042000318
2026-09-21,koerich,SC,,Eletroeletrônicos,Eletrônicos (geral),Caixa,,Caixa de Som Acústica LG XBOOM RNC5 Multi Bluetooth Função DJ Entrada de Microfone e Guitarra,,webcontinental_MKP005042001185,1299.00,,,sim,https://www.koerich.com.br/p/caixa-de-som-acustica-lg-xboom-rnc5-multi-bluetooth-funcao-dj-entrada-de-microfone-e-guitarra/webcontinental_MKP005042001185
2026-09-21,koerich,SC,,Eletroeletrônicos,Eletrônicos (geral),Smart,,Smart TV Semp S62E 55 Polegadas 4K Ultra HD LED Roku TV Preto Bivolt,,webcontinental_MKP003341001339,3854.90,2873.95,,sim,https://www.koerich.com.br/p/smart-tv-semp-s62e-55-polegadas-4k-ultra-hd-led-roku-tv-preto-bivolt/webcontinental_MKP003341001339
2026-09-21,koerich,SC,,Eletroeletrônicos,Eletrônicos (geral),Acessório,,Acessório para Sistema de Áudio Rally Mic Pod Amplia Comprimento dos Cabos Preto Logitech,,webcontinental_MKP006630000009,756.13,,,sim,https://www.koerich.com.br/p/acessorio-para-sistema-de-audio-rally-mic-pod-amplia-comprimento-dos-cabos-preto-logitech/webcontinental_MKP006630000009
2026-09-21,koerich,SC,,Eletroeletrônicos,Eletrônicos (geral),Suporte,,Suporte Articulado de Parede Full20 Pro para TV 15 a 58'',,3855400,169.90,119.00,,sim,https://www.koerich.com.br/p/suporte-articulado-de-parede-full20-pro-para-tv-15-a-58/3855400
2026-09-21,koerich,SC,,Eletroeletrônicos,Eletrônicos (geral),Smart,,"Smart TV Samsung 50DU7700 50"" UHD 4K LED com Xbox Game Pass Alexa Built-in 110V",,webcontinental_MKP003958000979,3401.90,,,sim,https://www.koerich.com.br/p/smart-tv-samsung-50du7700-50-uhd-4k-led-com-xbox-game-pass-alexa-built-in-110v/webcontinental_MKP003958000979
2026-09-21,koerich,SC,,Eletroeletrônicos,Eletrônicos (geral),Smart,,"Smart TV HQ 40"" Full HD tela sem bordas Android 12 design Slim HQS40NKHM",,belmicro_88335,1332.22,,,sim,https://www.koerich.com.br/p/smart-tv-hq-40-full-hd-tela-sem-bordas-android-12-design-slim-hqs40nkhm/belmicro_88335
2026-09-21,koerich,SC,,Eletroeletrônicos,Eletrônicos (geral),Caixa,,Caixa de Som Portátil Aiwa AWS-SP-07-W 7W Bluetooth 5.3 USB TWS Bivolt Branco,,webcontinental_MKP002478001345,239.90,,,sim,https://www.koerich.com.br/p/caixa-de-som-portatil-aiwa-aws-sp-07-w-7w-bluetooth-5-3-usb-tws-bivolt-branco/webcontinental_MKP002478001345
2026-09-21,koerich,SC,,Eletroeletrônicos,Eletrônicos (geral),Smart,,"Smart TV Philco P43CRA 43"" Full HD DLED Cinza Roku TV Bivolt",,webcontinental_MKP006176002177,1847.90,,,sim,https://www.koerich.com.br/p/smart-tv-philco-p43cra-43-full-hd-dled-cinza-roku-tv-bivolt/webcontinental_MKP006176002177
2026-09-21,koerich,SC,,Eletroeletrônicos,Eletrônicos (geral),Escada,,Escada Telescópica Aluminio Fortt 5.8m 15 Degraus - ETA01-5.8m,,belmicro_79500,669.00,,,sim,https://www.koerich.com.br/p/escada-telescopica-aluminio-fortt-5-8m-15-degraus-eta01-5-8m/belmicro_79500
2026-09-21,koerich,SC,,Eletroeletrônicos,Eletrônicos (geral),Fone,,Fone de Ouvido Earbud Aiwa EB-05-W Bluetooth 5.4 ENC App 24h Branco,,webcontinental_MKP006611000415,171.65,,,sim,https://www.koerich.com.br/p/fone-de-ouvido-earbud-aiwa-eb-05-w-bluetooth-5-4-enc-app-24h-branco/webcontinental_MKP006611000415
2026-09-21,koerich,SC,,Eletroeletrônicos,Eletrônicos (geral),Playstation,,PlayStation 5 Digital 825GB Astro Bot e Gran Turismo 7 Branco - Sony,,4975600,5999.00,5099.00,,sim,https://www.koerich.com.br/p/playstation-5-digital-825gb-astro-bot-e-gran-turismo-7-branco-sony/4975600
2026-09-21,koerich,SC,,Eletroeletrônicos,Eletrônicos (geral),Smart,,Smart TV LG MRGB85 65 Polegadas 4K Ultra HD Mini LED Preto Inteligente AI Bivolt,,webcontinental_MKP005042001491,7159.00,,,sim,https://www.koerich.com.br/p/smart-tv-lg-mrgb85-65-polegadas-4k-ultra-hd-mini-led-preto-inteligente-ai-bivolt/webcontinental_MKP005042001491
2026-09-21,koerich,SC,,Eletroeletrônicos,Eletrônicos (geral),Samsung,,Samsung A57 5G 256GB M-A576BLBCZTO- Azul Claro,,5031902,3999.00,2999.00,,sim,https://www.koerich.com.br/p/samsung-a57-5g-256gb-m-a576blbczto-azul-claro/5031902
2026-09-21,koerich,SC,,Eletroeletrônicos,Eletrônicos (geral),Smartphone,,"Smartphone Samsung Galaxy A56 SM-A566EZKTZTO 256GB Tela de 6.7"" Câmera Tripla - Cinza",,4891201,3299.00,2799.00,,sim,https://www.koerich.com.br/p/smartphone-samsung-galaxy-a56-sm-a566ezktzto-256gb-tela-de-6-7-camera-tripla-cinza/4891201
2026-09-21,koerich,SC,,Eletroeletrônicos,Eletrônicos (geral),Caixa,,Caixa de Som Bluetooth JBL Party Box PBENCOREESS2BR - Preto,,4964900,2199.00,2099.00,,sim,https://www.koerich.com.br/p/caixa-de-som-bluetooth-jbl-party-box-pbencoreess2br-preto/4964900
2026-09-21,koerich,SC,,Eletroeletrônicos,Eletrônicos (geral),Smartphone,,Smartphone Motorola Moto G06 128GB XT2535-1 Laranja - Motorola,,4994101,999.00,949.00,,sim,https://www.koerich.com.br/p/smartphone-motorola-moto-g06-128gb-xt2535-1-laranja-motorola/4994101
2026-09-21,koerich,SC,,Eletroeletrônicos,Eletrônicos (geral),Smart,,Smart TV LED 65 65PUG8100/78 UHD HD 4K - Philips,,5035600,3999.00,3399.00,,sim,https://www.koerich.com.br/p/smart-tv-led-65-65pug8100-78-uhd-hd-4k-philips/5035600
2026-09-21,koerich,SC,,Eletroeletrônicos,Eletrônicos (geral),Conversor,,Conversor de Vídeo HDMI para RCA Kapbom KAP-V115 Conversão Digital para Analógico com Áudio Estéreo,,webcontinental_MKP006477000662,17.99,,,sim,https://www.koerich.com.br/p/conversor-de-video-hdmi-para-rca-kapbom-kap-v115-conversao-digital-para-analogico-com-audio-estereo/webcontinental_MKP006477000662
2026-09-21,koerich,SC,,Eletroeletrônicos,Eletrônicos (geral),Kit,,Kit Microfone de Lapela Wireless Thor sem Fio Lightning Ios 5V,,webcontinental_MKP006039002741,229.90,,,sim,https://www.koerich.com.br/p/kit-microfone-de-lapela-wireless-thor-sem-fio-lightning-ios-5v/webcontinental_MKP006039002741
2026-09-21,koerich,SC,,Eletroeletrônicos,Eletrônicos (geral),Controle,,Controle Sound Bar LG AKB75595312,,webcontinental_MKP005042000935,79.99,,,sim,https://www.koerich.com.br/p/controle-sound-bar-lg-akb75595312/webcontinental_MKP005042000935
2026-09-21,koerich,SC,,Eletroeletrônicos,Eletrônicos (geral),Fone,,Fone de Ouvido Auricular com Fio Kapbom KA-736 com Microfone Conexão P3 3.5mm 32 OHMS 95 DB ± 3 1.3,,webcontinental_MKP006477000670,8.00,,,sim,https://www.koerich.com.br/p/fone-de-ouvido-auricular-com-fio-kapbom-ka-736-com-microfone-conexao-p3-3-5mm-32-ohms-95-db-3-1-3/webcontinental_MKP006477000670
2026-09-21,koerich,SC,,Eletroeletrônicos,Eletrônicos (geral),Controle,,Controle Remoto Magic MR25GA TV LG AKB76046604,,webcontinental_MKP005042001137,199.00,,,sim,https://www.koerich.com.br/p/controle-remoto-magic-mr25ga-tv-lg-akb76046604/webcontinental_MKP005042001137
2026-09-21,koerich,SC,,Eletroeletrônicos,Eletrônicos (geral),Speaker,,Speaker Portátil Britânia BBS200BT 200W Bivolt Bluetooth 5.3 TWS,,webcontinental_MKP006176000469,461.90,389.90,,sim,https://www.koerich.com.br/p/speaker-portatil-britania-bbs200bt-200w-bivolt-bluetooth-5-3-tws/webcontinental_MKP006176000469
2026-09-21,koerich,SC,,Eletroeletrônicos,Eletrônicos (geral),Caixa,,Caixa de Som Philco Extreme PBS56 50W Bluetooth 5.3 TWS Bateria 14h Preto Bivolt,,webcontinental_MKP006176002139,329.90,209.90,,sim,https://www.koerich.com.br/p/caixa-de-som-philco-extreme-pbs56-50w-bluetooth-5-3-tws-bateria-14h-preto-bivolt/webcontinental_MKP006176002139
2026-09-21,koerich,SC,,Eletroeletrônicos,Eletrônicos (geral),Controle,,Controle Remoto AI Magic LG MR26GA com Comando de Voz Thinq AI e Função Universal Bivolt Preto,,webcontinental_MKP005042001479,209.00,,,sim,https://www.koerich.com.br/p/controle-remoto-ai-magic-lg-mr26ga-com-comando-de-voz-thinq-ai-e-funcao-universal-bivolt-preto/webcontinental_MKP005042001479
2026-09-21,koerich,SC,,Eletroeletrônicos,Eletrônicos (geral),Controle,,Controle Sem Fio Dual Sense PS5 Preto - Sony,,4840300,579.00,459.00,,sim,https://www.koerich.com.br/p/controle-sem-fio-dual-sense-ps5-preto-sony/4840300
2026-09-21,koerich,SC,,Eletroeletrônicos,Eletrônicos (geral),Lg,,LG XBOOM Stage 301 By Will.i.am - Caixa de Som Portátil Som exclusivo XBOOM para Festas,,webcontinental_MKP005042001381,1699.00,,,sim,https://www.koerich.com.br/p/lg-xboom-stage-301-by-will-i-am-caixa-de-som-portatil-som-exclusivo-xboom-para-festas/webcontinental_MKP005042001381
2026-09-21,koerich,SC,,Eletroeletrônicos,Eletrônicos (geral),Garrafa,,Garrafa Tinta T544222 Ciano - Epson,,4937001,62.90,54.90,,sim,https://www.koerich.com.br/p/garrafa-tinta-t544222-ciano-epson/4937001
2026-09-21,koerich,SC,,Eletroeletrônicos,Eletrônicos (geral),Caixa,,Caixa De Som Amplificada 750W Philco Ex Bass PCX7100 Bivolt,,webcontinental_MKP006176000088,1099.90,849.90,,sim,https://www.koerich.com.br/p/caixa-de-som-amplificada-750w-philco-ex-bass-pcx7100-bivolt/webcontinental_MKP006176000088
2026-09-21,koerich,SC,,Eletroeletrônicos,Eletrônicos (geral),Smart,,"Smart TV Samsung 55DU7700 55"" UHD 4K LED com Alexa Built In Bivolt",,webcontinental_MKP003958000946,3924.90,,,sim,https://www.koerich.com.br/p/smart-tv-samsung-55du7700-55-uhd-4k-led-com-alexa-built-in-bivolt/webcontinental_MKP003958000946
2026-09-21,koerich,SC,,Eletroeletrônicos,Eletrônicos (geral),Smart,,Smart TV 50 Polegadas DLED 50U7066/78G Série 7000 4K Preto - AOC,,5069600,2999.00,2099.00,,sim,https://www.koerich.com.br/p/smart-tv-50-polegadas-dled-50u7066-78g-serie-7000-4k-preto-aoc/5069600
2026-09-21,koerich,SC,,Eletroeletrônicos,Eletrônicos (geral),Suporte,,Suporte Articulado para TV's de 26'' a 75'' A02V4 Preto - ELG,,3185700,299.00,199.00,,sim,https://www.koerich.com.br/p/suporte-articulado-para-tv-s-de-26-a-75-a02v4-preto-elg/3185700
2026-09-21,koerich,SC,,Eletroeletrônicos,Eletrônicos (geral),Fone,,Fone Xiaomi Redmi Buds 8 Cancelamento Ativo de Ruído Até 50dB Bluetooth 5.4 Branco,,webcontinental_MKP006293000694,679.99,,,sim,https://www.koerich.com.br/p/fone-xiaomi-redmi-buds-8-cancelamento-ativo-de-ruido-ate-50db-bluetooth-5-4-branco/webcontinental_MKP006293000694
2026-09-21,koerich,SC,,Eletroeletrônicos,Eletrônicos (geral),Controle,,Controle Remoto Monitor/TV LG 28LB600B 32LB560B 39LB5600 AKB75675305,,webcontinental_MKP005042000358,79.99,,,sim,https://www.koerich.com.br/p/controle-remoto-monitor-tv-lg-28lb600b-32lb560b-39lb5600-akb75675305/webcontinental_MKP005042000358
2026-09-21,koerich,SC,,Eletroeletrônicos,Eletrônicos (geral),Controle,,Controle Smart Magic MR23GN TV LG AKB76043204,,webcontinental_MKP005042000283,169.00,,,sim,https://www.koerich.com.br/p/controle-smart-magic-mr23gn-tv-lg-akb76043204/webcontinental_MKP005042000283
2026-09-21,koerich,SC,,Eletroeletrônicos,Eletrônicos (geral),Smart,,"Smart TV Hisense DLED HD 32"" 32A4NV Com Processador Ai",,webcontinental_MKP001721006045,1276.67,,,sim,https://www.koerich.com.br/p/smart-tv-hisense-dled-hd-32-32a4nv-com-processador-ai/webcontinental_MKP001721006045
2026-09-21,koerich,SC,,Eletroeletrônicos,Eletrônicos (geral),Monitor,,"Monitor LG Ultrawide Curvo 34"" WQHD 2K VA 100Hz",,webcontinental_MKP005042001308,2318.28,,,sim,https://www.koerich.com.br/p/monitor-lg-ultrawide-curvo-34-wqhd-2k-va-100hz/webcontinental_MKP005042001308
2026-09-21,koerich,SC,,Eletroeletrônicos,Eletrônicos (geral),Motorola,,Motorola Moto G06 256GB XT2535-1 Bege,,4994001,1199.00,999.00,,sim,https://www.koerich.com.br/p/motorola-moto-g06-256gb-xt2535-1-bege/4994001
2026-09-21,koerich,SC,,Eletroeletrônicos,Eletrônicos (geral),Speaker,,Speaker Philco PBS220BT Extreme 220W Bluetooth 5.3 Bivolt com Flash Light,,webcontinental_MKP006176000832,505.90,,,sim,https://www.koerich.com.br/p/speaker-philco-pbs220bt-extreme-220w-bluetooth-5-3-bivolt-com-flash-light/webcontinental_MKP006176000832
2026-09-21,koerich,SC,,Eletroeletrônicos,Eletrônicos (geral),Smart,,Smart TV Semp S42R 32 Polegadas Full HD LED Preto Dolby Audio Bivolt,,webcontinental_MKP003341001328,1396.40,1233.29,,sim,https://www.koerich.com.br/p/smart-tv-semp-s42r-32-polegadas-full-hd-led-preto-dolby-audio-bivolt/webcontinental_MKP003341001328
2026-09-21,koerich,SC,,Eletroeletrônicos,Eletrônicos (geral),Caixa,,Caixa de Som Amplificada Amvox ACA 610 Boomvox 610W Bluetooth Preta,,webcontinental_MKP005476001193,1322.22,,,sim,https://www.koerich.com.br/p/caixa-de-som-amplificada-amvox-aca-610-boomvox-610w-bluetooth-preta/webcontinental_MKP005476001193
2026-09-21,koerich,SC,,Eletroeletrônicos,Eletrônicos (geral),Smartphone,,Smartphone Jovi V70 5G 512GB 8GB RAM Lilás Boreal - Jovi,,5053801,4399.00,4299.00,,sim,https://www.koerich.com.br/p/smartphone-jovi-v70-5g-512gb-8gb-ram-lilas-boreal-jovi/5053801
2026-09-21,koerich,SC,,Eletroeletrônicos,Eletrônicos (geral),Smartphone,,Smartphone Moto G17 4GB 256GB XT2623-1 Roxo - Motorola,,5033202,1399.00,,,sim,https://www.koerich.com.br/p/smartphone-moto-g17-4gb-256gb-xt2623-1-roxo-motorola/5033202
2026-09-21,koerich,SC,,Eletroeletrônicos,Eletrônicos (geral),Fone,,Fone de Ouvido Bluetooth Over-Ear WAP Sense 310 com ANC 5.1 Até 30H Preto,,webcontinental_MKP006070000455,379.90,,,sim,https://www.koerich.com.br/p/fone-de-ouvido-bluetooth-over-ear-wap-sense-310-com-anc-5-1-ate-30h-preto/webcontinental_MKP006070000455
2026-09-21,koerich,SC,,Eletroeletrônicos,Eletrônicos (geral),Smart,,Smart TV Portátil Aiwa AWS-TV-24-01-G 24” Full HD LED Google TV Bivolt,,webcontinental_MKP002478001267,2999.90,,,sim,https://www.koerich.com.br/p/smart-tv-portatil-aiwa-aws-tv-24-01-g-24-full-hd-led-google-tv-bivolt/webcontinental_MKP002478001267
2026-09-21,koerich,SC,,Eletroeletrônicos,Eletrônicos (geral),Fone,,"Fone de Ouvido com Fio Kapbom KA-710 Estéreo com Microfone Conector P2 3,5 mm Branco",,webcontinental_MKP005608001423,11.90,,,sim,https://www.koerich.com.br/p/fone-de-ouvido-com-fio-kapbom-ka-710-estereo-com-microfone-conector-p2-3-5-mm-branco/webcontinental_MKP005608001423
2026-09-21,koerich,SC,,Eletroeletrônicos,Eletrônicos (geral),Caixa,,Caixa de Som Amplificada Amvox ACA 310 Boombox 310W 2.0 Bluetooth Preto Bivolt,,webcontinental_MKP005476001195,1129.00,,,sim,https://www.koerich.com.br/p/caixa-de-som-amplificada-amvox-aca-310-boombox-310w-2-0-bluetooth-preto-bivolt/webcontinental_MKP005476001195
2026-09-21,koerich,SC,,Eletroeletrônicos,Eletrônicos (geral),Smartphone,,Smartphone Jovi Y31 512GB 8GB Branco Lírio - Jovi,,5053901,2999.00,2799.00,,sim,https://www.koerich.com.br/p/smartphone-jovi-y31-512gb-8gb-branco-lirio-jovi/5053901
2026-09-21,koerich,SC,,Eletroeletrônicos,Eletrônicos (geral),Fone,,Fone de Ouvido Philco PFO09G com ANC Bluetooth 5.4 Bivolt Dourado,,webcontinental_MKP006176002229,241.90,179.90,,sim,https://www.koerich.com.br/p/fone-de-ouvido-philco-pfo09g-com-anc-bluetooth-5-4-bivolt-dourado/webcontinental_MKP006176002229
2026-09-21,koerich,SC,,Eletroeletrônicos,Eletrônicos (geral),Smart,,Smart TV LG 55NU850BPSA 55 Polegadas 4K Ultra HD LCD Preto Bivolt com Wi-Fi Bluetooth HDMI USB,,webcontinental_MKP005042001503,4324.00,,,sim,https://www.koerich.com.br/p/smart-tv-lg-55nu850bpsa-55-polegadas-4k-ultra-hd-lcd-preto-bivolt-com-wi-fi-bluetooth-hdmi-usb/webcontinental_MKP005042001503
2026-09-21,koerich,SC,,Eletroeletrônicos,Eletrônicos (geral),Antena,,Antena De Internet Via Satelite Mini - Starlink,,4985000,1190.00,999.00,,sim,https://www.koerich.com.br/p/antena-de-internet-via-satelite-mini-starlink/4985000
2026-09-21,koerich,SC,,Eletroeletrônicos,Eletrônicos (geral),Caixa,,"Caixa De Som Bluetooth Party Speaker LG XBOOM 250W RMS, Resistente à água (IPX4), 20 horas de bateria e Visor de Pixel LED - XL7T",,webcontinental_MKP005042001255,2799.00,,,sim,https://www.koerich.com.br/p/caixa-de-som-bluetooth-party-speaker-lg-xboom-250w-rms-resistente-a-agua-ipx4-20-horas-de-bateria-e-visor-de-pixel-led-xl7t/webcontinental_MKP005042001255
2026-09-21,koerich,SC,,Eletroeletrônicos,Eletrônicos (geral),Smart,,"Smart TV Philco PTV43VA4REGB 43"" LED Roku TV Dolby Audio 110V",,webcontinental_MKP003958000890,2086.90,,,sim,https://www.koerich.com.br/p/smart-tv-philco-ptv43va4regb-43-led-roku-tv-dolby-audio-110v/webcontinental_MKP003958000890
2026-09-21,koerich,SC,,Eletroeletrônicos,Eletrônicos (geral),Moto,,Moto G67 256GB 5G XT2621-1 Verde Claro - Motorola,,5033301,2099.00,1799.00,,sim,https://www.koerich.com.br/p/moto-g67-256gb-5g-xt2621-1-verde-claro-motorola/5033301
2026-09-21,koerich,SC,,Eletroeletrônicos,Eletrônicos (geral),Samsung,,Samsung A57 5G 256GB M-A576BZACZTO- Cinza,,5031900,3999.00,3499.00,,sim,https://www.koerich.com.br/p/samsung-a57-5g-256gb-m-a576bzaczto-cinza/5031900
2026-09-21,koerich,SC,,Eletroeletrônicos,Eletrônicos (geral),Smart,,"Smart TV LG Mini 55MRGB85BSC 55"" 4K Ultra HD Mini LED Preto Bivolt",,webcontinental_MKP005042001489,5749.00,,,sim,https://www.koerich.com.br/p/smart-tv-lg-mini-55mrgb85bsc-55-4k-ultra-hd-mini-led-preto-bivolt/webcontinental_MKP005042001489
2026-09-21,koerich,SC,,Eletroeletrônicos,Eletrônicos (geral),Monitor,,"Monitor Samsung 4k 55"" Qm55c Lh55qmcebgcxzd",,webcontinental_MKP000321050768,6560.13,,,sim,https://www.koerich.com.br/p/monitor-samsung-4k-55-qm55c-lh55qmcebgcxzd/webcontinental_MKP000321050768
2026-09-21,koerich,SC,,Eletroeletrônicos,Eletrônicos (geral),Smart,,Smart TV 55 Polegadas QNED Mini LED 55QNED70BSA QNED70 4K Ultra HD Preto - LG,,5054600,3999.00,3499.00,,sim,https://www.koerich.com.br/p/smart-tv-55-polegadas-qned-mini-led-55qned70bsa-qned70-4k-ultra-hd-preto-lg/5054600
2026-09-21,koerich,SC,,Eletroeletrônicos,Eletrônicos (geral),Samsung,,Samsung A37 256GB 5G SM-A376BDGLZTO Verde,,5031800,3599.00,2699.00,,sim,https://www.koerich.com.br/p/samsung-a37-256gb-5g-sm-a376bdglzto-verde/5031800
2026-09-21,koerich,SC,,Eletroeletrônicos,Eletrônicos (geral),Smart,,"Smart TV 4K 65"" LG QNED73 Portal de Games 4K",,webcontinental_MKP005042001452,4989.00,,,sim,https://www.koerich.com.br/p/smart-tv-4k-65-lg-qned73-portal-de-games-4k/webcontinental_MKP005042001452
2026-09-21,koerich,SC,,Eletroeletrônicos,Eletrônicos (geral),Smart,,Smart TV 4K 86 LG QNED73 QNED 3840X2160 Preto Bivolt,,webcontinental_MKP005042001447,8399.00,,,sim,https://www.koerich.com.br/p/smart-tv-4k-86-lg-qned73-qned-3840x2160-preto-bivolt/webcontinental_MKP005042001447
2026-09-21,koerich,SC,,Eletroeletrônicos,Eletrônicos (geral),Motorola,,Motorola Moto G06 256GB XT2535-1 Verde - Motorola,,4994000,1199.00,999.00,,sim,https://www.koerich.com.br/p/motorola-moto-g06-256gb-xt2535-1-verde-motorola/4994000
2026-09-21,koerich,SC,,Eletroeletrônicos,Eletrônicos (geral),Fone,,Fone de Ouvido WAAW MOB 210 com Até 22h de Autonomia e IPX4 e Bluetooth V5.3 Preto,,webcontinental_MKP006070000464,179.90,,,sim,https://www.koerich.com.br/p/fone-de-ouvido-waaw-mob-210-com-ate-22h-de-autonomia-e-ipx4-e-bluetooth-v5-3-preto/webcontinental_MKP006070000464
2026-09-21,koerich,SC,,Eletroeletrônicos,Eletrônicos (geral),Smart,,"Smart Tv Aiwa 32"" Android Hdr10 Aws-tv-32-bl-02-a",,webcontinental_MKP002478000848,1499.00,,,sim,https://www.koerich.com.br/p/smart-tv-aiwa-32-android-hdr10-aws-tv-32-bl-02-a/webcontinental_MKP002478000848
2026-09-21,koerich,SC,,Eletroeletrônicos,Eletrônicos (geral),Suporte,,Suporte de TV Logitech 939-001498 para Meetup Conference Cam Padrão VESA Bivolt,,webcontinental_MKP006630000022,324.04,,,sim,https://www.koerich.com.br/p/suporte-de-tv-logitech-939-001498-para-meetup-conference-cam-padrao-vesa-bivolt/webcontinental_MKP006630000022
2026-09-21,koerich,SC,,Eletroeletrônicos,Eletrônicos (geral),Samsung,,Samsung A37 256GB 5G SM-A376BLVLZTO Lavanda,,5031802,3599.00,2699.00,,sim,https://www.koerich.com.br/p/samsung-a37-256gb-5g-sm-a376blvlzto-lavanda/5031802
2026-09-21,koerich,SC,,Eletroeletrônicos,Eletrônicos (geral),Smartphone,,Smartphone Moto G77 XT2621-3 5G 256GB 8GB RAM Tela 6.8 Verde Escuro - Motorola,,5060301,2599.00,1999.00,,sim,https://www.koerich.com.br/p/smartphone-moto-g77-xt2621-3-5g-256gb-8gb-ram-tela-6-8-verde-escuro-motorola/5060301
2026-09-21,koerich,SC,,Eletroeletrônicos,Eletrônicos (geral),Caixa,,Caixa de Som Portátil Philco PBS45BT 40W Estéreo Bluetooth 5.3 USB AUX Preto,,webcontinental_MKP006176002093,307.90,179.90,,sim,https://www.koerich.com.br/p/caixa-de-som-portatil-philco-pbs45bt-40w-estereo-bluetooth-5-3-usb-aux-preto/webcontinental_MKP006176002093
2026-09-21,koerich,SC,,Eletroeletrônicos,Eletrônicos (geral),Samsung,,Samsung A17 128GB SM-A175FLBLZTO - Azul,,4969200,1699.00,1199.00,,sim,https://www.koerich.com.br/p/samsung-a17-128gb-sm-a175flblzto-azul/4969200
2026-09-21,koerich,SC,,Eletroeletrônicos,Eletrônicos (geral),Smart,,Smart TV Samsung 65 Polegadas Mini LED Vision AI M75H 4K Preto,,5073700,5199.00,4699.00,,sim,https://www.koerich.com.br/p/smart-tv-samsung-65-polegadas-mini-led-vision-ai-m75h-4k-preto/5073700
2026-09-21,koerich,SC,,Eletroeletrônicos,Eletrônicos (geral),Smart,,"Smart TV Philco PTV32M9GACGB 32"" HD LED Cinza Android TV Bivolt",,webcontinental_MKP006176001684,1209.90,,,sim,https://www.koerich.com.br/p/smart-tv-philco-ptv32m9gacgb-32-hd-led-cinza-android-tv-bivolt/webcontinental_MKP006176001684
2026-09-21,koerich,SC,,Eletroeletrônicos,Eletrônicos (geral),Notebook,,Notebook Asus Ryzen 5 E1504FA-NJ836W 8GB 512GB - ASUS,,4959400,4999.00,4899.00,,sim,https://www.koerich.com.br/p/notebook-asus-ryzen-5-e1504fa-nj836w-8gb-512gb-asus/4959400
2026-09-21,koerich,SC,,Eletroeletrônicos,Eletrônicos (geral),Lg,,LG XBOOM Grab By Will.i.am Caixa de Som Bluetooth Portátil Som AI 30W RMS 20 Horas de Bateria,,webcontinental_MKP005042001402,699.00,,,sim,https://www.koerich.com.br/p/lg-xboom-grab-by-will-i-am-caixa-de-som-bluetooth-portatil-som-ai-30w-rms-20-horas-de-bateria/webcontinental_MKP005042001402
2026-09-21,koerich,SC,,Eletroeletrônicos,Eletrônicos (geral),Impressora,,Impressora 2975 DESKJET INK ADVAN Preto - HP,,5032600,629.00,569.00,,sim,https://www.koerich.com.br/p/impressora-2975-deskjet-ink-advan-preto-hp/5032600
2026-09-21,koerich,SC,,Eletroeletrônicos,Eletrônicos (geral),Smart,,Smart TV 55 Polegadas QLED 55T6C T6C 4K UHD Preto - TCL,,5055400,3299.00,3099.00,,sim,https://www.koerich.com.br/p/smart-tv-55-polegadas-qled-55t6c-t6c-4k-uhd-preto-tcl/5055400
2026-09-21,koerich,SC,,Eletroeletrônicos,Eletrônicos (geral),Samsung,,Samsung A57 5G 256GB M-A576BDBCZTO- Azul Escuro,,5031904,3999.00,2999.00,,sim,https://www.koerich.com.br/p/samsung-a57-5g-256gb-m-a576bdbczto-azul-escuro/5031904
2026-09-21,koerich,SC,,Eletroeletrônicos,Eletrônicos (geral),Fone,,Fone de Ouvido Headphone com Fio Philco Extreme PFO02G Bivolt Dourado,,webcontinental_MKP006176002085,131.90,,,sim,https://www.koerich.com.br/p/fone-de-ouvido-headphone-com-fio-philco-extreme-pfo02g-bivolt-dourado/webcontinental_MKP006176002085
2026-09-21,koerich,SC,,Eletroeletrônicos,Eletrônicos (geral),Fone,,"Fone de Ouvido Kapbom KA-733 com Microfone P2 3,5 mm Branco e Preto",,webcontinental_MKP005608001402,11.90,,,sim,https://www.koerich.com.br/p/fone-de-ouvido-kapbom-ka-733-com-microfone-p2-3-5-mm-branco-e-preto/webcontinental_MKP005608001402
2026-09-21,koerich,SC,,Eletroeletrônicos,Eletrônicos (geral),Smart,,Smart TV Philco PTV40M9GR2CGB 40” Full HD LED Roku TV Bivolt,,webcontinental_MKP006176001340,1649.90,,,sim,https://www.koerich.com.br/p/smart-tv-philco-ptv40m9gr2cgb-40-full-hd-led-roku-tv-bivolt/webcontinental_MKP006176001340
2026-09-21,koerich,SC,,Eletroeletrônicos,Eletrônicos (geral),Notebook,,Notebook 13 8GB SSD256GB 15.3 Azul - Acer,,5026200,4799.00,4699.00,,sim,https://www.koerich.com.br/p/notebook-13-8gb-ssd256gb-15-3-azul-acer/5026200
2026-09-21,koerich,SC,,Eletroeletrônicos,Eletrônicos (geral),Tv,,TV Smart Philips 50PUG7300-78 50 Polegadas 4K LED Preto Bivolt,,webcontinental_MKP002647007675,3239.90,,,sim,https://www.koerich.com.br/p/tv-smart-philips-50pug7300-78-50-polegadas-4k-led-preto-bivolt/webcontinental_MKP002647007675
2026-09-21,koerich,SC,,Eletroeletrônicos,Eletrônicos (geral),Iphone,,iPhone 15 256GB Preto - Apple,,5014000,7999.00,6999.00,,sim,https://www.koerich.com.br/p/iphone-15-256gb-preto-apple/5014000
2026-09-21,koerich,SC,,Eletroeletrônicos,Eletrônicos (geral),Smart,,"Smart TV LED Semp 43S62 43"" 4K Ultra HD HVA Preto Google TV Wi-Fi Bluetooth HDR10+ Bivolt",,webcontinental_MKP006711000008,1761.50,,,sim,https://www.koerich.com.br/p/smart-tv-led-semp-43s62-43-4k-ultra-hd-hva-preto-google-tv-wi-fi-bluetooth-hdr10-bivolt/webcontinental_MKP006711000008
2026-09-21,koerich,SC,,Eletroeletrônicos,Eletrônicos (geral),Samsung,,Samsung A17 128GB SM-A175FZALZTO - Cinza,,4969201,1699.00,1199.00,,sim,https://www.koerich.com.br/p/samsung-a17-128gb-sm-a175fzalzto-cinza/4969201
2026-09-21,koerich,SC,,Eletroeletrônicos,Eletrônicos (geral),Caixa,,Caixa Amplificada Mondial CM-500-N 500W RMS 2 Vias Bluetooth 5.3 USB Entrada Auxiliar Preto,,webcontinental_MKP002478001347,659.90,,,sim,https://www.koerich.com.br/p/caixa-amplificada-mondial-cm-500-n-500w-rms-2-vias-bluetooth-5-3-usb-entrada-auxiliar-preto/webcontinental_MKP002478001347
2026-09-21,koerich,SC,,Eletroeletrônicos,Eletrônicos (geral),Caixa,,"Caixa de Som Aiwa AWS-SP-03-B 15W TWS Bluetooth 5.3, USB e Micro SD e USB-C Preto",,webcontinental_MKP006754000030,518.99,,,sim,https://www.koerich.com.br/p/caixa-de-som-aiwa-aws-sp-03-b-15w-tws-bluetooth-5-3-usb-e-micro-sd-e-usb-c-preto/webcontinental_MKP006754000030
2026-09-21,koerich,SC,,Eletroeletrônicos,Eletrônicos (geral),Smart,,"Smart TV Hisense DLED HD 32"" 32A4NV com Processador AI HDR10 DTS Virtual X DLNA Alexa e Google Home",,belmicro_130276,1089.00,,,sim,https://www.koerich.com.br/p/smart-tv-hisense-dled-hd-32-32a4nv-com-processador-ai-hdr10-dts-virtual-x-dlna-alexa-e-google-home/belmicro_130276
2026-09-21,koerich,SC,,Eletroeletrônicos,Eletrônicos (geral),Caixa,,Caixa de Som Amplificada CM-400 Preto - Mondial.,,4489900,629.00,599.00,,sim,https://www.koerich.com.br/p/caixa-de-som-amplificada-cm-400-preto-mondial/4489900
2026-09-21,koerich,SC,,Eletroeletrônicos,Eletrônicos (geral),Samsung,,Samsung A07 256GB SM-A075MLVSZTO - Violeta,,4964702,1399.00,1099.00,,sim,https://www.koerich.com.br/p/samsung-a07-256gb-sm-a075mlvszto-violeta/4964702
2026-09-21,koerich,SC,,Eletroeletrônicos,Eletrônicos (geral),Smart,,Smart TV Philips 32PHG6910-78 32 Pol HD LED Wi-Fi Titan OS HDR10 Preta Bivolt,,webcontinental_MKP003341001243,1434.90,,,sim,https://www.koerich.com.br/p/smart-tv-philips-32phg6910-78-32-pol-hd-led-wi-fi-titan-os-hdr10-preta-bivolt/webcontinental_MKP003341001243
2026-09-21,koerich,SC,,Eletroeletrônicos,Eletrônicos (geral),Notebook,,Notebook I3 SLIM IDEAPAD 83NU0000 8GB 256GB Cinza - Lenovo,,5032500,4999.00,4599.00,,sim,https://www.koerich.com.br/p/notebook-i3-slim-ideapad-83nu0000-8gb-256gb-cinza-lenovo/5032500
2026-09-21,koerich,SC,,Eletroeletrônicos,Eletrônicos (geral),Caixa,,Caixa De Som Bluetooth Xiaomi 16w A Prova D'Água Azul,,webcontinental_MKP006293000127,499.00,,,sim,https://www.koerich.com.br/p/caixa-de-som-bluetooth-xiaomi-16w-a-prova-d-agua-azul/webcontinental_MKP006293000127
2026-09-21,koerich,SC,,Eletroeletrônicos,Eletrônicos (geral),Caixa,,Caixa De Som Boombox Philco Extreme 300W PBX01 Preta Bivolt,,webcontinental_MKP005657001465,1098.90,,,sim,https://www.koerich.com.br/p/caixa-de-som-boombox-philco-extreme-300w-pbx01-preta-bivolt/webcontinental_MKP005657001465
2026-09-21,koerich,SC,,Eletroeletrônicos,Eletrônicos (geral),Controle,,Controle Sem Fio Dual Sense PS5 Branco - Sony,,4840301,579.00,499.00,,sim,https://www.koerich.com.br/p/controle-sem-fio-dual-sense-ps5-branco-sony/4840301
2026-09-21,koerich,SC,,Eletroeletrônicos,Eletrônicos (geral),Fone,,Fone Bluetooth Redmi Buds 8 Lite,,webcontinental_MKP006293000610,329.99,,,sim,https://www.koerich.com.br/p/fone-bluetooth-redmi-buds-8-lite/webcontinental_MKP006293000610
2026-09-21,koerich,SC,,Eletroeletrônicos,Eletrônicos (geral),Smart,,Smart TV 32 LED UN32H5000FGXZD Preto - Samsung,,4921900,1549.00,1299.00,,sim,https://www.koerich.com.br/p/smart-tv-32-led-un32h5000fgxzd-preto-samsung/4921900
2026-09-21,koerich,SC,,Eletroeletrônicos,Eletrônicos (geral),Smart,,"Smart Tv Philco 32"" Roku Led 32Hd 2Hdmi 1 Usb/Wi-Fi",,webcontinental_MKP003958000049,1409.90,,,sim,https://www.koerich.com.br/p/smart-tv-philco-32-roku-led-32hd-2hdmi-1-usb-wi-fi/webcontinental_MKP003958000049
2026-09-21,koerich,SC,,Eletroeletrônicos,Eletrônicos (geral),Smart,,Smart TV 65 Polegadas QLED 65T6C T6C 4K UHD Preto - TCL,,5055500,4499.00,4199.00,,sim,https://www.koerich.com.br/p/smart-tv-65-polegadas-qled-65t6c-t6c-4k-uhd-preto-tcl/5055500
2026-09-21,koerich,SC,,Eletroeletrônicos,Eletrônicos (geral),Smart,,"Smart TV 24"" LED Philco PTV24G5YR2CP - Preta",,4760000,1099.00,869.00,,sim,https://www.koerich.com.br/p/smart-tv-24-led-philco-ptv24g5yr2cp-preta/4760000
2026-09-21,koerich,SC,,Eletroeletrônicos,Eletrônicos (geral),Monitor,,"Monitor Gamer LG UltraGear 31,5"" com 165Hz e 1ms MBR 32GN600-B",,webcontinental_MKP005042000027,1604.60,,,sim,https://www.koerich.com.br/p/monitor-gamer-lg-ultragear-31-5-com-165hz-e-1ms-mbr-32gn600-b/webcontinental_MKP005042000027
2026-09-21,koerich,SC,,Eletroeletrônicos,Eletrônicos (geral),Samsung,,Samsung A37 256GB 5G SM-A376BZWLZTO Branco,,5031803,3599.00,2699.00,,sim,https://www.koerich.com.br/p/samsung-a37-256gb-5g-sm-a376bzwlzto-branco/5031803
2026-09-21,koerich,SC,,Eletroeletrônicos,Eletrônicos (geral),Samsung,,Samsung A17 256GB SM-A175FZAMZTO - Cinza,,4969401,1999.00,1499.00,,sim,https://www.koerich.com.br/p/samsung-a17-256gb-sm-a175fzamzto-cinza/4969401
2026-09-21,koerich,SC,,Eletroeletrônicos,Eletrônicos (geral),Caixa,,Caixa De Som Speaker Philco Extreme 15W PBSE15 Bivolt,,webcontinental_MKP006176001785,219.90,,,sim,https://www.koerich.com.br/p/caixa-de-som-speaker-philco-extreme-15w-pbse15-bivolt/webcontinental_MKP006176001785
2026-09-21,koerich,SC,,Eletroeletrônicos,Eletrônicos (geral),Caixa,,Caixa de Som Philips 1500W TAX4000 Party Speaker - Preta,,4687301,1099.00,809.00,,sim,https://www.koerich.com.br/p/caixa-de-som-philips-1500w-tax4000-party-speaker-preta/4687301
2026-09-21,koerich,SC,,Eletroeletrônicos,Eletrônicos (geral),Caixa,,Caixa De Som Amplificada Philco Woofer Duplo 12 PCXE27000 Bivolt,,webcontinental_MKP006176000940,1979.90,,,sim,https://www.koerich.com.br/p/caixa-de-som-amplificada-philco-woofer-duplo-12-pcxe27000-bivolt/webcontinental_MKP006176000940
2026-09-21,koerich,SC,,Eletroeletrônicos,Eletrônicos (geral),Fone,,Fone de Ouvido Aquilae P9 sem Fio com Bluetooth 5.0 + EDR 40MM Vermelho,,webcontinental_MKP005775001150,89.90,,,sim,https://www.koerich.com.br/p/fone-de-ouvido-aquilae-p9-sem-fio-com-bluetooth-5-0-edr-40mm-vermelho/webcontinental_MKP005775001150
2026-09-21,koerich,SC,,Eletroeletrônicos,Eletrônicos (geral),Smart,,"Smart TV Philips 32PHG6910-78 32"" HD LED Preto Wi-Fi HDR Pixel Plus HD Bivolt",,webcontinental_MKP002648007550,1699.90,,,sim,https://www.koerich.com.br/p/smart-tv-philips-32phg6910-78-32-hd-led-preto-wi-fi-hdr-pixel-plus-hd-bivolt/webcontinental_MKP002648007550
2026-09-21,koerich,SC,,Eletroeletrônicos,Eletrônicos (geral),Caixa,,Caixa de Som Bluetooth PartyBox Club 120 Preto - JBL,,4808001,3299.00,2499.00,,sim,https://www.koerich.com.br/p/caixa-de-som-bluetooth-partybox-club-120-preto-jbl/4808001
2026-09-21,koerich,SC,,Eletroeletrônicos,Eletrônicos (geral),Caixa,,Caixa de Som Philips TAX5509 Party Speaker - Preta,,4832300,1999.00,1899.00,,sim,https://www.koerich.com.br/p/caixa-de-som-philips-tax5509-party-speaker-preta/4832300
2026-09-21,koerich,SC,,Eletroeletrônicos,Eletrônicos (geral),Soundbar,,Soundbar 2.0 c/bluetooth TAB4000/78 Preto,,5035700,499.00,399.00,,nao,https://www.koerich.com.br/p/soundbar-2-0-c-bluetooth-tab4000-78-preto/5035700
2026-09-21,koerich,SC,,Eletroeletrônicos,Eletrônicos (geral),Samsung,,Samsung Galaxy Fit3 SM-R390NIDAZTO - Prata,,4704802,749.00,299.00,,nao,https://www.koerich.com.br/p/samsung-galaxy-fit3-sm-r390nidazto-prata/4704802
2026-09-21,koerich,SC,,Eletroeletrônicos,Eletrônicos (geral),Kit,,Kit Régua de LED TV LG 50UM7500PSB 50UM7510PSB 50UM751C0SB AGM76891002,,webcontinental_MKP005042000411,143.10,,,nao,https://www.koerich.com.br/p/kit-regua-de-led-tv-lg-50um7500psb-50um7510psb-50um751c0sb-agm76891002/webcontinental_MKP005042000411
2026-09-21,koerich,SC,,Eletroeletrônicos,Eletrônicos (geral),Soundbar,,Soundbar 2.1 Com Bluetooth SB180 Preto - JBL,,4826201,1499.00,1299.00,,nao,https://www.koerich.com.br/p/soundbar-2-1-com-bluetooth-sb180-preto-jbl/4826201
2026-09-21,koerich,SC,,Eletroeletrônicos,Eletrônicos (geral),Samsung,,Samsung Galaxy Fit3 SM-R390NIDAZTO - Grafite,,4704801,749.00,299.00,,nao,https://www.koerich.com.br/p/samsung-galaxy-fit3-sm-r390nidazto-grafite/4704801
2026-09-21,koerich,SC,,Eletroeletrônicos,Eletrônicos (geral),Fone,,Fone de Ouvido Wave Beam 2 WBEAM2BLK Preto - JBL,,4965000,399.00,,,nao,https://www.koerich.com.br/p/fone-de-ouvido-wave-beam-2-wbeam2blk-preto-jbl/4965000
2026-09-21,koerich,SC,,Eletroeletrônicos,Eletrônicos (geral),Samsung,,Samsung A17 256GB 5G SM-A176BZKVZTO - Preto,,4969002,1999.00,1799.00,,nao,https://www.koerich.com.br/p/samsung-a17-256gb-5g-sm-a176bzkvzto-preto/4969002
2026-09-21,koerich,SC,,Eletroeletrônicos,Eletrônicos (geral),Smart,,"Smart TV Philco PTV39M9GACGB 39"" LED Android com Borda Infinita Dolby Audio Bivolt",,webcontinental_MKP006176000112,1319.90,,,nao,https://www.koerich.com.br/p/smart-tv-philco-ptv39m9gacgb-39-led-android-com-borda-infinita-dolby-audio-bivolt/webcontinental_MKP006176000112
2026-09-21,koerich,SC,,Eletroeletrônicos,Eletrônicos (geral),Samsung,,Samsung A07 128GB SM-A075MLVRZTO - Violeta,,4964602,999.00,859.00,,nao,https://www.koerich.com.br/p/samsung-a07-128gb-sm-a075mlvrzto-violeta/4964602
2026-09-21,koerich,SC,,Eletroeletrônicos,Eletrônicos (geral),Celular,,Celular Multilaser Flip Vita Dual Chip - Azul,,3554800,219.00,179.00,,nao,https://www.koerich.com.br/p/celular-multilaser-flip-vita-dual-chip-azul/3554800
2026-09-21,koerich,SC,,Eletroeletrônicos,Eletrônicos (geral),Conversor,,Conversor de Audio Soft Bee Link 4ch de 4 Canais para Som,,webcontinental_MKP006718003349,202.93,,,nao,https://www.koerich.com.br/p/conversor-de-audio-soft-bee-link-4ch-de-4-canais-para-som/webcontinental_MKP006718003349
2026-09-21,koerich,SC,,Eletroeletrônicos,Eletrônicos (geral),Samsung,,Samsung A56 128GB 5G Cinza + Buds Core,,k9702,3198.00,,,nao,https://www.koerich.com.br/p/samsung-a56-128gb-5g-cinza-buds-core/k9702
2026-09-21,koerich,SC,,Eletroeletrônicos,Eletrônicos (geral),Telefone,,Telefone sem Fio Intelbras 1.9GHz TS-3110 Preto,,3253200,219.00,,,nao,https://www.koerich.com.br/p/telefone-sem-fio-intelbras-1-9ghz-ts-3110-preto/3253200
2026-09-21,koerich,SC,,Eletroeletrônicos,Eletrônicos (geral),Motorola,,Motorola G35 5G 256GB XT2433-2 - Coral,,4876501,1599.00,1439.10,,nao,https://www.koerich.com.br/p/motorola-g35-5g-256gb-xt2433-2-coral/4876501
2026-09-21,koerich,SC,,Eletroeletrônicos,Eletrônicos (geral),Controle,,"Controle Remoto DVD LG BP630, BP440, BP450 AKB73735806",,webcontinental_MKP005042000326,67.99,,,nao,https://www.koerich.com.br/p/controle-remoto-dvd-lg-bp630-bp440-bp450-akb73735806/webcontinental_MKP005042000326
2026-09-21,koerich,SC,,Eletroeletrônicos,Eletrônicos (geral),Monitor,,"Monitor Gamer 24G411A-B 24"" Full HD IPS 144Hz 1ms HDR10 LG",,webcontinental_MKP006611000228,867.71,,,nao,https://www.koerich.com.br/p/monitor-gamer-24g411a-b-24-full-hd-ips-144hz-1ms-hdr10-lg/webcontinental_MKP006611000228
2026-09-21,koerich,SC,,Eletroeletrônicos,Eletrônicos (geral),Smart,,Smart TV TCL 55P7L 55 QLED 4K UHD Preto,,webcontinental_MKP006611000394,3460.16,,,nao,https://www.koerich.com.br/p/smart-tv-tcl-55p7l-55-qled-4k-uhd-preto/webcontinental_MKP006611000394
2026-09-21,koerich,SC,,Eletroeletrônicos,Eletrônicos (geral),Smart,,"Smart TV Philips 55PUG730078 55"" 4K LED Preto",,webcontinental_MKP006611000385,15000.00,,,nao,https://www.koerich.com.br/p/smart-tv-philips-55pug730078-55-4k-led-preto/webcontinental_MKP006611000385
2026-09-21,koerich,SC,,Eletroeletrônicos,Eletrônicos (geral),Smart,,"Smart TV HQ QLED 75 Polegadas HQ-QLED75SM 4K Wi-Fi Bluetooth, Apps, Netflix, YouTube e Prime Vídeo",,belmicro_96638,4443.33,,,nao,https://www.koerich.com.br/p/smart-tv-hq-qled-75-polegadas-hq-qled75sm-4k-wi-fi-bluetooth-apps-netflix-youtube-e-prime-video/belmicro_96638
2026-09-21,koerich,SC,,Eletroeletrônicos,Eletrônicos (geral),Iphone,,Iphone 17 256gb 5g - Apple,,5009900,8599.00,8499.00,,nao,https://www.koerich.com.br/p/iphone-17-256gb-5g-apple/5009900
2026-09-21,koerich,SC,,Eletroeletrônicos,Eletrônicos (geral),Caixa,,Caixa de Som Philco PCX4801 480W 2.1 Canais Bluetooth Preto,,webcontinental_MKP006176002140,989.90,499.90,,nao,https://www.koerich.com.br/p/caixa-de-som-philco-pcx4801-480w-2-1-canais-bluetooth-preto/webcontinental_MKP006176002140
2026-09-21,koerich,SC,,Eletroeletrônicos,Eletrônicos (geral),Smartphone,,Smartphone Motorola Moto G06 128GB XT2535-1 Bege - Motorola,,4994102,999.00,949.00,,nao,https://www.koerich.com.br/p/smartphone-motorola-moto-g06-128gb-xt2535-1-bege-motorola/4994102
2026-09-21,koerich,SC,,Eletroeletrônicos,Eletrônicos (geral),Controle,,Controle Remoto Samsung FBG-7036 para Tvs com Smart Hub e Modo Futebol Bivolt Preto,,webcontinental_MKP006419001166,15.00,,,nao,https://www.koerich.com.br/p/controle-remoto-samsung-fbg-7036-para-tvs-com-smart-hub-e-modo-futebol-bivolt-preto/webcontinental_MKP006419001166
2026-09-21,koerich,SC,,Eletroeletrônicos,Eletrônicos (geral),Celular,,Celular Multilaser Up Play P9076 Dual Chip - Preto,,3700600,109.99,89.00,,nao,https://www.koerich.com.br/p/celular-multilaser-up-play-p9076-dual-chip-preto/3700600
2026-09-21,koerich,SC,,Eletroeletrônicos,Eletrônicos (geral),Smart,,Smart TV 32 Polegadas HD Philco P32CRB DLED Roku TV Preto,,webcontinental_MKP006611000396,1266.67,,,nao,https://www.koerich.com.br/p/smart-tv-32-polegadas-hd-philco-p32crb-dled-roku-tv-preto/webcontinental_MKP006611000396
2026-09-21,koerich,SC,,Eletroeletrônicos,Eletrônicos (geral),Caixa,,Caixa de Som Philips TAX400B - Preta,,4944200,1799.00,1499.00,,nao,https://www.koerich.com.br/p/caixa-de-som-philips-tax400b-preta/4944200
2026-09-21,koerich,SC,,Eletroeletrônicos,Eletrônicos (geral),Fone,,Fone de Ouvido sem Fio Bluetooth Inova FON-13025D Open-Ear com Som Espacial Aprimorado Preto,,webcontinental_MKP006419001368,56.98,,,nao,https://www.koerich.com.br/p/fone-de-ouvido-sem-fio-bluetooth-inova-fon-13025d-open-ear-com-som-espacial-aprimorado-preto/webcontinental_MKP006419001368
2026-09-21,koerich,SC,,Eletroeletrônicos,Eletrônicos (geral),Caixa,,"Caixa de Som Party Speaker LG XBOOM XL9 - 1000W RMS, IPX4, Bluetooth 5.1, Sound Boost, Alça e Rodas",,webcontinental_MKP005042001195,3499.00,,,nao,https://www.koerich.com.br/p/caixa-de-som-party-speaker-lg-xboom-xl9-1000w-rms-ipx4-bluetooth-5-1-sound-boost-alca-e-rodas/webcontinental_MKP005042001195
2026-09-21,koerich,SC,,Eletroeletrônicos,Eletrônicos (geral),Garrafa,,Garrafa Tinta T544322 Magenta - Epson,,4937002,62.90,54.90,,nao,https://www.koerich.com.br/p/garrafa-tinta-t544322-magenta-epson/4937002
2026-09-21,koerich,SC,,Eletroeletrônicos,Eletrônicos (geral),Monitor,,"Monitor Samsung Essential S4 24"" Fhd Ips 100hz 5ms Pivot - Ls24d400galmzd",,webcontinental_MKP000321051486,1352.47,,,nao,https://www.koerich.com.br/p/monitor-samsung-essential-s4-24-fhd-ips-100hz-5ms-pivot-ls24d400galmzd/webcontinental_MKP000321051486
2026-09-21,koerich,SC,,Eletroeletrônicos,Eletrônicos (geral),Caixa,,Caixa de Som Philips TAX4209 Party Speaker - Preta,,4687300,1099.00,1049.00,,nao,https://www.koerich.com.br/p/caixa-de-som-philips-tax4209-party-speaker-preta/4687300
2026-09-21,koerich,SC,,Eletroeletrônicos,Eletrônicos (geral),Fone,,Fone de Ouvido TUNE530BT BLK Preto - JBL,,4574802,329.00,239.00,,nao,https://www.koerich.com.br/p/fone-de-ouvido-tune530bt-blk-preto-jbl/4574802
2026-09-21,koerich,SC,,Eletroeletrônicos,Eletrônicos (geral),Samsung,,Samsung A16 128GB SM-A165MZKRZTO Verde Claro,,4860100,1699.00,1099.00,,nao,https://www.koerich.com.br/p/samsung-a16-128gb-sm-a165mzkrzto-verde-claro/4860100
2026-09-21,koerich,SC,,Eletroeletrônicos,Eletrônicos (geral),Monitor,,Monitor Gamer LG 27MS500-B 27 Full HD 1920x1080 IPS 100Hz 5ms HDMI Preto Bivolt,,webcontinental_MKP006454000556,1096.65,,,nao,https://www.koerich.com.br/p/monitor-gamer-lg-27ms500-b-27-full-hd-1920x1080-ips-100hz-5ms-hdmi-preto-bivolt/webcontinental_MKP006454000556
2026-09-21,koerich,SC,,Eletroeletrônicos,Eletrônicos (geral),Samsung,,Samsung A07 128GB SM-A075MZKRZTO - Preto,,4964601,999.00,,,nao,https://www.koerich.com.br/p/samsung-a07-128gb-sm-a075mzkrzto-preto/4964601
2026-09-21,koerich,SC,,Eletroeletrônicos,Eletrônicos (geral),Smartphone,,"Smartphone Samsung Galaxy A36 SM-A366ELGLZTO 256GB Tela de 6.7"" Câmera Tripla - Verde",,4891002,2799.00,1699.00,,nao,https://www.koerich.com.br/p/smartphone-samsung-galaxy-a36-sm-a366elglzto-256gb-tela-de-6-7-camera-tripla-verde/4891002
2026-09-21,koerich,SC,,Eletroeletrônicos,Eletrônicos (geral),Smart,,Smart TV 85 QLED 85P7K UHD 4K Preto - TCL,,4927100,9799.00,8599.00,,nao,https://www.koerich.com.br/p/smart-tv-85-qled-85p7k-uhd-4k-preto-tcl/4927100
2026-09-21,koerich,SC,,Eletroeletrônicos,Eletrônicos (geral),Smart,,Smart TV 85 LED UN85U8600FGXZD Preto - Samsung,,4922600,10699.00,7999.00,,nao,https://www.koerich.com.br/p/smart-tv-85-led-un85u8600fgxzd-preto-samsung/4922600
2026-09-21,koerich,SC,,Eletroeletrônicos,Eletrônicos (geral),Lg,,"LG Smart TV 4K 50"" HDR10 2025 Bivolt",,webcontinental_MKP005042001065,3469.00,,,nao,https://www.koerich.com.br/p/lg-smart-tv-4k-50-hdr10-2025-bivolt/webcontinental_MKP005042001065
2026-09-21,koerich,SC,,Eletroeletrônicos,Eletrônicos (geral),Miniparabólica,,Miniparabólica Vivensis Century 60cm - 187.,,4518800,169.91,59.00,,nao,https://www.koerich.com.br/p/miniparabolica-vivensis-century-60cm-187/4518800
2026-09-21,koerich,SC,,Eletroeletrônicos,Eletrônicos (geral),Samsung,,Samsung A56 5G 128GB SM-A566EZASZTO - Cinza,,4897200,2799.00,2499.00,,nao,https://www.koerich.com.br/p/samsung-a56-5g-128gb-sm-a566ezaszto-cinza/4897200
2026-09-21,koerich,SC,,Eletroeletrônicos,Eletrônicos (geral),Smart,,Smart TV 50 QLED 50P7K UHD 4K Preto - TCL,,4926700,2899.00,2699.00,,nao,https://www.koerich.com.br/p/smart-tv-50-qled-50p7k-uhd-4k-preto-tcl/4926700
2026-09-21,koerich,SC,,Eletroeletrônicos,Eletrônicos (geral),Caixa,,Caixa de Som Acústica LG XBOOM RNC9 Multi Bluetooth Karaokê Função Entrada de Microfone e Guitarra,,webcontinental_MKP005042001186,1999.00,,,nao,https://www.koerich.com.br/p/caixa-de-som-acustica-lg-xboom-rnc9-multi-bluetooth-karaoke-funcao-entrada-de-microfone-e-guitarra/webcontinental_MKP005042001186
2026-09-21,koerich,SC,,Eletroeletrônicos,Eletrônicos (geral),Motorola,,Motorola Moto G86 256GB 5G XT2527-1 Grafite,,4994200,2599.00,2099.00,,nao,https://www.koerich.com.br/p/motorola-moto-g86-256gb-5g-xt2527-1-grafite/4994200
2026-09-21,koerich,SC,,Eletroeletrônicos,Eletrônicos (geral),Controle,,Controle Remoto Kapbom KA-2955 Compatível TV TCL Smart 4K com Botão Netflix Bivolt,,webcontinental_MKP006419001184,18.00,,,nao,https://www.koerich.com.br/p/controle-remoto-kapbom-ka-2955-compativel-tv-tcl-smart-4k-com-botao-netflix-bivolt/webcontinental_MKP006419001184
2026-09-21,koerich,SC,,Eletroeletrônicos,Eletrônicos (geral),Smart,,Smart TV HQ QLED 65 Polegadas 4K Dolby Audio Wi-Fi Bluetooth 3 HDMI 2 USB RJ45 Netflix HQ-QLED65SM,,belmicro_96637,3443.33,,,nao,https://www.koerich.com.br/p/smart-tv-hq-qled-65-polegadas-4k-dolby-audio-wi-fi-bluetooth-3-hdmi-2-usb-rj45-netflix-hq-qled65sm/belmicro_96637
2026-09-21,koerich,SC,,Eletroeletrônicos,Eletrônicos (geral),Smart,,Smart TV Philco P43CRA Full HD Roku TV Dolby Audio Bivolt Preto,,webcontinental_MKP006611000388,1888.89,,,nao,https://www.koerich.com.br/p/smart-tv-philco-p43cra-full-hd-roku-tv-dolby-audio-bivolt-preto/webcontinental_MKP006611000388
2026-09-21,koerich,SC,,Eletroeletrônicos,Eletrônicos (geral),Boombox,,Boombox 4 JBL com Bluetooth BLKBR Preto,,4964800,3499.00,2999.00,,nao,https://www.koerich.com.br/p/boombox-4-jbl-com-bluetooth-blkbr-preto/4964800
2026-09-21,koerich,SC,,Eletroeletrônicos,Eletrônicos (geral),Samsung,,Samsung S25 128GB Azul Marinho + Buds Core,,k9682,4698.00,,,nao,https://www.koerich.com.br/p/samsung-s25-128gb-azul-marinho-buds-core/k9682
2026-09-21,koerich,SC,,Eletroeletrônicos,Eletrônicos (geral),Tv,,TV 50 Led 50U7045/78G UHD Smart Preto - AOC,,4978700,2999.00,2039.00,,nao,https://www.koerich.com.br/p/tv-50-led-50u7045-78g-uhd-smart-preto-aoc/4978700
2026-09-21,koerich,SC,,Eletroeletrônicos,Eletrônicos (geral),Samsung,,Samsung A36 256GB 5G Verde + Buds Core,,k9684,3198.00,,,nao,https://www.koerich.com.br/p/samsung-a36-256gb-5g-verde-buds-core/k9684
2026-09-21,koerich,SC,,Eletroeletrônicos,Eletrônicos (geral),Smartphone,,Smartphone Xiaomi Redmi Note 14 128GB 6GB Azul,,webcontinental_MKP005891000008,1399.00,,,nao,https://www.koerich.com.br/p/smartphone-xiaomi-redmi-note-14-128gb-6gb-azul/webcontinental_MKP005891000008
2026-09-21,koerich,SC,,Eletroeletrônicos,Eletrônicos (geral),Smart,,"Smart TV Hisense DLED FULL HD 43"" Com Processador",,webcontinental_MKP001721005989,1921.11,,,nao,https://www.koerich.com.br/p/smart-tv-hisense-dled-full-hd-43-com-processador/webcontinental_MKP001721005989
2026-09-21,koerich,SC,,Eletroeletrônicos,Eletrônicos (geral),Smartphone,,Smartphone Moto G17 4GB 256GB XT2623-1 Azul claro - Motorola,,5033200,1399.00,,,nao,https://www.koerich.com.br/p/smartphone-moto-g17-4gb-256gb-xt2623-1-azul-claro-motorola/5033200
2026-09-21,koerich,SC,,Eletroeletrônicos,Eletrônicos (geral),Console,,Console Microsoft Xbox Series S 512GB Controle sem Fio Branco,,4099000,4499.00,3599.00,,nao,https://www.koerich.com.br/p/console-microsoft-xbox-series-s-512gb-controle-sem-fio-branco/4099000
2026-09-21,koerich,SC,,Eletroeletrônicos,Eletrônicos (geral),Smart,,Smart TV LG QNED AI QNED82 86 Polegadas (86QNED82ASG): A Nova Era Do Entretenimento 4K,,webcontinental_MKP005042001400,8899.00,,,nao,https://www.koerich.com.br/p/smart-tv-lg-qned-ai-qned82-86-polegadas-86qned82asg-a-nova-era-do-entretenimento-4k/webcontinental_MKP005042001400
2026-09-21,koerich,SC,,Eletroeletrônicos,Eletrônicos (geral),Smart,,"Smart TV HQ 65"" 4K tela sem bordas Sistema Android design Slim HQS65NKHM",,belmicro_88337,3099.00,,,nao,https://www.koerich.com.br/p/smart-tv-hq-65-4k-tela-sem-bordas-sistema-android-design-slim-hqs65nkhm/belmicro_88337
2026-09-21,koerich,SC,,Eletroeletrônicos,Eletrônicos (geral),Smart,,Smart TV 75 QLED 75P7K UHD 4K Preto - TCL,,4927000,6199.00,4689.00,,nao,https://www.koerich.com.br/p/smart-tv-75-qled-75p7k-uhd-4k-preto-tcl/4927000
2026-09-21,koerich,SC,,Eletroeletrônicos,Eletrônicos (geral),Smart,,"Smart TV LED 43"" Roku 43S5045/78G Full HD Wi-Fi, HDMI e USB Preta - AOC",,4832200,1799.00,1499.00,,nao,https://www.koerich.com.br/p/smart-tv-led-43-roku-43s5045-78g-full-hd-wi-fi-hdmi-e-usb-preta-aoc/4832200
2026-09-21,koerich,SC,,Eletroeletrônicos,Eletrônicos (geral),Suporte,,Suporte para TV Logitech 939-001656 TV Mount XL Videoconferência Meetup Preto Bivolt,,webcontinental_MKP006630000030,954.08,,,nao,https://www.koerich.com.br/p/suporte-para-tv-logitech-939-001656-tv-mount-xl-videoconferencia-meetup-preto-bivolt/webcontinental_MKP006630000030
2026-09-21,koerich,SC,,Eletroeletrônicos,Eletrônicos (geral),Smart,,"Smart TV LG 65QNED70BSA 65"" 4K Ultra HD OLED Preto Inteligente AI Webos 26 Bivolt",,webcontinental_MKP005042001498,9599.00,,,nao,https://www.koerich.com.br/p/smart-tv-lg-65qned70bsa-65-4k-ultra-hd-oled-preto-inteligente-ai-webos-26-bivolt/webcontinental_MKP005042001498
2026-09-21,koerich,SC,,Eletroeletrônicos,Eletrônicos (geral),Tv,,"TV LG 50NU850BPSA 50"" 4K Ultra HD LCD Preto Smart Wi-Fi Bluetooth Bivolt",,webcontinental_MKP005042001502,3849.00,,,nao,https://www.koerich.com.br/p/tv-lg-50nu850bpsa-50-4k-ultra-hd-lcd-preto-smart-wi-fi-bluetooth-bivolt/webcontinental_MKP005042001502
2026-09-21,koerich,SC,,Eletroeletrônicos,Eletrônicos (geral),Smartphone,,"Smartphone Samsung Galaxy A36 SM-A366EZKLZTO 256GB Tela de 6.7"" Câmera Tripla - Preto",,4891000,2799.00,1699.00,,nao,https://www.koerich.com.br/p/smartphone-samsung-galaxy-a36-sm-a366ezklzto-256gb-tela-de-6-7-camera-tripla-preto/4891000
2026-09-21,koerich,SC,,Eletroeletrônicos,Eletrônicos (geral),Iphone,,iPhone 17 Pro Max 256GB 5G Laranja Cósmico - Apple,,5010100,13599.00,12999.00,,nao,https://www.koerich.com.br/p/iphone-17-pro-max-256gb-5g-laranja-cosmico-apple/5010100
2026-09-21,koerich,SC,,Eletroeletrônicos,Eletrônicos (geral),Samsung,,Samsung A16 5G 128GB SM-A166MZARZTO - azul escuro,,4859702,1899.00,1299.00,,nao,https://www.koerich.com.br/p/samsung-a16-5g-128gb-sm-a166mzarzto-azul-escuro/4859702
2026-09-21,koerich,SC,,Eletroeletrônicos,Eletrônicos (geral),Samsung,,Samsung A17 256GB 5G SM-A176BZAVZTO - Cinza,,4969000,1999.00,1799.00,,nao,https://www.koerich.com.br/p/samsung-a17-256gb-5g-sm-a176bzavzto-cinza/4969000
2026-09-21,koerich,SC,,Eletroeletrônicos,Eletrônicos (geral),Smart,,"Smart TV 43"" LED Full HD 43S5400A Preta - TCL",,4593600,2199.00,1799.00,,nao,https://www.koerich.com.br/p/smart-tv-43-led-full-hd-43s5400a-preta-tcl/4593600
2026-09-21,koerich,SC,,Eletroeletrônicos,Eletrônicos (geral),Smart,,Smart TV 75 LED UN75U8600FGXZD Preto - Samsung,,4922500,7899.00,7499.00,,nao,https://www.koerich.com.br/p/smart-tv-75-led-un75u8600fgxzd-preto-samsung/4922500
2026-09-21,koerich,SC,,Eletroeletrônicos,Eletrônicos (geral),Tv,,"TV LG 50"" 4K Super Upscaling Magic Remote WebOS Bivolt",,webcontinental_MKP005042001060,3469.00,,,nao,https://www.koerich.com.br/p/tv-lg-50-4k-super-upscaling-magic-remote-webos-bivolt/webcontinental_MKP005042001060
2026-09-21,koerich,SC,,Eletroeletrônicos,Eletrônicos (geral),Receptor,,Receptor Vivensis Century VX10 HD - Preto.,,4518700,229.99,89.00,,nao,https://www.koerich.com.br/p/receptor-vivensis-century-vx10-hd-preto/4518700
2026-09-21,koerich,SC,,Eletroeletrônicos,Eletrônicos (geral),Tv,,"TV LG Ultra Grande 86"" 4K UHD AI a7 Gen8 - 86UA8550PSA",,webcontinental_MKP005042001257,8418.00,,,nao,https://www.koerich.com.br/p/tv-lg-ultra-grande-86-4k-uhd-ai-a7-gen8-86ua8550psa/webcontinental_MKP005042001257
2026-09-21,koerich,SC,,Eletroeletrônicos,Eletrônicos (geral),Smart,,"Smart TV LED 32"" LG 32LR600BPSA HD - Preta",,4750000,1599.00,1199.00,,nao,https://www.koerich.com.br/p/smart-tv-led-32-lg-32lr600bpsa-hd-preta/4750000
2026-09-21,koerich,SC,,Eletroeletrônicos,Eletrônicos (geral),Samsung,,Samsung A16 5G 128GB SM-A166MZARZTO - verde claro,,4859700,1899.00,1299.00,,nao,https://www.koerich.com.br/p/samsung-a16-5g-128gb-sm-a166mzarzto-verde-claro/4859700
2026-09-21,koerich,SC,,Eletroeletrônicos,Eletrônicos (geral),Controle,,Controle Remoto Home Theater LG AKB73775802,,webcontinental_MKP005042000619,65.61,,,nao,https://www.koerich.com.br/p/controle-remoto-home-theater-lg-akb73775802/webcontinental_MKP005042000619
2026-09-21,koerich,SC,,Eletroeletrônicos,Eletrônicos (geral),Garrafa,,Garrafa Tinta T544422 Amarelo - Epson,,4937003,62.90,54.90,,nao,https://www.koerich.com.br/p/garrafa-tinta-t544422-amarelo-epson/4937003
2026-09-21,koerich,SC,,Eletroeletrônicos,Eletrônicos (geral),Smartphone,,Smartphone Motorola Moto G06 128GB XT2535-1 Verde - Motorola,,4994103,999.00,949.00,,nao,https://www.koerich.com.br/p/smartphone-motorola-moto-g06-128gb-xt2535-1-verde-motorola/4994103
2026-09-21,koerich,SC,,Eletroeletrônicos,Eletrônicos (geral),Samsung,,Samsung A16 128GB SM-A165MZKRZTO Preto,,4860102,1699.00,1099.00,,nao,https://www.koerich.com.br/p/samsung-a16-128gb-sm-a165mzkrzto-preto/4860102
2026-09-21,koerich,SC,,Eletroeletrônicos,Eletrônicos (geral),Smart,,Smart TV LED 50 Polegadas 50U6125/78G UHD 4k Preto - AOC,,4499600,2299.00,1899.00,,nao,https://www.koerich.com.br/p/smart-tv-led-50-polegadas-50u6125-78g-uhd-4k-preto-aoc/4499600
2026-09-21,koerich,SC,,Eletroeletrônicos,Eletrônicos (geral),Smart,,"Smart TV LED 43"" LG 43LR6700PSA Full HD - Preta",,4821500,2599.00,1999.00,,nao,https://www.koerich.com.br/p/smart-tv-led-43-lg-43lr6700psa-full-hd-preta/4821500
2026-09-21,koerich,SC,,Eletroeletrônicos,Eletrônicos (geral),Monitor,,Monitor LG 27G411A-B 27 Full HD IPS 144Hz 1ms HDR10,,webcontinental_MKP006611000422,1000.00,,,nao,https://www.koerich.com.br/p/monitor-lg-27g411a-b-27-full-hd-ips-144hz-1ms-hdr10/webcontinental_MKP006611000422
2026-09-21,koerich,SC,,Eletroeletrônicos,Eletrônicos (geral),Caixa,,Caixa Amplificada Connect Mega Sound Ii Mondial Bivolt,,webcontinental_MKP002478000269,1499.90,,,nao,https://www.koerich.com.br/p/caixa-amplificada-connect-mega-sound-ii-mondial-bivolt/webcontinental_MKP002478000269
2026-09-21,koerich,SC,,Eletroeletrônicos,Eletrônicos (geral),Tv,,TV 50 LED PUG8100/78 UHD 4K Smart Preto - Philips,,4978300,2799.00,2399.00,,nao,https://www.koerich.com.br/p/tv-50-led-pug8100-78-uhd-4k-smart-preto-philips/4978300
2026-09-21,koerich,SC,,Eletroeletrônicos,Eletrônicos (geral),Samsung,,Samsung A36 5G 128GB SM-A366EZKRZTO Preto,,4897400,2599.00,1999.00,,nao,https://www.koerich.com.br/p/samsung-a36-5g-128gb-sm-a366ezkrzto-preto/4897400
2026-09-21,koerich,SC,,Eletroeletrônicos,Eletrônicos (geral),Tv,,TV Semp 43 Polegadas 43S42 Smart HD TV Preto Bivolt,,webcontinental_MKP003341001230,2204.90,,,nao,https://www.koerich.com.br/p/tv-semp-43-polegadas-43s42-smart-hd-tv-preto-bivolt/webcontinental_MKP003341001230
2026-09-21,koerich,SC,,Eletroeletrônicos,Eletrônicos (geral),Smartphone,,Smartphone Samsung A26 5G 256GB SM-A566EZWSZTO + Galaxy Buds Core SM-R410NZWAZTO - Branco,,k9678,2898.00,,,nao,https://www.koerich.com.br/p/smartphone-samsung-a26-5g-256gb-sm-a566ezwszto-galaxy-buds-core-sm-r410nzwazto-branco/k9678
2026-09-21,koerich,SC,,Eletroeletrônicos,Eletrônicos (geral),Fone,,Fone de Ouvido com Fio Kapbom KA-833 com Microfone Conexão P3 3.5mm Botão Multifunção Preto,,webcontinental_MKP006419001348,6.48,,,nao,https://www.koerich.com.br/p/fone-de-ouvido-com-fio-kapbom-ka-833-com-microfone-conexao-p3-3-5mm-botao-multifuncao-preto/webcontinental_MKP006419001348
2026-09-21,koerich,SC,,Eletroeletrônicos,Eletrônicos (geral),Smart,,Smart TV 65 QLED 65P7K UHD 4K Preto - TCL,,4926900,4199.00,3609.00,,nao,https://www.koerich.com.br/p/smart-tv-65-qled-65p7k-uhd-4k-preto-tcl/4926900
2026-09-21,koerich,SC,,Eletroeletrônicos,Eletrônicos (geral),Samsung,,Samsung A36 256GB 5G Preto + Buds Core,,k9686,3198.00,,,nao,https://www.koerich.com.br/p/samsung-a36-256gb-5g-preto-buds-core/k9686
2026-09-21,koerich,SC,,Eletroeletrônicos,Eletrônicos (geral),Smart,,Smart TV Philco P55CRA 55 4K UHD LED Cinza com Roku TV Bivolt,,webcontinental_MKP006176001856,4333.90,,,nao,https://www.koerich.com.br/p/smart-tv-philco-p55cra-55-4k-uhd-led-cinza-com-roku-tv-bivolt/webcontinental_MKP006176001856
2026-09-21,koerich,SC,,Eletroeletrônicos,Eletrônicos (geral),Smart,,"Smart TV LG 50UA8550PSA 50"" 4K Ultra HD LED Preto Bivolt",,webcontinental_MKP005042001474,3469.00,,,nao,https://www.koerich.com.br/p/smart-tv-lg-50ua8550psa-50-4k-ultra-hd-led-preto-bivolt/webcontinental_MKP005042001474
2026-09-21,koerich,SC,,Eletroeletrônicos,Eletrônicos (geral),Mini,,"Mini System LG XBOOM CK43N - 220W RMS, Graves Potentes, Multi Bluetooth, Modo Rádio FM",,webcontinental_MKP005042001188,1318.00,,,nao,https://www.koerich.com.br/p/mini-system-lg-xboom-ck43n-220w-rms-graves-potentes-multi-bluetooth-modo-radio-fm/webcontinental_MKP005042001188
2026-09-21,koerich,SC,,Eletroeletrônicos,Eletrônicos (geral),Caixa,,Caixa Amplificada Mondial Connect Partyplus Cm-250 Bivolt,,webcontinental_MKP002478000851,314.90,,,nao,https://www.koerich.com.br/p/caixa-amplificada-mondial-connect-partyplus-cm-250-bivolt/webcontinental_MKP002478000851
2026-09-21,koerich,SC,,Eletroeletrônicos,Eletrônicos (geral),Smart,,Smart TV 65 LED LG 65QNED73ASA 4K UHD Preto,,5034700,4999.00,4489.00,,nao,https://www.koerich.com.br/p/smart-tv-65-led-lg-65qned73asa-4k-uhd-preto/5034700
2026-09-21,koerich,SC,,Eletroeletrônicos,Eletrônicos (geral),Lg,,"LG Ultragear 27G411A-B Monitor 27"" IPS FHD 144Hz com NVIDIA G-SYNC e AMD Freesync e HDR10",,webcontinental_MKP005042001337,926.60,,,nao,https://www.koerich.com.br/p/lg-ultragear-27g411a-b-monitor-27-ips-fhd-144hz-com-nvidia-g-sync-e-amd-freesync-e-hdr10/webcontinental_MKP005042001337
2026-09-21,koerich,SC,,Eletroeletrônicos,Eletrônicos (geral),Caixa,,Caixa de Som Torre Amplificada Philco PCX26000 2600W RMS Estéreo Bluetooth 5.3 USB Preto,,webcontinental_MKP006611000018,1873.02,,,nao,https://www.koerich.com.br/p/caixa-de-som-torre-amplificada-philco-pcx26000-2600w-rms-estereo-bluetooth-5-3-usb-preto/webcontinental_MKP006611000018
2026-09-21,koerich,SC,,Eletroeletrônicos,Eletrônicos (geral),Smart,,Smart TV 65 LED UN65U8600FGXZD Preto - Samsung,,4922400,5199.00,4099.00,,nao,https://www.koerich.com.br/p/smart-tv-65-led-un65u8600fgxzd-preto-samsung/4922400
2026-09-21,koerich,SC,,Eletroeletrônicos,Eletrônicos (geral),Monitor,,"Monitor Profissional LG 55"" UHD 4K",,webcontinental_MKP005042001398,5299.00,,,nao,https://www.koerich.com.br/p/monitor-profissional-lg-55-uhd-4k/webcontinental_MKP005042001398
2026-09-21,koerich,SC,,Eletroeletrônicos,Eletrônicos (geral),Smart,,Smart TV 65 LED UN65U8100FGXZD 4K UHD Smart Preto - Samsung,,5053000,5199.00,4499.00,,nao,https://www.koerich.com.br/p/smart-tv-65-led-un65u8100fgxzd-4k-uhd-smart-preto-samsung/5053000
2026-09-21,koerich,SC,,Eletroeletrônicos,Eletrônicos (geral),Smart,,Smart TV 4K 50 LG QNED73 Processador AI &alpha;7 Ger8 4K,,webcontinental_MKP005042001448,3549.00,,,nao,https://www.koerich.com.br/p/smart-tv-4k-50-lg-qned73-processador-ai-alpha-7-ger8-4k/webcontinental_MKP005042001448
2026-09-21,koerich,SC,,Eletroeletrônicos,Eletrônicos (geral),Smart,,Smart TV 55 QNED 55QNED73ASA 4K UHD Preto - LG,,5034600,3799.00,3199.00,,nao,https://www.koerich.com.br/p/smart-tv-55-qned-55qned73asa-4k-uhd-preto-lg/5034600
2026-09-21,koerich,SC,,Eletroeletrônicos,Eletrônicos (geral),Fone,,Fone de ouvido JBL Wave-Buds 2BLK Preto,,4870400,399.00,279.00,,nao,https://www.koerich.com.br/p/fone-de-ouvido-jbl-wave-buds-2blk-preto/4870400
2026-09-21,koerich,SC,,Eletroeletrônicos,Eletrônicos (geral),Smart,,Smart TV 65 QNED70BSA QNED MINI LED AI 4K SMART Preto - LG,,5054700,4999.00,4099.00,,nao,https://www.koerich.com.br/p/smart-tv-65-qned70bsa-qned-mini-led-ai-4k-smart-preto-lg/5054700
2026-09-21,koerich,SC,,Eletroeletrônicos,Eletrônicos (geral),Smart,,Smart TV Philips 43 Full HD Google TV Comando De Voz HDR Preto Bivolt,,webcontinental_MKP002648006487,2689.90,,,nao,https://www.koerich.com.br/p/smart-tv-philips-43-full-hd-google-tv-comando-de-voz-hdr-preto-bivolt/webcontinental_MKP002648006487
2026-09-21,koerich,SC,,Eletroeletrônicos,Eletrônicos (geral),Tv,,TV 40 Polegadas AOC 40S5045 FULL HD,,4786600,1749.00,1499.00,,nao,https://www.koerich.com.br/p/tv-40-polegadas-aoc-40s5045-full-hd/4786600
2026-09-21,koerich,SC,,Eletroeletrônicos,Eletrônicos (geral),Notebook,,Notebook Asus Celeron E510KA-BR808WS 4GB 128GB - Preto,,4905201,3299.00,2799.00,,nao,https://www.koerich.com.br/p/notebook-asus-celeron-e510ka-br808ws-4gb-128gb-preto/4905201
2026-09-21,koerich,SC,,Eletroeletrônicos,Eletrônicos (geral),Caixa,,Caixa de Som Amplificada CM-550 Mondial - Preta,,4541300,799.00,699.00,,nao,https://www.koerich.com.br/p/caixa-de-som-amplificada-cm-550-mondial-preta/4541300
2026-09-21,koerich,SC,,Eletroeletrônicos,Eletrônicos (geral),Samsung,,Samsung A17 128GB 5G SM-A176BZBUZTO - Azul,,4968901,1899.00,1749.00,,nao,https://www.koerich.com.br/p/samsung-a17-128gb-5g-sm-a176bzbuzto-azul/4968901
2026-09-21,koerich,SC,,Eletroeletrônicos,Eletrônicos (geral),Monitor,,"Monitor Gamer AOC 21,5"" Full HD VA 120Hz Preto 22B30HM23",,webcontinental_MKP006611000106,585.67,,,nao,https://www.koerich.com.br/p/monitor-gamer-aoc-21-5-full-hd-va-120hz-preto-22b30hm23/webcontinental_MKP006611000106
2026-09-21,koerich,SC,,Eletroeletrônicos,Eletrônicos (geral),Samsung,,Samsung A16 128GB SM-A165MZKRZTO Cinza,,4860101,1699.00,1099.00,,nao,https://www.koerich.com.br/p/samsung-a16-128gb-sm-a165mzkrzto-cinza/4860101
2026-09-21,koerich,SC,,Eletroeletrônicos,Eletrônicos (geral),Caixa,,Caixa de Som Bluetooth GO4BLK Preto - JBL,,4754500,379.00,259.00,,nao,https://www.koerich.com.br/p/caixa-de-som-bluetooth-go4blk-preto-jbl/4754500
2026-09-21,koerich,SC,,Eletroeletrônicos,Eletrônicos (geral),Smart,,Smart TV 75 QNED 75QNED73ASA 4K UHD Preto - LG,,5034800,6999.00,5999.00,,nao,https://www.koerich.com.br/p/smart-tv-75-qned-75qned73asa-4k-uhd-preto-lg/5034800
2026-09-21,koerich,SC,,Eletroeletrônicos,Eletrônicos (geral),Smart,,"Smart TV LED 50"" 50PUG7019/78 UHD 4K Preto - PHILIPS",,4856100,3199.00,2299.00,,nao,https://www.koerich.com.br/p/smart-tv-led-50-50pug7019-78-uhd-4k-preto-philips/4856100
2026-09-21,koerich,SC,,Eletroeletrônicos,Eletrônicos (geral),Smart,,Smart TV LG 55QNED80BSG 55 Polegadas 4K Mini LED Preto Bivolt,,webcontinental_MKP005042001483,4599.00,3599.00,,nao,https://www.koerich.com.br/p/smart-tv-lg-55qned80bsg-55-polegadas-4k-mini-led-preto-bivolt/webcontinental_MKP005042001483
2026-09-21,koerich,SC,,Eletroeletrônicos,Eletrônicos (geral),Samsung,,SAMSUNG A56 5G 256GB SM-A566EZKTZTO Preto,,4891200,3299.00,2799.00,,nao,https://www.koerich.com.br/p/samsung-a56-5g-256gb-sm-a566ezktzto-preto/4891200
2026-09-21,koerich,SC,,Eletroeletrônicos,Eletrônicos (geral),Controle,,Controle sem Fio Xbox Robot White QAT-00007 Branco - Microsoft,,4099500,549.00,449.00,,nao,https://www.koerich.com.br/p/controle-sem-fio-xbox-robot-white-qat-00007-branco-microsoft/4099500
2026-09-21,koerich,SC,,Eletroeletrônicos,Eletrônicos (geral),Smart,,"Smart TV Samsung LSF6000F 43"" Full HD LED Preto com Wi-Fi Bluetooth HDR Tizen",,webcontinental_MKP006611000194,2009.10,,,nao,https://www.koerich.com.br/p/smart-tv-samsung-lsf6000f-43-full-hd-led-preto-com-wi-fi-bluetooth-hdr-tizen/webcontinental_MKP006611000194
2026-09-21,koerich,SC,,Eletroeletrônicos,Eletrônicos (geral),Samsung,,Samsung A36 256GB 5G Branco + Buds Core,,k9685,3198.00,,,nao,https://www.koerich.com.br/p/samsung-a36-256gb-5g-branco-buds-core/k9685
2026-09-21,koerich,SC,,Eletroeletrônicos,Eletrônicos (geral),Smart,,Smart TV 55 QLED 55P7K UHD 4K Preto - TCL,,4926800,3299.00,2899.00,,nao,https://www.koerich.com.br/p/smart-tv-55-qled-55p7k-uhd-4k-preto-tcl/4926800
2026-09-21,koerich,SC,,Eletroeletrônicos,Eletrônicos (geral),Smartphone,,Smartphone Samsung A26 5G 256GB + Galaxy Buds Core - Preto,,k9677,2898.00,,,nao,https://www.koerich.com.br/p/smartphone-samsung-a26-5g-256gb-galaxy-buds-core-preto/k9677
2026-09-21,koerich,SC,,Eletroeletrônicos,Eletrônicos (geral),Motorola,,Motorola G35 5G 256GB XT2433-2 - Cinza,,4876500,1599.00,1279.00,,nao,https://www.koerich.com.br/p/motorola-g35-5g-256gb-xt2433-2-cinza/4876500
2026-09-21,koerich,SC,,Eletroeletrônicos,Eletrônicos (geral),Caixa,,Caixa de Som Portátil Kapbom KA-8537 5W Bluetooth 5.0 com Alça Tecido,,webcontinental_MKP006419001126,109.48,,,nao,https://www.koerich.com.br/p/caixa-de-som-portatil-kapbom-ka-8537-5w-bluetooth-5-0-com-alca-tecido/webcontinental_MKP006419001126
2026-09-21,koerich,SC,,Eletroeletrônicos,Eletrônicos (geral),Fone,,Fone de Ouvido Samsung Galaxy BUDS2 SM-R177 - Preto.,,4281902,949.00,399.00,,nao,https://www.koerich.com.br/p/fone-de-ouvido-samsung-galaxy-buds2-sm-r177-preto/4281902
2026-09-21,koerich,SC,,Eletroeletrônicos,Eletrônicos (geral),Samsung,,Samsung A26 5G 256GB SM-A266MZWSZTO - Branco,,4916302,2499.00,1299.00,,nao,https://www.koerich.com.br/p/samsung-a26-5g-256gb-sm-a266mzwszto-branco/4916302
2026-09-21,koerich,SC,,Eletroeletrônicos,Eletrônicos (geral),Speaker,,Speaker Philco PBS30 Flash Lights 30W Bivolt com Bluetooth 5.1 Rádio FM e Iluminação RGB,,webcontinental_MKP006176000100,263.90,,,nao,https://www.koerich.com.br/p/speaker-philco-pbs30-flash-lights-30w-bivolt-com-bluetooth-5-1-radio-fm-e-iluminacao-rgb/webcontinental_MKP006176000100
2026-09-21,koerich,SC,,Eletroeletrônicos,Eletrônicos (geral),Tv,,"TV Philips 55PUG7300-78 55"" Smart 4K DLED Preto Bivolt com Resolução Ultra HD e Tela Ampla",,webcontinental_MKP002647007253,3719.90,,,nao,https://www.koerich.com.br/p/tv-philips-55pug7300-78-55-smart-4k-dled-preto-bivolt-com-resolucao-ultra-hd-e-tela-ampla/webcontinental_MKP002647007253
2026-09-21,koerich,SC,,Eletroeletrônicos,Eletrônicos (geral),Capa,,Capa Book Cover para Galaxy Tablet A9 EF-BX21 - Samsung,,4920900,129.00,69.00,,nao,https://www.koerich.com.br/p/capa-book-cover-para-galaxy-tablet-a9-ef-bx21-samsung/4920900
2026-09-21,koerich,SC,,Eletroeletrônicos,Eletrônicos (geral),Smart,,Smart TV LED 55 55PUG7019/78 UHD 4K Preto - PHILIPS,,4818000,3099.00,2479.00,,nao,https://www.koerich.com.br/p/smart-tv-led-55-55pug7019-78-uhd-4k-preto-philips/4818000
2026-09-21,koerich,SC,,Eletroeletrônicos,Eletrônicos (geral),Smart,,Smart TV 75 Polegadas QLED 75T6C T6C 4K UHD Preto - TCL,,5055600,6199.00,5499.00,,nao,https://www.koerich.com.br/p/smart-tv-75-polegadas-qled-75t6c-t6c-4k-uhd-preto-tcl/5055600
2026-09-21,koerich,SC,,Eletroeletrônicos,Eletrônicos (geral),Smart,,Smart TV 55 LED UN55U8600FGXZD Preto - Samsung,,4922300,3999.00,2839.00,,nao,https://www.koerich.com.br/p/smart-tv-55-led-un55u8600fgxzd-preto-samsung/4922300
2026-09-21,koerich,SC,,Eletroeletrônicos,Eletrônicos (geral),Smart,,"Smart TV LG UHD AI 4K 55"" UA75 Bivolt",,webcontinental_MKP005042001100,3754.00,,,nao,https://www.koerich.com.br/p/smart-tv-lg-uhd-ai-4k-55-ua75-bivolt/webcontinental_MKP005042001100
2026-09-21,koerich,SC,,Eletroeletrônicos,Eletrônicos (geral),Smart,,Smart TV 55 Polegadas LED Crystal UHD UN55U8100 4K Preto - Samsung,,5049900,3999.00,2839.00,,nao,https://www.koerich.com.br/p/smart-tv-55-polegadas-led-crystal-uhd-un55u8100-4k-preto-samsung/5049900
2026-09-21,koerich,SC,,Eletroeletrônicos,Eletrônicos (geral),Smart,,Smart TV 55 LED 55UA8550PSA 4K UHD Preto - LG,,4941000,3599.00,2899.00,,nao,https://www.koerich.com.br/p/smart-tv-55-led-55ua8550psa-4k-uhd-preto-lg/4941000
2026-09-21,koerich,SC,,Eletroeletrônicos,Eletrônicos (geral),Samsung,,Samsung A17 256GB 5G SM-A176BZBVZTO - Azul,,4969001,1999.00,1799.00,,nao,https://www.koerich.com.br/p/samsung-a17-256gb-5g-sm-a176bzbvzto-azul/4969001
2026-09-21,koerich,SC,,Eletroeletrônicos,Eletrônicos (geral),Samsung,,Samsung A16 5G 128GB SM-A166MZARZTO - cinza,,4859701,1899.00,1299.00,,nao,https://www.koerich.com.br/p/samsung-a16-5g-128gb-sm-a166mzarzto-cinza/4859701
2026-09-21,koerich,SC,,Eletroeletrônicos,Eletrônicos (geral),Samsung,,Samsung A17 128GB 5G SM-A176BZKUZTO - Preto,,4968902,1899.00,1749.00,,nao,https://www.koerich.com.br/p/samsung-a17-128gb-5g-sm-a176bzkuzto-preto/4968902
2026-09-21,koerich,SC,,Eletroeletrônicos,Eletrônicos (geral),Smart,,Smart TV LG QNED70 85 Polegadas 4K Ultra HD Mini LED Inteligente IA HDR Wi-Fi Bluetooth Bivolt,,webcontinental_MKP005042001487,9499.00,,,nao,https://www.koerich.com.br/p/smart-tv-lg-qned70-85-polegadas-4k-ultra-hd-mini-led-inteligente-ia-hdr-wi-fi-bluetooth-bivolt/webcontinental_MKP005042001487
2026-09-21,koerich,SC,,Eletroeletrônicos,Eletrônicos (geral),Samsung,,Samsung A26 5G 256GB SM-A266MZWSZTO Verde + Galaxy Buds Core SM-R410NZKAZTO Preto - Samsung,,k9675,2898.00,,,nao,https://www.koerich.com.br/p/samsung-a26-5g-256gb-sm-a266mzwszto-verde-galaxy-buds-core-sm-r410nzkazto-preto-samsung/k9675
2026-09-21,koerich,SC,,Eletroeletrônicos,Eletrônicos (geral),Fone,,Fone de Ouvido Bright Max Sound Bluetooth 5.0 Pareamento Automatico Atendimento de Chamada Preto,,webcontinental_MKP006718002918,127.42,,,nao,https://www.koerich.com.br/p/fone-de-ouvido-bright-max-sound-bluetooth-5-0-pareamento-automatico-atendimento-de-chamada-preto/webcontinental_MKP006718002918
2026-09-21,koerich,SC,,Eletroeletrônicos,Eletrônicos (geral),Samsung,,Samsung A26 5G 256GB SM-A566EZKSZTO - Preto,,4916301,2499.00,1299.00,,nao,https://www.koerich.com.br/p/samsung-a26-5g-256gb-sm-a566ezkszto-preto/4916301
2026-09-21,koerich,SC,,Eletroeletrônicos,Eletrônicos (geral),Notebook,,Notebook Celeron IdeaPad 1l-15IJL7 4GB 128GB SSD - Lenovo,,4867100,2999.00,,,nao,https://www.koerich.com.br/p/notebook-celeron-ideapad-1l-15ijl7-4gb-128gb-ssd-lenovo/4867100
2026-09-21,koerich,SC,,Eletroeletrônicos,Eletrônicos (geral),Tv,,TV 43 Polegadas Smart Roku Full HD P43CRA Philco cinza Bivolt,,webcontinental_MKP002648007373,2359.90,,,nao,https://www.koerich.com.br/p/tv-43-polegadas-smart-roku-full-hd-p43cra-philco-cinza-bivolt/webcontinental_MKP002648007373
2026-09-21,koerich,SC,,Eletroeletrônicos,Eletrônicos (geral),Smart,,Smart TV TCL P7L 85 Polegadas 4K Ultra HD QLED Preto Google TV Bivolt,,webcontinental_MKP003341001338,10234.90,9049.92,,nao,https://www.koerich.com.br/p/smart-tv-tcl-p7l-85-polegadas-4k-ultra-hd-qled-preto-google-tv-bivolt/webcontinental_MKP003341001338
2026-09-21,koerich,SC,,Eletroeletrônicos,Eletrônicos (geral),Samsung,,Samsung A57 5G 256GB M-A576BZVCZTO- Lilás,,5031903,3999.00,,,nao,https://www.koerich.com.br/p/samsung-a57-5g-256gb-m-a576bzvczto-lilas/5031903
2026-09-21,koerich,SC,,Eletroeletrônicos,Eletrônicos (geral),Smartphone,,"Smartphone Samsung Galaxy A36 SM-A366EZALZTO 256GB Tela de 6.7"" Câmera Tripla - Branco",,4891001,2799.00,1699.00,,nao,https://www.koerich.com.br/p/smartphone-samsung-galaxy-a36-sm-a366ezalzto-256gb-tela-de-6-7-camera-tripla-branco/4891001
2026-09-21,koerich,SC,,Eletroeletrônicos,Eletrônicos (geral),Smartphone,,Smartphone Moto G17 4GB 256GB XT2623-1 Rosa- Motorola,,5033201,1399.00,,,nao,https://www.koerich.com.br/p/smartphone-moto-g17-4gb-256gb-xt2623-1-rosa-motorola/5033201
2026-09-21,koerich,SC,,Eletroeletrônicos,Eletrônicos (geral),Smart,,"Smart TV Hisense DLED FULL HD 43"" 43A4NV com Processador AI HDR10 DTS Virtual X DLNA Alexa e Google",,belmicro_130278,1659.00,,,nao,https://www.koerich.com.br/p/smart-tv-hisense-dled-full-hd-43-43a4nv-com-processador-ai-hdr10-dts-virtual-x-dlna-alexa-e-google/belmicro_130278
2026-09-21,koerich,SC,,Eletroeletrônicos,Eletrônicos (geral),Samsung,,Samsung A26 5G 256GB SM-A266MZWSZTO - Verde,,4916300,2499.00,1299.00,,nao,https://www.koerich.com.br/p/samsung-a26-5g-256gb-sm-a266mzwszto-verde/4916300
2026-09-21,koerich,SC,,Eletroeletrônicos,Eletrônicos (geral),Impressora,,Impressora I9 Full Usb-ser-eth Elgin,,webcontinental_MKP000321048667,1189.82,,,nao,https://www.koerich.com.br/p/impressora-i9-full-usb-ser-eth-elgin/webcontinental_MKP000321048667
2026-09-21,koerich,SC,,Eletroeletrônicos,Eletrônicos (geral),Samsung,,Samsung S25FE 128GB SM-S731BDBSZTO - Azul Marinho,,4969500,4299.00,3599.00,,nao,https://www.koerich.com.br/p/samsung-s25fe-128gb-sm-s731bdbszto-azul-marinho/4969500
2026-09-21,koerich,SC,,Eletroeletrônicos,Eletrônicos (geral),Iphone,,Iphone 16E 128gb Preto - Iphone,,4914000,6499.00,5299.00,,nao,https://www.koerich.com.br/p/iphone-16e-128gb-preto-iphone/4914000
2026-09-21,koerich,SC,,Eletroeletrônicos,Eletrônicos (geral),Smart,,Smart TV LED 86 86PUG7019/78 UHD 4K Preto - PHILIPS,,4926500,7999.00,,,nao,https://www.koerich.com.br/p/smart-tv-led-86-86pug7019-78-uhd-4k-preto-philips/4926500
2026-09-21,koerich,SC,,Eletroeletrônicos,Eletrônicos (geral),Smart,,"Smart TV Philco P39CRA 39"" Full HD DLED Cinza com Roku Tv Bivolt",,webcontinental_MKP006176002081,1649.90,,,nao,https://www.koerich.com.br/p/smart-tv-philco-p39cra-39-full-hd-dled-cinza-com-roku-tv-bivolt/webcontinental_MKP006176002081
