data,site,uf,cidade,departamento,categoria,subcategoria,marca,descricao,ean,sku,preco_regular,preco_promocional,preco_pix,disponivel,link
2026-08-25,havan,"Nacional (rede em quase todos os estados, sede SC) — não confirmado por CEP",,Eletroeletrônicos,Eletrônicos (geral),Smart,,"Smart Tv Samsung 50"" Miniled 4K M75h com Vision Ai Companion e Gaming Hub",,,2999.90,,,sim,https://www.havan.com.br/smart-tv-samsung-50-miniled-4k-m75h-com-vision-ai-companion-e-gaming-hub-diversos/p
2026-08-25,havan,"Nacional (rede em quase todos os estados, sede SC) — não confirmado por CEP",,Eletroeletrônicos,Eletrônicos (geral),Smart,,"Smart Tv Samsung 55"" Miniled 4K M75h com Vision Ai Companion e Gaming Hub",,,3399.90,,,sim,https://www.havan.com.br/smart-tv-samsung-55-miniled-4k-m75h-com-vision-ai-companion-e-gaming-hub-diversos/p
2026-08-25,havan,"Nacional (rede em quase todos os estados, sede SC) — não confirmado por CEP",,Eletroeletrônicos,Eletrônicos (geral),Smart,,"Smart Tv Samsung 65"" Miniled 4K M75h com Vision Ai Companion e Gaming Hub",,,4499.90,,,sim,https://www.havan.com.br/smart-tv-samsung-65-miniled-4k-m75h-com-vision-ai-companion-e-gaming-hub-diversos/p
2026-08-25,havan,"Nacional (rede em quase todos os estados, sede SC) — não confirmado por CEP",,Eletroeletrônicos,Eletrônicos (geral),Smart,,"Smart Tv Samsung 75"" Miniled 4K M75h com Vision Ai Companion e Gaming Hub",,,6199.90,,,sim,https://www.havan.com.br/smart-tv-samsung-75-miniled-4k-m75h-com-vision-ai-companion-e-gaming-hub-diversos/p
2026-08-25,havan,"Nacional (rede em quase todos os estados, sede SC) — não confirmado por CEP",,Eletroeletrônicos,Eletrônicos (geral),Fone,,Fone de Ouvido Philco Extreme Bluetooth 5.4 Preto Pfo09p,,,199.90,,,sim,https://www.havan.com.br/fone-de-ouvido-philco-extreme-bluetooth-54-preto-pfo09p-diversos/p
2026-08-25,havan,"Nacional (rede em quase todos os estados, sede SC) — não confirmado por CEP",,Eletroeletrônicos,Eletrônicos (geral),Roteador,,Roteador Wi-Fi W5-1200Gs Intelbras Preto 4 Antenas Inmesh,,,249.90,,,sim,https://www.havan.com.br/roteador-wi-fi-w5-1200gs-intelbras-preto-4-antenas-inmesh-diversos/p
2026-08-25,havan,"Nacional (rede em quase todos os estados, sede SC) — não confirmado por CEP",,Eletroeletrônicos,Eletrônicos (geral),Mochila,,Mochila Executiva Milan Preta Travel Blue,,,129.90,,,sim,https://www.havan.com.br/mochila-executiva-milan-preta-travel-blue-diversos/p
2026-08-25,havan,"Nacional (rede em quase todos os estados, sede SC) — não confirmado por CEP",,Eletroeletrônicos,Eletrônicos (geral),Mochila,,Mochila Executiva Copenhagen Preta Travel Blue - 3190,,,129.90,,,sim,https://www.havan.com.br/mochila-executiva-copenhagen-preta-travel-blue-3190/p
2026-08-25,havan,"Nacional (rede em quase todos os estados, sede SC) — não confirmado por CEP",,Eletroeletrônicos,Eletrônicos (geral),Smart,,"Smart Tv 65"" Lg Qned Mini Led Ai 4K Qned70 2026",,,4799.90,,,sim,https://www.havan.com.br/smart-tv-lg-qned-mini-led-ai-4k-qned70-65-polegadas-2026-diversos/p
2026-08-25,havan,"Nacional (rede em quase todos os estados, sede SC) — não confirmado por CEP",,Eletroeletrônicos,Eletrônicos (geral),Smart,,"Smart Tv Lg 50"" Qned Mini Led Ai 4K Qned70 2026",,,2899.90,,,sim,https://www.havan.com.br/smart-tv-lg-qned-mini-led-ai-4k-qned70-50-polegadas-2026-diversos/p
2026-08-25,havan,"Nacional (rede em quase todos os estados, sede SC) — não confirmado por CEP",,Eletroeletrônicos,Eletrônicos (geral),Mouse,,"Mouse Sem Fio Multi Receptor Usb 2,4Ghz",,,44.99,,,sim,https://www.havan.com.br/mouse-sem-fio-multi-receptor-usb-24ghz-diversos/p
2026-08-25,havan,"Nacional (rede em quase todos os estados, sede SC) — não confirmado por CEP",,Eletroeletrônicos,Eletrônicos (geral),Smart,,"Smart Tv Lg 85"" Qned Mini Led Ai 4K Qned70 2026",,,8999.90,,,sim,https://www.havan.com.br/smart-tv-lg-85-qned-mini-led-ai-4k-qned70-2026-diversos/p
2026-08-25,havan,"Nacional (rede em quase todos os estados, sede SC) — não confirmado por CEP",,Eletroeletrônicos,Eletrônicos (geral),Caixa,,Caixa de Som Waaw Insana 10000 Bluetooth 1500W Power Bass,,,1999.90,,,sim,https://www.havan.com.br/caixa-de-som-waaw-insana-10000-bluetooth-1500w-power-bass-diversos/p
2026-08-25,havan,"Nacional (rede em quase todos os estados, sede SC) — não confirmado por CEP",,Eletroeletrônicos,Eletrônicos (geral),Smart,,"Smart Tv Tcl 50"" Qled 4K P7l Google Tv Dolby Vision",,,2599.90,,,sim,https://www.havan.com.br/smart-tv-tcl-50-qled-4k-p7l-google-tv-dolby-vision-diversos/p
2026-08-25,havan,"Nacional (rede em quase todos os estados, sede SC) — não confirmado por CEP",,Eletroeletrônicos,Eletrônicos (geral),Smart,,"Smart Tv 55"" Tcl T6c Qled 4K Google Tv Dolby Vision",,,2899.90,,,sim,https://www.havan.com.br/smart-tv-55-tcl-t6c-qled-4k-google-tv-dolby-vision-diversos/p
2026-08-25,havan,"Nacional (rede em quase todos os estados, sede SC) — não confirmado por CEP",,Eletroeletrônicos,Eletrônicos (geral),Smart,,"Smart Tv 65"" Tcl T6c Qled 4K Google Tv Dolby Vision",,,3999.90,,,sim,https://www.havan.com.br/smart-tv-65-tcl-t6c-qled-4k-google-tv-dolby-vision-diversos/p
2026-08-25,havan,"Nacional (rede em quase todos os estados, sede SC) — não confirmado por CEP",,Eletroeletrônicos,Eletrônicos (geral),Smart,,"Smart Tv 75"" Tcl T6c Qled 4K Google Tv Dolby Vision",,,5199.90,,,sim,https://www.havan.com.br/smart-tv-75-tcl-t6c-qled-4k-google-tv-dolby-vision-diversos/p
2026-08-25,havan,"Nacional (rede em quase todos os estados, sede SC) — não confirmado por CEP",,Eletroeletrônicos,Eletrônicos (geral),Cabo,,"Cabo Usb-C Lightning Mfi Multi 1,2M Branco para Iphone",,,54.99,,,sim,https://www.havan.com.br/cabo-multi-usbc-lightning-mfi-diversos/p
2026-08-25,havan,"Nacional (rede em quase todos os estados, sede SC) — não confirmado por CEP",,Eletroeletrônicos,Eletrônicos (geral),Cabo,,"Cabo Usb Lightning Mfi Nylon 1,5M Branco para Iphone",,,49.99,,,sim,https://www.havan.com.br/cabo-lightning-mfi-multi-nylon-15m-branco-iphone-diversos/p
2026-08-25,havan,"Nacional (rede em quase todos os estados, sede SC) — não confirmado por CEP",,Eletroeletrônicos,Eletrônicos (geral),Smart,,"Smart Tv 58"" Philco 4K Uhd Roku Tv Hdr10 P58cra",,,2999.90,,,sim,https://www.havan.com.br/smart-tv-58-philco-4k-uhd-roku-tv-hdr10-p58cra-diversos/p
2026-08-25,havan,"Nacional (rede em quase todos os estados, sede SC) — não confirmado por CEP",,Eletroeletrônicos,Eletrônicos (geral),Smart,,"Smart Tv 75"" Samsung Crystal Uhd 4K U8100f",,,5299.90,,,sim,https://www.havan.com.br/samsung-smart-tv-75-crystal-uhd-4k-u8100f-diversos/p
2026-08-25,havan,"Nacional (rede em quase todos os estados, sede SC) — não confirmado por CEP",,Eletroeletrônicos,Eletrônicos (geral),Tablet,,Tablet Lenovo 10.1'' Octa-Core 4Gb Ram 64Gb Wi-Fi Android 14 - Cinza,,,1599.90,,,sim,https://www.havan.com.br/tablet-lenovo-10-1-octa-core-4gb-ram-64gb-wi-fi-android-14-cinza/p
2026-08-25,havan,"Nacional (rede em quase todos os estados, sede SC) — não confirmado por CEP",,Eletroeletrônicos,Eletrônicos (geral),Notebook,,"Notebook Positivo Vision C14 Intel Celeron 4Gb 128Gb 14,1” Hd Windows 11 - 3003011",,,2699.90,,,sim,https://www.havan.com.br/notebook-positivo-vision-c14-intel-celeron-4gb-128gb-14-1-hd-windows-11-3003011/p
2026-08-25,havan,"Nacional (rede em quase todos os estados, sede SC) — não confirmado por CEP",,Eletroeletrônicos,Eletrônicos (geral),Smart,,"Smart Tv 50"" Philco 4K Uhd Roku Tv Hdr10 P50crb",,,2199.90,,,sim,https://www.havan.com.br/smart-tv-50-philco-4k-uhd-roku-tv-hdr10-p50crb-diversos/p
2026-08-25,havan,"Nacional (rede em quase todos os estados, sede SC) — não confirmado por CEP",,Eletroeletrônicos,Eletrônicos (geral),Caixa,,Caixa de Som Bluetooth Jbl Partybox Encore 2 com 2 Microfones,,,2699.90,,,sim,https://www.havan.com.br/caixa-de-som-bluetooth-jbl-partybox-encore-2-com-2-microfones-diversos/p
2026-08-25,havan,"Nacional (rede em quase todos os estados, sede SC) — não confirmado por CEP",,Eletroeletrônicos,Eletrônicos (geral),Smart,,"Smart Tv 75"" Lg Qned Mini Led Ai 4K Qned70 2026",,,6599.90,,,sim,https://www.havan.com.br/smart-tv-lg-qned-mini-led-ai-4k-qned70-75-polegadas-2026-diversos/p
2026-08-25,havan,"Nacional (rede em quase todos os estados, sede SC) — não confirmado por CEP",,Eletroeletrônicos,Eletrônicos (geral),Smart,,"Smart Tv Lg 55"" Qned Mini Led Ai 4K Qned70 2026",,,3499.90,,,sim,https://www.havan.com.br/smart-tv-lg-qned-mini-led-ai-4k-qned70-55-polegadas-2026-diversos/p
2026-08-25,havan,"Nacional (rede em quase todos os estados, sede SC) — não confirmado por CEP",,Eletroeletrônicos,Eletrônicos (geral),Smart,,Smart Tv Lg 32” Hd Lb650 Ai Wi-Fi Bluetooth 2026,,,1399.90,,,sim,https://www.havan.com.br/smart-tv-lg-lb650-ai-full-hd-32-polegadas-2026-diversos/p
2026-08-25,havan,"Nacional (rede em quase todos os estados, sede SC) — não confirmado por CEP",,Eletroeletrônicos,Eletrônicos (geral),Caixa,,Caixa de Som Philco Bluetooth 1700W Pcx7300,,,1199.90,,,sim,https://www.havan.com.br/caixa-de-som-philco-bluetooth-v53-1x-woofer-1700w-pcx7300-diversos/p
2026-08-25,havan,"Nacional (rede em quase todos os estados, sede SC) — não confirmado por CEP",,Eletroeletrônicos,Eletrônicos (geral),Caixa,,Caixa de Som Philco Led Festa Pcx39000 Bluetooth 5.3 3900W,,,3699.90,,,sim,https://www.havan.com.br/caixa-de-som-philco-led-festa-3900w-bluetooth-53-pcx39000-diversos/p
2026-08-25,havan,"Nacional (rede em quase todos os estados, sede SC) — não confirmado por CEP",,Eletroeletrônicos,Eletrônicos (geral),Caixa,,Caixa de Som Bluetooth Jbl Boombox 4 Branco,,,3199.90,,,sim,https://www.havan.com.br/caixa-de-som-bluetooth-jbl-boombox-4-branco-diversos/p
2026-08-25,havan,"Nacional (rede em quase todos os estados, sede SC) — não confirmado por CEP",,Eletroeletrônicos,Eletrônicos (geral),Caixa,,Caixa de Som Jbl Partybox Encore Essential 2,,,1999.90,,,sim,https://www.havan.com.br/jbl-partybox-encore-essential-2-preto-diversos/p
2026-08-25,havan,"Nacional (rede em quase todos os estados, sede SC) — não confirmado por CEP",,Eletroeletrônicos,Eletrônicos (geral),Tablet,,"Tablet Tcl Tab 11 128Gb 4Gb Ram Wi-Fi 11"" - Cinza",,,1799.90,,,sim,https://www.havan.com.br/tablet-tcl-tab-11-128gb-4gb-ram-wi-fi-11-cinza/p
2026-08-25,havan,"Nacional (rede em quase todos os estados, sede SC) — não confirmado por CEP",,Eletroeletrônicos,Eletrônicos (geral),Console,,Console Nintendo Switch 2 256Gb Preto,,,4499.90,,,sim,https://www.havan.com.br/console-nintendo-switch-2-256gb-preto-diversos/p
2026-08-25,havan,"Nacional (rede em quase todos os estados, sede SC) — não confirmado por CEP",,Eletroeletrônicos,Eletrônicos (geral),Headset,,Headset Gamer Jbl Quantum 100 M2 Roxo,,,179.90,,,sim,https://www.havan.com.br/headset-gamer-jbl-quantum-100-m2-roxo-nc-diversos/p
2026-08-25,havan,"Nacional (rede em quase todos os estados, sede SC) — não confirmado por CEP",,Eletroeletrônicos,Eletrônicos (geral),Suporte,,Suporte Organizador Tipo Prateleira Elg ACE08D - Preto,,,69.99,,,sim,https://www.havan.com.br/suporte-organizador-tipo-prateleira-elg-ace08d-preto/p
2026-08-25,havan,"Nacional (rede em quase todos os estados, sede SC) — não confirmado por CEP",,Eletroeletrônicos,Eletrônicos (geral),Repetidor,,Repetidor de Sinal Wi-Fi Me30 Ac1200 com 2 Antenas,,,179.90,,,sim,https://www.havan.com.br/extensor-de-alcance-wi-fi-ac1200-me30-diversos/p
2026-08-25,havan,"Nacional (rede em quase todos os estados, sede SC) — não confirmado por CEP",,Eletroeletrônicos,Eletrônicos (geral),Roteador,,Roteador Wi-Fi Tp-Link Mr30g Ac1200 Gigabit Dual Band,,,179.90,,,sim,https://www.havan.com.br/roteador-tp-link-mr30g-gigabit-dual-band-sem-fio-ac1200-diversos/p
2026-08-25,havan,"Nacional (rede em quase todos os estados, sede SC) — não confirmado por CEP",,Eletroeletrônicos,Eletrônicos (geral),Smart,,Smart Tv Samsung 50'' Qled Q7f 4K Vision Ai Tizen 2025,,,3099.90,,,sim,https://www.havan.com.br/smart-tv-50-samsung-qled-q7f-4k-vision-ai-tizen-2025-diversos/p
2026-08-25,havan,"Nacional (rede em quase todos os estados, sede SC) — não confirmado por CEP",,Eletroeletrônicos,Eletrônicos (geral),Projetor,,Projetor Intelbras Pfl5211 Full Hd Led 5200 Lúmens com Wi-Fi,,,1499.90,,,sim,https://www.havan.com.br/projetor-intelbras-pfl5211-full-hd-com-5200-lumens-ate-200-projecao-diversos/p
2026-08-25,havan,"Nacional (rede em quase todos os estados, sede SC) — não confirmado por CEP",,Eletroeletrônicos,Eletrônicos (geral),Mouse,,Mouse Gamer Redragon Deicide Standard Preto Rgb M816-Std,,,179.90,,,sim,https://www.havan.com.br/mouse-gamer-redragon-deicide-standard-preto-rgb-diversos/p
2026-08-25,havan,"Nacional (rede em quase todos os estados, sede SC) — não confirmado por CEP",,Eletroeletrônicos,Eletrônicos (geral),Smart,,"Smart Tv Samsung 55"" Crystal Uhd 4K U8100f Tizen Gaming Hub",,,2999.90,,,sim,https://www.havan.com.br/smart-tv-samsung-55-crystal-uhd-4k-u8100f-tizen-gaming-hub-alexa-diversos/p
2026-08-25,havan,"Nacional (rede em quase todos os estados, sede SC) — não confirmado por CEP",,Eletroeletrônicos,Eletrônicos (geral),Combo,,Combo Gamer Redragon Gaming Essentials S166 Rgb 4 em 1,,,279.90,,,sim,https://www.havan.com.br/combo-gamer-redragon-gaming-essentials-s166-rgb-4-em-1-diversos/p
2026-08-25,havan,"Nacional (rede em quase todos os estados, sede SC) — não confirmado por CEP",,Eletroeletrônicos,Eletrônicos (geral),Tablet,,"Tablet Positivo 7"" Vision Tab Minions 64Gb 3Gb Ram Wi-Fi - Preto",,,899.90,,,sim,https://www.havan.com.br/tablet-positivo-7-vision-tab-minions-64gb-3gb-ram-wi-fi-preto/p
2026-08-25,havan,"Nacional (rede em quase todos os estados, sede SC) — não confirmado por CEP",,Eletroeletrônicos,Eletrônicos (geral),Fone,,Fone de Ouvido Bluetooth Elg Aura com Microfone Cinza,,,179.90,,,sim,https://www.havan.com.br/headphone-bluetooth-elg-aura-com-microfone-cinza-diversos/p
2026-08-25,havan,"Nacional (rede em quase todos os estados, sede SC) — não confirmado por CEP",,Eletroeletrônicos,Eletrônicos (geral),Fone,,Fone de Ouvido Bluetooth Elg Aura com Microfone Preto,,,179.90,,,sim,https://www.havan.com.br/headphone-bluetooth-elg-aura-com-microfone-preto-diversos/p
2026-08-25,havan,"Nacional (rede em quase todos os estados, sede SC) — não confirmado por CEP",,Eletroeletrônicos,Eletrônicos (geral),Mouse,,Mouse Gamer Elg Sem Fio 12800 Dpi Tri-Mode Kaus,,,149.90,,,sim,https://www.havan.com.br/mouse-gamer-wireless-12800-dpi-tri-mode-elg-kaus-diversos/p
2026-08-25,havan,"Nacional (rede em quase todos os estados, sede SC) — não confirmado por CEP",,Eletroeletrônicos,Eletrônicos (geral),Fone,,Fone de Ouvido Waaw Headphone Bluetooth Essence 200,,,249.90,,,sim,https://www.havan.com.br/fone-de-ouvido-waaw-headphone-bluetooth-essence-200-diversos/p
2026-08-25,havan,"Nacional (rede em quase todos os estados, sede SC) — não confirmado por CEP",,Eletroeletrônicos,Eletrônicos (geral),Notebook,,"Notebook Asus 15,6"" Core I3 N305 8Gb Ram 512Gb Ssd Windows 11",,,4499.90,,,sim,https://www.havan.com.br/notebook-asus-15-6-core-i3-n305-8gb-ram-512gb-ssd-windows-11-diversos/p
2026-08-25,havan,"Nacional (rede em quase todos os estados, sede SC) — não confirmado por CEP",,Eletroeletrônicos,Eletrônicos (geral),Fone,,Fone de Ouvido Waaw by Alok Bluetooth Sense 200Hb - Preto,,,99.90,,,sim,https://www.havan.com.br/fone-de-ouvido-bluetooth-sense-200hb-waaw-by-alok-preto/p
2026-08-25,havan,"Nacional (rede em quase todos os estados, sede SC) — não confirmado por CEP",,Eletroeletrônicos,Eletrônicos (geral),Pc,,Pc Gamer Brx Ryzen 5 5600 16Gb Ssd 480Gb Rx 6600 Windows 11,,,7499.90,,,sim,https://www.havan.com.br/pc-gamer-brx-ryzen-5-5600-16gb-ssd-480gb-rx-6600-windows-11-diversos/p
2026-08-25,havan,"Nacional (rede em quase todos os estados, sede SC) — não confirmado por CEP",,Eletroeletrônicos,Eletrônicos (geral),Pc,,Pc Gamer Brx Ryzen 5 5500 16Gb Ssd 240Gb Rx 580 Windows 11,,,5799.90,,,sim,https://www.havan.com.br/computador-gamer-brx-ryzen-5-5500-16gb-ssd-240gb-rx-580-w11-diversos/p
2026-08-25,havan,"Nacional (rede em quase todos os estados, sede SC) — não confirmado por CEP",,Eletroeletrônicos,Eletrônicos (geral),Headset,,Headset Gamer Jbl Quantum 100 M2 Preto,,,179.90,,,sim,https://www.havan.com.br/headset-gamer-jbl-quantum-100-m2-preto-nc-diversos/p
2026-08-25,havan,"Nacional (rede em quase todos os estados, sede SC) — não confirmado por CEP",,Eletroeletrônicos,Eletrônicos (geral),Mochila,,Mochila Executiva Wise Preta Travel Blue,,,99.99,,,sim,https://www.havan.com.br/mochila-executiva-wise-preta-travel-blue-diversos/p
2026-08-25,havan,"Nacional (rede em quase todos os estados, sede SC) — não confirmado por CEP",,Eletroeletrônicos,Eletrônicos (geral),Mochila,,Mochila Executiva Unicross Preta Travel Blue,,,99.99,,,sim,https://www.havan.com.br/mochila-executiva-unicross-preta-travel-blue-diversos/p
2026-08-25,havan,"Nacional (rede em quase todos os estados, sede SC) — não confirmado por CEP",,Eletroeletrônicos,Eletrônicos (geral),Kit,,Kit Teclado e Mouse Sem Fio Multi Tc670,,,89.99,,,sim,https://www.havan.com.br/combo-sem-fio-basico-multi-usb-24ghz-1200dpi-diversos/p
2026-08-25,havan,"Nacional (rede em quase todos os estados, sede SC) — não confirmado por CEP",,Eletroeletrônicos,Eletrônicos (geral),Suporte,,"Suporte Articulado de Parede Elg para Tvs de 26"" a 75""",,,249.90,,,sim,https://www.havan.com.br/suporte-articulado-de-parede-elg-para-tvs-de-26-a-75-diversos/p
2026-08-25,havan,"Nacional (rede em quase todos os estados, sede SC) — não confirmado por CEP",,Eletroeletrônicos,Eletrônicos (geral),Caixa,,Caixa de Som Bluetooth Waaw by Alok Us 200Sb Duo - Preto,,,199.90,,,sim,https://www.havan.com.br/caixa-de-som-bluetooth-us-200sb-duo-waaw-by-alok-preto/p
2026-08-25,havan,"Nacional (rede em quase todos os estados, sede SC) — não confirmado por CEP",,Eletroeletrônicos,Eletrônicos (geral),Soundbar,,Soundbar Jbl Bluetooth 3.1.2 Canais Cinema Sb595,,,1999.90,,,sim,https://www.havan.com.br/soundbar-jbl-bluetooth-312-canais-cinema-sb595-bivolt-diversos/p
2026-08-25,havan,"Nacional (rede em quase todos os estados, sede SC) — não confirmado por CEP",,Eletroeletrônicos,Eletrônicos (geral),Headset,,Headset Gamer Jbl com Fio Quantum 250 Branco,,,299.90,,,sim,https://www.havan.com.br/headset-gamer-jbl-com-fio-quantum-250-branco-diversos/p
2026-08-25,havan,"Nacional (rede em quase todos os estados, sede SC) — não confirmado por CEP",,Eletroeletrônicos,Eletrônicos (geral),Console,,Console Nintendo Switch com Super Mario Bros Wonder Incluso,,,2299.90,,,sim,https://www.havan.com.br/console-nintendo-switch-com-super-mario-bros-wonder-incluso-diversos/p
2026-08-25,havan,"Nacional (rede em quase todos os estados, sede SC) — não confirmado por CEP",,Eletroeletrônicos,Eletrônicos (geral),Notebook,,"Notebook Multi Ultra 14"" 128Gb 4Gb Ram Windows 11 Celeron N4020c",,,1999.90,,,sim,https://www.havan.com.br/notebook-ultra-14-polegadas-128gb-4gb-ram-diversos/p
2026-08-25,havan,"Nacional (rede em quase todos os estados, sede SC) — não confirmado por CEP",,Eletroeletrônicos,Eletrônicos (geral),Mouse,,Mouse Sem Fio Multi Vertical Ergonômico Emborrachado,,,99.99,,,sim,https://www.havan.com.br/mouse-sem-fio-vertical-ergonomico-multi-emborrachado-3dpis-24ghz-diversos/p
2026-08-25,havan,"Nacional (rede em quase todos os estados, sede SC) — não confirmado por CEP",,Eletroeletrônicos,Eletrônicos (geral),Mouse,,Mouse Bluetooth Multi Clique Silencioso Preto Mo350,,,19.99,,,sim,https://www.havan.com.br/mouse-bluetooth-multi-clique-silencioso-mo350-diversos/p
2026-08-25,havan,"Nacional (rede em quase todos os estados, sede SC) — não confirmado por CEP",,Eletroeletrônicos,Eletrônicos (geral),Headset,,"Headset com Fio Multi P3 com Microfone Cabo 1,5M",,,79.99,,,sim,https://www.havan.com.br/headset-com-fio-p3-multi-adaptador-usb-controle-de-volume-integrado-diversos/p
2026-08-25,havan,"Nacional (rede em quase todos os estados, sede SC) — não confirmado por CEP",,Eletroeletrônicos,Eletrônicos (geral),Soundbar,,Soundbar Lg S40t 300W Rms 2.1 Canais Bluetooth 5.3 Hdmi Ai Sound Pro,,,1299.90,,,sim,https://www.havan.com.br/soundbar-lg-s40t-300w-rms-2-1-canais-bluetooth-5-3-hdmi-ai-sound-pro-diversos/p
2026-08-25,havan,"Nacional (rede em quase todos os estados, sede SC) — não confirmado por CEP",,Eletroeletrônicos,Eletrônicos (geral),Smart,,"Smart Tv Philips 65"" 4K Google Tv Led Wi-Fi Bluetooth Hdr",,,3699.90,,,sim,https://www.havan.com.br/smart-tv-philips-65-4k-google-tv-diversos/p
2026-08-25,havan,"Nacional (rede em quase todos os estados, sede SC) — não confirmado por CEP",,Eletroeletrônicos,Eletrônicos (geral),Caixa,,Caixa de Som Bluetooth Philips Party Speaker 1500W Philips Tax4000,,,999.90,,,sim,https://www.havan.com.br/party-speaker-philps-tax4000-1500w-aura-cast-diversos/p
2026-08-25,havan,"Nacional (rede em quase todos os estados, sede SC) — não confirmado por CEP",,Eletroeletrônicos,Eletrônicos (geral),Impressora,,Impressora Multifuncional Hp Deskjet Ink Advantage 2975,,,599.90,,,sim,https://www.havan.com.br/impressora-multifuncional-hp-deskjet-ink-advantage-2975-diversos/p
2026-08-25,havan,"Nacional (rede em quase todos os estados, sede SC) — não confirmado por CEP",,Eletroeletrônicos,Eletrônicos (geral),Mousepad,,Mousepad com Apoio em Gel Maxprint,,,24.99,,,sim,https://www.havan.com.br/base-para-mouse-smart-com-apoio-em-gel-preto-diversos/p
2026-08-25,havan,"Nacional (rede em quase todos os estados, sede SC) — não confirmado por CEP",,Eletroeletrônicos,Eletrônicos (geral),Cadeira,,Cadeira de Escritório Maxprint Arantes Preta,,,499.90,,,sim,https://www.havan.com.br/cadeira-office-maxprint-arantes-preta-diversos/p
2026-08-25,havan,"Nacional (rede em quase todos os estados, sede SC) — não confirmado por CEP",,Eletroeletrônicos,Eletrônicos (geral),Fone,,Fone de Ouvido com Fio Usb-C Jbl Tune T530c Preto,,,169.90,,,sim,https://www.havan.com.br/fone-de-ouvido-com-fio-usb-c-jbl-tune-t530c-preto-diversos/p
2026-08-25,havan,"Nacional (rede em quase todos os estados, sede SC) — não confirmado por CEP",,Eletroeletrônicos,Eletrônicos (geral),Teclado,,Teclado Mecânico Redragon Dark Avenger Lunar Branco Rgb Switch Azul,,,249.90,,,sim,https://www.havan.com.br/teclado-mecanico-redragon-dark-avenger-lunar-white-rgb-switch-azul-diversos/p
2026-08-25,havan,"Nacional (rede em quase todos os estados, sede SC) — não confirmado por CEP",,Eletroeletrônicos,Eletrônicos (geral),Fone,,Fone Gamer Jbl Quantum 250 Preto,,,299.90,,,sim,https://www.havan.com.br/fone-gamer-jbl-quantum-250-preto-diversos/p
2026-08-25,havan,"Nacional (rede em quase todos os estados, sede SC) — não confirmado por CEP",,Eletroeletrônicos,Eletrônicos (geral),Carregador,,Carregador de Parede Usb Multi 5W - Preto,,,34.99,,,sim,https://www.havan.com.br/carregador-de-parede-usb-multi-branco-5w-preto/p
2026-08-25,havan,"Nacional (rede em quase todos os estados, sede SC) — não confirmado por CEP",,Eletroeletrônicos,Eletrônicos (geral),Carregador,,Carregador de Parede Usb C Multi 20W - Branco,,,64.99,,,sim,https://www.havan.com.br/carregador-de-parede-usb-c-multi-20w-branco/p
2026-08-25,havan,"Nacional (rede em quase todos os estados, sede SC) — não confirmado por CEP",,Eletroeletrônicos,Eletrônicos (geral),Smart,,"Smart Tv 55"" Lg Qned73 4K Ai A7 Webos Google Cast",,,3399.90,,,sim,https://www.havan.com.br/smart-tv-55-lg-qned73-4k-ai-a7-webos-google-cast-diversos/p
2026-08-25,havan,"Nacional (rede em quase todos os estados, sede SC) — não confirmado por CEP",,Eletroeletrônicos,Eletrônicos (geral),Fone,,Fone de Ouvido Waaw Mob 210 22 Horas de Bateria,,,169.90,,,sim,https://www.havan.com.br/fone-de-ouvido-waaw-mob-210-22h-de-bateria-diversos/p
2026-08-25,havan,"Nacional (rede em quase todos os estados, sede SC) — não confirmado por CEP",,Eletroeletrônicos,Eletrônicos (geral),Microfone,,Microfone Wireless Bivolt Waaw Vocal 100 Pro Recarregável,,,199.90,,,sim,https://www.havan.com.br/microfone-wireless-bivolt-waaw-vocal-100-pro-recarregavel-diversos/p
2026-08-25,havan,"Nacional (rede em quase todos os estados, sede SC) — não confirmado por CEP",,Eletroeletrônicos,Eletrônicos (geral),Controle,,Controle Sem Fio Xbox Carbon Black Ep2-29929,,,599.90,,,sim,https://www.havan.com.br/controle-sem-fio-xbox-carbon-black-ep2-29929-diversos/p
2026-08-25,havan,"Nacional (rede em quase todos os estados, sede SC) — não confirmado por CEP",,Eletroeletrônicos,Eletrônicos (geral),Relógio,,Relógio Samsung Galaxy Watch8 Smartwatch 44Mm Galaxy Ai Tela em Cristal - Grafite,,,2099.90,,,sim,https://www.havan.com.br/samsung-galaxy-watch8-smartwatch-44mm-bt-galaxy-ai-tela-em-cristal-grafite/p
2026-08-25,havan,"Nacional (rede em quase todos os estados, sede SC) — não confirmado por CEP",,Eletroeletrônicos,Eletrônicos (geral),Smart,,"Smart Tv 60"" Philco 4K Roku Borda Infinita Dolby Audio P60cra",,,2999.90,,,sim,https://www.havan.com.br/smart-tv-60-roku-philco-p60cra-dolby-audio-diversos/p
2026-08-25,havan,"Nacional (rede em quase todos os estados, sede SC) — não confirmado por CEP",,Eletroeletrônicos,Eletrônicos (geral),Smart,,"Smart Tv 65"" Lg Qned73asa 4K Processador Ai A7 Ger 8 Webos 25",,,4499.90,,,sim,https://www.havan.com.br/smart-tv-65-lg-qned73asa-4k-qned-a7-ai-gen8-webos-25-hdr10-diversos/p
2026-08-25,havan,"Nacional (rede em quase todos os estados, sede SC) — não confirmado por CEP",,Eletroeletrônicos,Eletrônicos (geral),Fone,,Fone de Ouvido Bluetooth Jbl Tune 530Bt Preto,,,249.90,,,sim,https://www.havan.com.br/fone-de-ouvido-bluetooth-jbl-tune-730-bt-preto-diversos/p
2026-08-25,havan,"Nacional (rede em quase todos os estados, sede SC) — não confirmado por CEP",,Eletroeletrônicos,Eletrônicos (geral),Fone,,Fone de Ouvido Bluetooth Jbl Tune 730Bt Preto,,,339.90,,,sim,https://www.havan.com.br/fone-de-ouvido-bluetooth-jbl-tune-730bt-preto-diversos/p
2026-08-25,havan,"Nacional (rede em quase todos os estados, sede SC) — não confirmado por CEP",,Eletroeletrônicos,Eletrônicos (geral),Tablet,,"Tablet Samsung Galaxy Tab A11 64Gb 4Gb Ram Tela 8.7"" Wifi - Prata",,,1499.90,,,sim,https://www.havan.com.br/tablet-samsung-galaxy-tab-a11-64gb-4gb-ram-tela-de-87-wifi-prata/p
2026-08-25,havan,"Nacional (rede em quase todos os estados, sede SC) — não confirmado por CEP",,Eletroeletrônicos,Eletrônicos (geral),Tablet,,"Tablet Samsung Galaxy Tab A11+ 128Gb 6Gb Ram Tela 11"" - Cinza",,,1999.90,,,sim,https://www.havan.com.br/samsung-galaxy-tab-a11-128gb-6gb-ram-tela-de-11-bateria-7040mah-cinza/p
2026-08-25,havan,"Nacional (rede em quase todos os estados, sede SC) — não confirmado por CEP",,Eletroeletrônicos,Eletrônicos (geral),Tablet,,"Tablet Samsung Galaxy Tab A11+ 128Gb 6Gb Ram 5G Tela de 11"" - Cinza",,,2199.90,,,sim,https://www.havan.com.br/tablet-samsung-galaxy-a11-128gb-6gb-ram-tela-de-11-bateria-7040-mah-cinza/p
2026-08-25,havan,"Nacional (rede em quase todos os estados, sede SC) — não confirmado por CEP",,Eletroeletrônicos,Eletrônicos (geral),Tablet,,"Tablet Samsung Galaxy Tab S10 Lite 128Gb 6Gb Ram 5G Tela 10.9"" - Cinza",,,3299.90,,,sim,https://www.havan.com.br/samsung-galaxy-tab-s10-lite-128gb-6gb-ram-tela-109-bateria-8000mah-cinza/p
2026-08-25,havan,"Nacional (rede em quase todos os estados, sede SC) — não confirmado por CEP",,Eletroeletrônicos,Eletrônicos (geral),Notebook,,"Notebook Asus 15,6” Intel Core I5 8Gb 512Gb Ssd Windows 11",,,4499.90,,,sim,https://www.havan.com.br/notebook-asus-15-6-intel-core-i5-8gb-512gb-ssd-windows-11-diversos/p
2026-08-25,havan,"Nacional (rede em quase todos os estados, sede SC) — não confirmado por CEP",,Eletroeletrônicos,Eletrônicos (geral),Impressora,,Impressora 3D Bambu Lab A1 Combo,,,5999.90,,,sim,https://www.havan.com.br/impressora-3d-bambu-lab-a1-combo-diversos/p
2026-08-25,havan,"Nacional (rede em quase todos os estados, sede SC) — não confirmado por CEP",,Eletroeletrônicos,Eletrônicos (geral),Suporte,,"Suporte Articulado de Parede Elg para Tvs de 32"" a 86""",,,459.90,,,sim,https://www.havan.com.br/suporte-articulado-de-parede-elg-para-tvs-de-32-a-86-diversos/p
2026-08-25,havan,"Nacional (rede em quase todos os estados, sede SC) — não confirmado por CEP",,Eletroeletrônicos,Eletrônicos (geral),Impressora,,Impressora Multifuncional Canon Megatank G2170,,,899.90,,,sim,https://www.havan.com.br/impressora-multifuncional-canon-mega-tank-g2170-diversos/p
2026-08-25,havan,"Nacional (rede em quase todos os estados, sede SC) — não confirmado por CEP",,Eletroeletrônicos,Eletrônicos (geral),Óculos,,Óculos de Realidade Virtual para Playstation 5 Psvr2 Sony,,,3499.90,,,sim,https://www.havan.com.br/oculos-de-realidade-virtual-para-playstation-psvr-2-sony-diversos/p
2026-08-25,havan,"Nacional (rede em quase todos os estados, sede SC) — não confirmado por CEP",,Eletroeletrônicos,Eletrônicos (geral),Pulseira,,Pulseira Multi Smartband B2 Wr200 - Rosa,,,149.90,,,sim,https://www.havan.com.br/pulseira-multi-smartband-b2-wr200-rosa/p
2026-08-25,havan,"Nacional (rede em quase todos os estados, sede SC) — não confirmado por CEP",,Eletroeletrônicos,Eletrônicos (geral),Pulseira,,Pulseira Multi Smartband B2 Wr200 - Preto,,,149.90,,,sim,https://www.havan.com.br/pulseira-multi-smartband-b2-wr200-preto/p
2026-08-25,havan,"Nacional (rede em quase todos os estados, sede SC) — não confirmado por CEP",,Eletroeletrônicos,Eletrônicos (geral),Cabo,,Cabo Usb-C Multi 1.2 Metros Branco Multi,,,29.99,,,sim,https://www.havan.com.br/cabo-usbc-usbc-multi-12m-branco-diversos/p
2026-08-25,havan,"Nacional (rede em quase todos os estados, sede SC) — não confirmado por CEP",,Eletroeletrônicos,Eletrônicos (geral),Cabo,,Cabo Tipo C Multi 1.2 Metros Preto,,,29.99,,,sim,https://www.havan.com.br/cabo-tipo-c-multi-12m-preto-diversos/p
2026-08-25,havan,"Nacional (rede em quase todos os estados, sede SC) — não confirmado por CEP",,Eletroeletrônicos,Eletrônicos (geral),Cabo,,Cabo para Iphone Lightning Multi 1.2 Metros Branco,,,29.99,,,sim,https://www.havan.com.br/cabo-para-iphone-lightning-multi-12m-branco-diversos/p
2026-08-25,havan,"Nacional (rede em quase todos os estados, sede SC) — não confirmado por CEP",,Eletroeletrônicos,Eletrônicos (geral),Power,,Power Bank 14.500Mah com Led Indicador Elg Preto Leve e Compacto,,,179.90,,,sim,https://www.havan.com.br/power-bank-14500mah-com-led-indicador-elg-preto-leve-e-compacto-diversos/p
2026-08-25,havan,"Nacional (rede em quase todos os estados, sede SC) — não confirmado por CEP",,Eletroeletrônicos,Eletrônicos (geral),Power,,Power Bank Wireless 5000Mah Elg Branco Leve e Compacto,,,99.99,,,sim,https://www.havan.com.br/power-bank-wireless-5000mah-elg-branco-leve-e-compacto-diversos/p
2026-08-25,havan,"Nacional (rede em quase todos os estados, sede SC) — não confirmado por CEP",,Eletroeletrônicos,Eletrônicos (geral),Caixa,,Caixa de Som Boombox Philco Extreme Bluetooth 300W Pbx01,,,999.90,,,sim,https://www.havan.com.br/boombox-philco-extreme-bluetooth-v54-pbx01-300w-diversos/p
2026-08-25,havan,"Nacional (rede em quase todos os estados, sede SC) — não confirmado por CEP",,Eletroeletrônicos,Eletrônicos (geral),Smart,,"Smart Tv 43"" Samsung Qled Full Hd Q5f Xbox Cloud Gaming Alexa",,,1999.90,,,sim,https://www.havan.com.br/samsung-smart-tv-43-qled-full-hd-q5f-2025-xbox-cloud-gaming-alexa-diversos/p
2026-08-25,havan,"Nacional (rede em quase todos os estados, sede SC) — não confirmado por CEP",,Eletroeletrônicos,Eletrônicos (geral),Caixa,,Caixa de Som Bluetooth Jbl Partybox 720,,,6999.90,,,sim,https://www.havan.com.br/caixa-de-som-bluetooth-jbl-partybox-720-diversos/p
2026-08-25,havan,"Nacional (rede em quase todos os estados, sede SC) — não confirmado por CEP",,Eletroeletrônicos,Eletrônicos (geral),Smart,,Smart Tv 50 Philco Qled Roku P50cra Dolby Áudio,,,2199.90,,,sim,https://www.havan.com.br/smart-tv-50-philco-qled-roku-p50cra-dolby-audio-diversos/p
2026-08-25,havan,"Nacional (rede em quase todos os estados, sede SC) — não confirmado por CEP",,Eletroeletrônicos,Eletrônicos (geral),Caixa,,Caixa de Som Bluetooth Waaw Alok Speaker Beat 1000,,,799.90,,,sim,https://www.havan.com.br/caixa-de-som-bluetooth-portatil-waaw-alok-speaker-beat-1000-diversos/p
2026-08-25,havan,"Nacional (rede em quase todos os estados, sede SC) — não confirmado por CEP",,Eletroeletrônicos,Eletrônicos (geral),Smart,,Smart Tv Philco 58” Ptv58g70r2csgbl 4K Hdr10 Dolby Áudio Led,,,2999.90,,,sim,https://www.havan.com.br/smart-tv-philco-58-ptv58g70r2csgbl-4k-hdr10-dolby-audio-led-diversos/p
2026-08-25,havan,"Nacional (rede em quase todos os estados, sede SC) — não confirmado por CEP",,Eletroeletrônicos,Eletrônicos (geral),Notebook,,"Notebook Acer Intel I5 8Gb 256Gb Ssd Tela 15.3"" Windows 11",,,4499.90,,,sim,https://www.havan.com.br/notebook-acer-intel-i5-8gb-256gb-ssd-tela-153-windows-11-diversos/p
2026-08-25,havan,"Nacional (rede em quase todos os estados, sede SC) — não confirmado por CEP",,Eletroeletrônicos,Eletrônicos (geral),Fone,,Fone Bluetooth Pulse com Cancelamento de Ruído Ph440,,,149.90,,,sim,https://www.havan.com.br/earphone-tws-pulse-anc-branco-diversos/p
2026-08-25,havan,"Nacional (rede em quase todos os estados, sede SC) — não confirmado por CEP",,Eletroeletrônicos,Eletrônicos (geral),Fone,,Fone Bluetooth Pulse com Cancelamento de Ruído Ph349 - Preto,,,149.90,,,sim,https://www.havan.com.br/earphone-tws-pulse-anc-preto/p
2026-08-25,havan,"Nacional (rede em quase todos os estados, sede SC) — não confirmado por CEP",,Eletroeletrônicos,Eletrônicos (geral),Caixa,,Caixa Partybox Jbl Encore Essential 2,,,1999.90,,,sim,https://www.havan.com.br/caixa-partybox-jbl-encore-essential-2-diversos/p
2026-08-25,havan,"Nacional (rede em quase todos os estados, sede SC) — não confirmado por CEP",,Eletroeletrônicos,Eletrônicos (geral),Notebook,,"Notebook Positivo Intel Celeron 4Gb 128Gb Tela 15,6” Windows 11",,,2799.90,,,sim,https://www.havan.com.br/notebook-positivo-intel-celeron-4gb-128gb-tela-15-6-windows-11-diversos/p
2026-08-25,havan,"Nacional (rede em quase todos os estados, sede SC) — não confirmado por CEP",,Eletroeletrônicos,Eletrônicos (geral),Headphone,,Headphone Pulse Preto Hb300 Multi Cancelamento de Ruído,,,199.90,,,sim,https://www.havan.com.br/headphone-pulse-preto-hb300-multi-cancelamento-de-ruido-diversos/p
2026-08-25,havan,"Nacional (rede em quase todos os estados, sede SC) — não confirmado por CEP",,Eletroeletrônicos,Eletrônicos (geral),Mochila,,Mochila Executiva Venture Lit Verde Travel Blue - 3089,,,249.90,,,sim,https://www.havan.com.br/mochila-executiva-venture-lit-verde-travel-blue-3089/p
2026-08-25,havan,"Nacional (rede em quase todos os estados, sede SC) — não confirmado por CEP",,Eletroeletrônicos,Eletrônicos (geral),Console,,Console Nintendo Switch 2 com Jogo Mario Kart World,,,4499.90,,,sim,https://www.havan.com.br/console-nintendo-switch-2-bundle-mario-kart-world-diversos/p
2026-08-25,havan,"Nacional (rede em quase todos os estados, sede SC) — não confirmado por CEP",,Eletroeletrônicos,Eletrônicos (geral),Soundbar,,Soundbar Jbl Bluetooth 2.1 Canais Subwoofer Sem Fios Sb180 Br,,,1399.90,,,sim,https://www.havan.com.br/soundbar-jbl-bluetooth-21-canais-subwoofer-sem-fios-sb180-br-diversos/p
2026-08-25,havan,"Nacional (rede em quase todos os estados, sede SC) — não confirmado por CEP",,Eletroeletrônicos,Eletrônicos (geral),Mochila,,Mochila Executiva Jorney Preta Travel Blue - 3090,,,299.90,,,sim,https://www.havan.com.br/mochila-executiva-jorney-preta-travel-blue-3090/p
2026-08-25,havan,"Nacional (rede em quase todos os estados, sede SC) — não confirmado por CEP",,Eletroeletrônicos,Eletrônicos (geral),Fone,,Fone de Ouvido Bluetooth com Anc Tat2500 Philips - Preto,,,199.90,,,sim,https://www.havan.com.br/fone-de-ouvido-bluetooth-philips-tat2500-preto/p
2026-08-25,havan,"Nacional (rede em quase todos os estados, sede SC) — não confirmado por CEP",,Eletroeletrônicos,Eletrônicos (geral),Fone,,Fone de Ouvido Bluetooth Philips Tat1139 - Preto,,,149.90,,,sim,https://www.havan.com.br/fone-de-ouvido-bluetooth-philips-tat1139-preto/p
2026-08-25,havan,"Nacional (rede em quase todos os estados, sede SC) — não confirmado por CEP",,Eletroeletrônicos,Eletrônicos (geral),Monitor,,"Monitor Gamer 24'' Aoc 200Hz 0,3Ms 24G42he",,,999.90,,,sim,https://www.havan.com.br/monitor-gamer-24g42he-aoc-200hz-03-ms-diversos/p
2026-08-25,havan,"Nacional (rede em quase todos os estados, sede SC) — não confirmado por CEP",,Eletroeletrônicos,Eletrônicos (geral),Monitor,,"Monitor Gamer 27'' Aoc 200Hz 0,3Ms 27G42he",,,1199.90,,,sim,https://www.havan.com.br/monitor-gamer-27g42he-aoc-200hz-03-ms-diversos/p
2026-08-25,havan,"Nacional (rede em quase todos os estados, sede SC) — não confirmado por CEP",,Eletroeletrônicos,Eletrônicos (geral),Monitor,,"Monitor Gamer Aoc 27"" Curvo 300Hz 0,3Ms C27g4z",,,1699.90,,,sim,https://www.havan.com.br/monitor-aoc-gamer-27-curvo-300hz-03-ms-c27g4z-diversos/p
2026-08-25,havan,"Nacional (rede em quase todos os estados, sede SC) — não confirmado por CEP",,Eletroeletrônicos,Eletrônicos (geral),Mouse,,Mouse Gamer Redragon Griffin Preto Rgb M607,,,69.99,,,sim,https://www.havan.com.br/mouse-gamer-redragon-griffin-preto-rgb-m607-diversos/p
2026-08-25,havan,"Nacional (rede em quase todos os estados, sede SC) — não confirmado por CEP",,Eletroeletrônicos,Eletrônicos (geral),Fone,,Fone de Ouvido Bluetooth Tws Deep Pulse Branco - PH426,,,149.90,,,sim,https://www.havan.com.br/fone-de-ouvido-bluetooth-tws-deep-pulse-branco-ph426/p
2026-08-25,havan,"Nacional (rede em quase todos os estados, sede SC) — não confirmado por CEP",,Eletroeletrônicos,Eletrônicos (geral),Caixa,,Caixa de Som Bluetooth Jbl Partybox Club 120,,,2999.90,,,sim,https://www.havan.com.br/caixa-de-som-bluetooth-jbl-partybox-club-120-br-diversos/p
2026-08-25,havan,"Nacional (rede em quase todos os estados, sede SC) — não confirmado por CEP",,Eletroeletrônicos,Eletrônicos (geral),Console,,Console Playstation 5 Sony 1Tb Slim Disk com Jogos Astro Bot e Gran Turismo 7 - Bivolt,,,5099.90,,,sim,https://www.havan.com.br/console-playstation-5-sony-1tb-disk-bundle-astro-bot-e-gran-turismo-7-bivolt/p
2026-08-25,havan,"Nacional (rede em quase todos os estados, sede SC) — não confirmado por CEP",,Eletroeletrônicos,Eletrônicos (geral),Smart,,"Smart Tv 32"" Britânia Led Roku Tv Dolby Áudio Hd B32CRA",,,1199.90,,,sim,https://www.havan.com.br/smart-tv-32-britania-led-roku-tv-dolby-audio-hd-diversos/p
2026-08-25,havan,"Nacional (rede em quase todos os estados, sede SC) — não confirmado por CEP",,Eletroeletrônicos,Eletrônicos (geral),Caixa,,Caixa de Som Bluetooth Jbl Go Essential 2 Preto,,,219.90,,,sim,https://www.havan.com.br/caixa-de-som-bluetooth-jbl-go-essential-2-preto-diversos/p
2026-08-25,havan,"Nacional (rede em quase todos os estados, sede SC) — não confirmado por CEP",,Eletroeletrônicos,Eletrônicos (geral),Caixa,,Caixa de Som Bluetooth Jbl Grip 1 Preto,,,559.90,,,sim,https://www.havan.com.br/caixa-de-som-bluetooth-jbl-grip-1-preto-diversos/p
2026-08-25,havan,"Nacional (rede em quase todos os estados, sede SC) — não confirmado por CEP",,Eletroeletrônicos,Eletrônicos (geral),Relógio,,"Relógio Smartwatch Xiaomi Band 9 Active Tela 1,47” Bluetooth 5.3 - Preto",,,349.90,,,sim,https://www.havan.com.br/relogio-smartwatch-xiaomi-band-9-active-tela-1-47-bluetooth-5-3-preto/p
2026-08-25,havan,"Nacional (rede em quase todos os estados, sede SC) — não confirmado por CEP",,Eletroeletrônicos,Eletrônicos (geral),Caixa,,Caixa de Som Bluetooth Philips Party Speaker 2400W Tax5509,,,1999.90,,,sim,https://www.havan.com.br/caixa-de-som-bluetooth-philips-party-speaker-2400w-tax5509-diversos/p
2026-08-25,havan,"Nacional (rede em quase todos os estados, sede SC) — não confirmado por CEP",,Eletroeletrônicos,Eletrônicos (geral),Caixa,,Caixa de Som Bluetooth Philips Party Speaker 1300W Tax4209,,,899.90,,,sim,https://www.havan.com.br/caixa-de-som-bluetooth-philips-party-speaker-1300w-tax4209-diversos/p
2026-08-25,havan,"Nacional (rede em quase todos os estados, sede SC) — não confirmado por CEP",,Eletroeletrônicos,Eletrônicos (geral),Console,,Console Nintendo Switch Oled com Super Mario Bros Wonder,,,2699.90,,,sim,https://www.havan.com.br/console-nintendo-switch-oled-com-mario-bros-wonder-diversos/p
2026-08-25,havan,"Nacional (rede em quase todos os estados, sede SC) — não confirmado por CEP",,Eletroeletrônicos,Eletrônicos (geral),Smart,,Smart Tv Tcl Qled 32” 32S5k Fhd Google com Wi-Fi e Bluetooth Integrado,,,1199.90,,,sim,https://www.havan.com.br/tcl-qled-smart-tv-32-32s5k-fhd-google-tv-com-wi-fi-e-bluetooth-integr-diversos/p
2026-08-25,havan,"Nacional (rede em quase todos os estados, sede SC) — não confirmado por CEP",,Eletroeletrônicos,Eletrônicos (geral),Tablet,,Tablet Samsung Galaxy Tab S10 Lite 6Gb Ram 128Gb,,,3199.90,,,sim,https://www.havan.com.br/samsung-galaxy-tab-galaxy-tab-s10-lite-tab-s10-lite-diversos/p
2026-08-25,havan,"Nacional (rede em quase todos os estados, sede SC) — não confirmado por CEP",,Eletroeletrônicos,Eletrônicos (geral),Soundbar,,Soundbar 2.1Ch Tcl S55h Ssistema Dual Bass Subwoofer - Bivolt,,,899.90,,,sim,https://www.havan.com.br/soundbar-2-1ch-tcl-s55h-ssistema-dual-bass-subwoofer-bivolt/p
2026-08-25,havan,"Nacional (rede em quase todos os estados, sede SC) — não confirmado por CEP",,Eletroeletrônicos,Eletrônicos (geral),Caixa,,Caixa de Som Torre Amplificada Blutooth Th Xt-665T Polyvox - 1000W RMS,,,999.90,,,sim,https://www.havan.com.br/caixa-de-som-torre-amplificada-blutooth-th-xt-665t-polyvox-1000w-rms/p
2026-08-25,havan,"Nacional (rede em quase todos os estados, sede SC) — não confirmado por CEP",,Eletroeletrônicos,Eletrônicos (geral),Caixa,,Caixa de Som Torre Amplificada Bluetooth Xt-2025T Polyvox - 2500W RMS,,,1699.90,,,sim,https://www.havan.com.br/caixa-de-som-torre-amplificada-bluetooth-xt-2025t-polyvox-2500w-rms/p
2026-08-25,havan,"Nacional (rede em quase todos os estados, sede SC) — não confirmado por CEP",,Eletroeletrônicos,Eletrônicos (geral),Teclado,,Teclado Gamer Redragon Kumara Elite Preto Iluminação Rainbow,,,299.90,,,sim,https://www.havan.com.br/teclado-gamer-redragon-kumara-elite-preto-iluminacao-rainbow-sem-fio-diversos/p
2026-08-25,havan,"Nacional (rede em quase todos os estados, sede SC) — não confirmado por CEP",,Eletroeletrônicos,Eletrônicos (geral),Pc,,Pc Gamer Brx Amd Ryzen 5 5600 32Gb 480Gb Ssd Rtx 3050 Windows 11,,,5499.90,,,sim,https://www.havan.com.br/pc-gamer-brx-amd-ryzen-5-5600-32gb-480gb-ssd-rtx-3050-windows-11-diversos/p
2026-08-25,havan,"Nacional (rede em quase todos os estados, sede SC) — não confirmado por CEP",,Eletroeletrônicos,Eletrônicos (geral),Pc,,Pc Gamer Brx Ryzen 7 5700 32Gb Ssd 480Gb Rx 6600 Windows 11,,,7499.90,,,sim,https://www.havan.com.br/pc-gamer-brx-ryzen-5-5700-32gb-ssd-480gb-rx-6600-windows-11-diversos/p
2026-08-25,havan,"Nacional (rede em quase todos os estados, sede SC) — não confirmado por CEP",,Eletroeletrônicos,Eletrônicos (geral),Mouse,,Mouse Gamer Redragon Cobra Cypher Lite Rgb Preto,,,129.90,,,sim,https://www.havan.com.br/mouse-gamer-redragon-cobra-cypher-lite-rgb-preto-diversos/p
2026-08-25,havan,"Nacional (rede em quase todos os estados, sede SC) — não confirmado por CEP",,Eletroeletrônicos,Eletrônicos (geral),Mousepad,,Mousepad Gamer Redragon Xeon V2 Preto,,,79.99,,,sim,https://www.havan.com.br/mousepad-gamer-redragon-xeon-v2-preto-diversos/p
2026-08-25,havan,"Nacional (rede em quase todos os estados, sede SC) — não confirmado por CEP",,Eletroeletrônicos,Eletrônicos (geral),Teclado,,Teclado Mecânico Gamer Redragon Dark Avenger,,,249.90,,,sim,https://www.havan.com.br/teclado-mecanico-gamer-redragon-dark-avenger-diversos/p
2026-08-25,havan,"Nacional (rede em quase todos os estados, sede SC) — não confirmado por CEP",,Eletroeletrônicos,Eletrônicos (geral),Teclado,,Teclado Mecânico Gamer Redragon Fizz Iluminação Rainbow Preto,,,199.90,,,sim,https://www.havan.com.br/teclado-mecanico-gamer-redragon-fizz-preto-rgb-k617-rgb-b-diversos/p
2026-08-25,havan,"Nacional (rede em quase todos os estados, sede SC) — não confirmado por CEP",,Eletroeletrônicos,Eletrônicos (geral),Carregador,,Carregador Portátil (Power Bank) Lcd 10.000Mah Multi,,,99.99,,,sim,https://www.havan.com.br/carregador-portatil-power-bank-lcd-10000mah-multi-diversos/p
2026-08-25,havan,"Nacional (rede em quase todos os estados, sede SC) — não confirmado por CEP",,Eletroeletrônicos,Eletrônicos (geral),Mousepad,,Mousepad Gamer Razer Ultra Fino Preto,,,49.99,,,sim,https://www.havan.com.br/mousepad-gamer-razer-ultra-fino-preto-diversos/p
2026-08-25,havan,"Nacional (rede em quase todos os estados, sede SC) — não confirmado por CEP",,Eletroeletrônicos,Eletrônicos (geral),Mouse,,Mouse Gamer Razer Cobra Sensor Óptico 3° Geração Com Rgb,,,199.90,,,sim,https://www.havan.com.br/mouse-gamer-razer-cobra-sensor-optico-3-geracao-com-rgb-diversos/p
2026-08-25,havan,"Nacional (rede em quase todos os estados, sede SC) — não confirmado por CEP",,Eletroeletrônicos,Eletrônicos (geral),Headphone,,Headphone Bluetooth Preto Pulse Multi Hb200,,,149.90,,,sim,https://www.havan.com.br/headphone-bluetooth-preto-pulse-multi-hb200-diversos/p
2026-08-25,havan,"Nacional (rede em quase todos os estados, sede SC) — não confirmado por CEP",,Eletroeletrônicos,Eletrônicos (geral),Headphone,,Headphone Bluetooth Branco Pulse Multi Hb200,,,149.90,,,sim,https://www.havan.com.br/headphone-bluetooth-branco-pulse-multi-hb200-diversos/p
2026-08-25,havan,"Nacional (rede em quase todos os estados, sede SC) — não confirmado por CEP",,Eletroeletrônicos,Eletrônicos (geral),Carregador,,Carregador Portátil Power Bank Display Lcd 20.000Mah,,,169.90,,,sim,https://www.havan.com.br/carregador-portatil-power-bank-display-lcd-20000mah-rapido-diversos/p
2026-08-25,havan,"Nacional (rede em quase todos os estados, sede SC) — não confirmado por CEP",,Eletroeletrônicos,Eletrônicos (geral),Cabo,,Cabo Concept Micro Usb 1.5 Metros,,,9.99,,,sim,https://www.havan.com.br/cabo-concept-micro-usb-preto-1-5-metros-diversos/p
2026-08-25,havan,"Nacional (rede em quase todos os estados, sede SC) — não confirmado por CEP",,Eletroeletrônicos,Eletrônicos (geral),Cabo,,Cabo Micro Usb 1.2 Metros Preto,,,9.99,,,sim,https://www.havan.com.br/cabo-micro-usb-multi-12m-preto-diversos/p
2026-08-25,havan,"Nacional (rede em quase todos os estados, sede SC) — não confirmado por CEP",,Eletroeletrônicos,Eletrônicos (geral),Mousepad,,Mousepad Gamer Redragon Flick S Speed P029,,,49.99,,,sim,https://www.havan.com.br/mousepad-gamer-redragon-flick-s-speed-p029-diversos/p
2026-08-25,havan,"Nacional (rede em quase todos os estados, sede SC) — não confirmado por CEP",,Eletroeletrônicos,Eletrônicos (geral),Tablet,,Tablet Samsung Galaxy Tab S10fe Wifi 128Gb 8Gb Ram - Cinza,,,3699.90,,,sim,https://www.havan.com.br/tablet-samsung-galaxy-tab-s10fe-wifi-128gb-8gb-ram-cinza/p
2026-08-25,havan,"Nacional (rede em quase todos os estados, sede SC) — não confirmado por CEP",,Eletroeletrônicos,Eletrônicos (geral),Jogo,,Jogo Playstation 5 Ea Fc 26,,,399.90,,,sim,https://www.havan.com.br/jogo-ea-fc-26-playstation-5-diversos/p
2026-08-25,havan,"Nacional (rede em quase todos os estados, sede SC) — não confirmado por CEP",,Eletroeletrônicos,Eletrônicos (geral),Jogo,,Jogo Playstation 4 Ea Fc 26,,,399.90,,,sim,https://www.havan.com.br/jogo-ea-fc-26-playstation-4-diversos/p
2026-08-25,havan,"Nacional (rede em quase todos os estados, sede SC) — não confirmado por CEP",,Eletroeletrônicos,Eletrônicos (geral),Caixa,,Caixa de Som Jbl Partybox Stage 320 - Preto,,,3999.90,,,sim,https://www.havan.com.br/caixa-de-som-jbl-partybox-stage-320-preto/p
2026-08-25,havan,"Nacional (rede em quase todos os estados, sede SC) — não confirmado por CEP",,Eletroeletrônicos,Eletrônicos (geral),Caixa,,Caixa De Som Bluetooth Jbl Partybox 520,,,5499.90,,,sim,https://www.havan.com.br/caixa-de-som-bluetooth-jbl-partybox-520-diversos/p
2026-08-25,havan,"Nacional (rede em quase todos os estados, sede SC) — não confirmado por CEP",,Eletroeletrônicos,Eletrônicos (geral),Mouse,,Mouse Gamer com Fio Usb Havit Ms1002se2 - Preto,,,79.99,,,sim,https://www.havan.com.br/mouse-gamer-com-fio-usb-havit-ms1002se2-preto/p
2026-08-25,havan,"Nacional (rede em quase todos os estados, sede SC) — não confirmado por CEP",,Eletroeletrônicos,Eletrônicos (geral),Console,,Console Playstation 5 Sony Slim Digital 825Gb com Jogos Astro Bot e Gran Turismo 7,,,3999.90,,,sim,https://www.havan.com.br/console-playstation-5-slim-sony-bundle-digital-diversos/p
2026-08-25,havan,"Nacional (rede em quase todos os estados, sede SC) — não confirmado por CEP",,Eletroeletrônicos,Eletrônicos (geral),Smart,,"Smart Tv 43"" Tcl 43S5k Qled Full Hd Google Tv Wi-Fi",,,1999.90,,,sim,https://www.havan.com.br/smart-tv-43-tcl-43s5k-qled-full-hd-google-tv-wi-fi-diversos/p
2026-08-25,havan,"Nacional (rede em quase todos os estados, sede SC) — não confirmado por CEP",,Eletroeletrônicos,Eletrônicos (geral),Notebook,,"Notebook Asus Ryzen 5 8Gb Ram 256Gb Ssd Tela 15.6"" Windows 11",,,3799.90,,,sim,https://www.havan.com.br/notebook-asus-ryzen-5-8gb-ram-256gb-ssd-tela-15-6-windows-11-diversos/p
2026-08-25,havan,"Nacional (rede em quase todos os estados, sede SC) — não confirmado por CEP",,Eletroeletrônicos,Eletrônicos (geral),Smart,,"Smart Tv 60"" Lg Ai4k Uhd A7 Ai Processor 4K Webos 25 60Ua8550 - Bivolt",,,3299.90,,,sim,https://www.havan.com.br/smart-tv-60-lg-ai4k-uhd-a7-ai-processor-4k-webos-25-60ua8550-bivolt/p
2026-08-25,havan,"Nacional (rede em quase todos os estados, sede SC) — não confirmado por CEP",,Eletroeletrônicos,Eletrônicos (geral),Caixa,,Caixa de Som Waaw Infinite 700 Bluetooth Torre até 20H de Autonomia,,,2999.90,,,sim,https://www.havan.com.br/caixa-de-som-waaw-infinite-700-bluetooth-torre-ate-20h-de-autonomia-diversos/p
2026-08-25,havan,"Nacional (rede em quase todos os estados, sede SC) — não confirmado por CEP",,Eletroeletrônicos,Eletrônicos (geral),Mousepad,,Mousepad Com Apoio Gel Pequeno Multi Ac021 - Preto,,,29.99,,,sim,https://www.havan.com.br/mousepad-com-apoio-gel-pequeno-multi-ac021-preto/p
2026-08-25,havan,"Nacional (rede em quase todos os estados, sede SC) — não confirmado por CEP",,Eletroeletrônicos,Eletrônicos (geral),Kit,,Kit Starlink Mini Antena Internet Via Satélite - Branco,,,899.90,,,sim,https://www.havan.com.br/kit-starlink-mini-antena-internet-via-satelite-branco/p
2026-08-25,havan,"Nacional (rede em quase todos os estados, sede SC) — não confirmado por CEP",,Eletroeletrônicos,Eletrônicos (geral),Antena,,Antena Starlink Internet Via Satélite Standard Kit V4 - Branco,,,2799.90,,,sim,https://www.havan.com.br/antena-starlink-internet-via-satelite-standard-kit-v4-branco/p
2026-08-25,havan,"Nacional (rede em quase todos os estados, sede SC) — não confirmado por CEP",,Eletroeletrônicos,Eletrônicos (geral),Caixa,,Caixa de Som Bluetooth Klicke Ks700 - Preto,,,899.90,,,sim,https://www.havan.com.br/caixa-de-som-bluetooth-klicke-ks700-preto/p
2026-08-25,havan,"Nacional (rede em quase todos os estados, sede SC) — não confirmado por CEP",,Eletroeletrônicos,Eletrônicos (geral),Fone,,Fone de Ouvido Bluetooth Klicke K200 - Preto,,,99.90,,,sim,https://www.havan.com.br/fone-de-ouvido-bluetooth-klicke-k200-preto/p
2026-08-25,havan,"Nacional (rede em quase todos os estados, sede SC) — não confirmado por CEP",,Eletroeletrônicos,Eletrônicos (geral),Mouse,,Mouse Sem Fio Logitech Pebble M350s - Grafite,,,119.90,,,sim,https://www.havan.com.br/mouse-sem-fio-logitech-pebble-m350s-grafite/p
2026-08-25,havan,"Nacional (rede em quase todos os estados, sede SC) — não confirmado por CEP",,Eletroeletrônicos,Eletrônicos (geral),Kit,,Kit Teclado e Mouse com Fio Havit Kb271cm - Preto,,,49.99,,,sim,https://www.havan.com.br/kit-teclado-e-mouse-com-fio-havit-kb271cm-preto/p
2026-08-25,havan,"Nacional (rede em quase todos os estados, sede SC) — não confirmado por CEP",,Eletroeletrônicos,Eletrônicos (geral),Caixa,,Caixa De Som Bluetooth Jbl Boombox 4 - Preto,,,3199.90,,,sim,https://www.havan.com.br/caixa-de-som-bluetooth-jbl-boombox-4-preto/p
2026-08-25,havan,"Nacional (rede em quase todos os estados, sede SC) — não confirmado por CEP",,Eletroeletrônicos,Eletrônicos (geral),Smart,,"Smart Tv 65"" Lg Uhd Ai 4K 65Ua8550 - Bivolt",,,4299.90,,,sim,https://www.havan.com.br/smart-tv-65-lg-uhd-ai-4k-65ua8550-bivolt/p
2026-08-25,havan,"Nacional (rede em quase todos os estados, sede SC) — não confirmado por CEP",,Eletroeletrônicos,Eletrônicos (geral),Teclado,,Teclado Gamer Mecânico Preto Elg,,,249.90,,,sim,https://www.havan.com.br/teclado-gamer-mecanico-preto-elg-diversos/p
2026-08-25,havan,"Nacional (rede em quase todos os estados, sede SC) — não confirmado por CEP",,Eletroeletrônicos,Eletrônicos (geral),Caixa,,Caixa De Som Acústica Waaw By Alok Bluetooth Infinite 200 - Bivolt,,,1499.90,,,sim,https://www.havan.com.br/caixa-de-som-acustica-waaw-by-alok-bluetooth-infinite-200-bivolt/p
2026-08-25,havan,"Nacional (rede em quase todos os estados, sede SC) — não confirmado por CEP",,Eletroeletrônicos,Eletrônicos (geral),Extensor,,Extensor Wi-Fi 5 Dual Band Twibi Force Plug Giga Intelbras,,,199.90,,,sim,https://www.havan.com.br/extensor-wi-fi-5-dual-band-twibi-force-plug-giga-intelbras-diversos/p
2026-08-25,havan,"Nacional (rede em quase todos os estados, sede SC) — não confirmado por CEP",,Eletroeletrônicos,Eletrônicos (geral),Caixa,,Caixa de Som Bluetooth Boombeat Philips 200W,,,1699.90,,,sim,https://www.havan.com.br/caixa-de-som-bluetooth-boombeat-philips-200w-diversos/p
2026-08-25,havan,"Nacional (rede em quase todos os estados, sede SC) — não confirmado por CEP",,Eletroeletrônicos,Eletrônicos (geral),Projetor,,Projetor Smart Full Hd Portátil Multi Pj300n,,,1399.90,,,sim,https://www.havan.com.br/projetor-smart-full-hd-portatil-multi-pj300n-diversos/p
2026-08-25,havan,"Nacional (rede em quase todos os estados, sede SC) — não confirmado por CEP",,Eletroeletrônicos,Eletrônicos (geral),Headset,,Headset Gamer Ares Rgb Redragon - Preto,,,149.90,,,sim,https://www.havan.com.br/headset-gamer-ares-rgb-redragon-preto/p
2026-08-25,havan,"Nacional (rede em quase todos os estados, sede SC) — não confirmado por CEP",,Eletroeletrônicos,Eletrônicos (geral),Notebook,,Notebook Lenovo Ideapad 1I Core I3-1315U 8Gb 256Gb Ssd Windows 11,,,3799.90,,,sim,https://www.havan.com.br/notebook-ideapad-1i-core-i3-1315u-8gb-256gb-ssd-w11-diversos/p
2026-08-25,havan,"Nacional (rede em quase todos os estados, sede SC) — não confirmado por CEP",,Eletroeletrônicos,Eletrônicos (geral),Kit,,Kit Teclado e Mouse Sem Fio Havit Kb206gcm - Preto,,,69.99,,,sim,https://www.havan.com.br/kit-teclado-e-mouse-sem-fio-havit-kb206gcm-preto/p
2026-08-25,havan,"Nacional (rede em quase todos os estados, sede SC) — não confirmado por CEP",,Eletroeletrônicos,Eletrônicos (geral),Caixa,,Caixa de Som Bluetooth Klicke Ks Go 100 - Preto,,,149.90,,,sim,https://www.havan.com.br/caixa-de-som-bluetooth-klicke-ks-go-100-preto/p
2026-08-25,havan,"Nacional (rede em quase todos os estados, sede SC) — não confirmado por CEP",,Eletroeletrônicos,Eletrônicos (geral),Caixa,,Caixa de Som Bluetooth Klicke Ks300 - Preto,,,499.90,,,sim,https://www.havan.com.br/caixa-de-som-bluetooth-klicke-ks300-preto/p
2026-08-25,havan,"Nacional (rede em quase todos os estados, sede SC) — não confirmado por CEP",,Eletroeletrônicos,Eletrônicos (geral),Fone,,Fone de Ouvido Bluetooth com Redução de Ruído Klicke Ks400 - Branco,,,99.99,,,sim,https://www.havan.com.br/fone-de-ouvido-bluetooth-com-reducao-de-ruido-klicke-ks400-branco/p
2026-08-25,havan,"Nacional (rede em quase todos os estados, sede SC) — não confirmado por CEP",,Eletroeletrônicos,Eletrônicos (geral),Fone,,Fone de Ouvido Bluetooth com Cancelamento de Ruído Klicke Ks400 - Preto,,,99.99,,,sim,https://www.havan.com.br/fone-de-ouvido-bluetooth-com-cancelamento-de-ruido-klicke-ks400-preto/p
2026-08-25,havan,"Nacional (rede em quase todos os estados, sede SC) — não confirmado por CEP",,Eletroeletrônicos,Eletrônicos (geral),Fone,,Fone de Ouvido Bluetooth Klicke Ks100 - Preto,,,99.90,,,sim,https://www.havan.com.br/fone-de-ouvido-bluetooth-klicke-ks100-preto/p
2026-08-25,havan,"Nacional (rede em quase todos os estados, sede SC) — não confirmado por CEP",,Eletroeletrônicos,Eletrônicos (geral),Fone,,Fone de Ouvido Bluetooth com Redução de Ruído Klicke Ks800 Pro - Preto,,,129.90,,,sim,https://www.havan.com.br/fone-de-ouvido-bluetooth-com-reducao-de-ruido-klicke-ks800-pro-preto/p
2026-08-25,havan,"Nacional (rede em quase todos os estados, sede SC) — não confirmado por CEP",,Eletroeletrônicos,Eletrônicos (geral),Fone,,Fone de Ouvido Sem Fio com Cancelamento de Ruído Klicke Ks800 Pro - Rosa,,,179.90,,,sim,https://www.havan.com.br/fone-de-ouvido-sem-fio-com-cancelamento-de-ruido-klicke-ks800-pro-rosa/p
2026-08-25,havan,"Nacional (rede em quase todos os estados, sede SC) — não confirmado por CEP",,Eletroeletrônicos,Eletrônicos (geral),Roku,,Roku Streaming Stick Tv 4K Controle por Voz,,,349.90,,,sim,https://www.havan.com.br/roku-streaming-stick-tv-4k-controle-por-voz-diversos/p
2026-08-25,havan,"Nacional (rede em quase todos os estados, sede SC) — não confirmado por CEP",,Eletroeletrônicos,Eletrônicos (geral),Roku,,Roku Streaming Stick Tv Hd/Fhd Controle por Voz,,,329.90,,,sim,https://www.havan.com.br/roku-streaming-stick-tv-hd-fhd-diversos/p
2026-08-25,havan,"Nacional (rede em quase todos os estados, sede SC) — não confirmado por CEP",,Eletroeletrônicos,Eletrônicos (geral),Notebook,,"Notebook Acer Intel I7 16Gb 512Gb Ssd Tela15.6"" Windows 11",,,8799.90,,,sim,https://www.havan.com.br/notebook-acer-intel-i7-16gb-512gb-ssd-tela156-w11-diversos/p
2026-08-25,havan,"Nacional (rede em quase todos os estados, sede SC) — não confirmado por CEP",,Eletroeletrônicos,Eletrônicos (geral),Notebook,,"Notebook Acer Intel I5 8Gb 512Gb Ssd Tela 15.6"" Windows 11",,,6999.90,,,sim,https://www.havan.com.br/notebook-acer-intel-i5-8gb-512gb-ssd-tela-156-w11-diversos/p
2026-08-25,havan,"Nacional (rede em quase todos os estados, sede SC) — não confirmado por CEP",,Eletroeletrônicos,Eletrônicos (geral),Notebook,,"Notebook Acer Intel I5 8Gb 512Gb Ssd Tela 15.3"" Windows 11",,,3799.90,,,sim,https://www.havan.com.br/notebook-acer-intel-i5-8gb-512gb-ssd-tela-153-w11-diversos/p
2026-08-25,havan,"Nacional (rede em quase todos os estados, sede SC) — não confirmado por CEP",,Eletroeletrônicos,Eletrônicos (geral),Notebook,,"Notebook Acer Intel I3 8Gb 256Gb Ssd Tela 15.3"" Windows 11",,,3999.90,,,sim,https://www.havan.com.br/notebook-acer-intel-i3-8gb-256gb-ssd-tela-153-w11-diversos/p
2026-08-25,havan,"Nacional (rede em quase todos os estados, sede SC) — não confirmado por CEP",,Eletroeletrônicos,Eletrônicos (geral),Teclado,,Teclado Gamer Redragon Netherbane Membrana - Preto,,,119.90,,,sim,https://www.havan.com.br/teclado-gamer-redragon-netherbane-membrana-preto/p
2026-08-25,havan,"Nacional (rede em quase todos os estados, sede SC) — não confirmado por CEP",,Eletroeletrônicos,Eletrônicos (geral),Notebook,,"Notebook Lenovo Ideapad 3I I5 8Gb Ram 512Gb Ssd Tela 15.3"" Windows 11",,,4299.90,,,sim,https://www.havan.com.br/notebook-lenovo-intel-i5-ideapad-slim-3i-8gb-ram-512-gb-ssd-tela-15-3-windows-11-diversos/p
2026-08-25,havan,"Nacional (rede em quase todos os estados, sede SC) — não confirmado por CEP",,Eletroeletrônicos,Eletrônicos (geral),Headset,,Headset Sem Fio Gamer Havit H5b - Branco,,,249.90,,,sim,https://www.havan.com.br/headset-sem-fio-gamer-havit-h5b-branco/p
2026-08-25,havan,"Nacional (rede em quase todos os estados, sede SC) — não confirmado por CEP",,Eletroeletrônicos,Eletrônicos (geral),Headset,,Headset Gamer com Fio Havit H2016d - Preto,,,249.90,,,sim,https://www.havan.com.br/headset-gamer-com-fio-havit-h2016d-preto/p
2026-08-25,havan,"Nacional (rede em quase todos os estados, sede SC) — não confirmado por CEP",,Eletroeletrônicos,Eletrônicos (geral),Headset,,Headset Gamer com Fio Havit Gt-H756d - Preto,,,229.90,,,sim,https://www.havan.com.br/headset-gamer-com-fio-havit-gt-h756d-preto/p
2026-08-25,havan,"Nacional (rede em quase todos os estados, sede SC) — não confirmado por CEP",,Eletroeletrônicos,Eletrônicos (geral),Headset,,Headset Gamer com Fio Havit H5d - Branco,,,179.90,,,sim,https://www.havan.com.br/headset-gamer-com-fio-havit-h5d-branco/p
2026-08-25,havan,"Nacional (rede em quase todos os estados, sede SC) — não confirmado por CEP",,Eletroeletrônicos,Eletrônicos (geral),Headset,,Headset Gamer Sem Fio Havit H5b - Preto,,,249.90,,,sim,https://www.havan.com.br/headset-gamer-sem-fio-havit-h5b-preto/p
2026-08-25,havan,"Nacional (rede em quase todos os estados, sede SC) — não confirmado por CEP",,Eletroeletrônicos,Eletrônicos (geral),Mochila,,Mochila Liverpool American Tourister By Samsonite - Preto,,,69.99,,,sim,https://www.havan.com.br/mochila-liverpool-american-tourister-by-samsonite-preto/p
2026-08-25,havan,"Nacional (rede em quase todos os estados, sede SC) — não confirmado por CEP",,Eletroeletrônicos,Eletrônicos (geral),Mochila,,Mochila Hammer Samsonite Reformation Para Notebook - Roxa,,,199.90,,,sim,https://www.havan.com.br/mochila-hammer-samsonite-reformation-para-notebook-roxa/p
2026-08-25,havan,"Nacional (rede em quase todos os estados, sede SC) — não confirmado por CEP",,Eletroeletrônicos,Eletrônicos (geral),Headset,,Headset Gamer Havit H5d - Preto,,,179.90,,,sim,https://www.havan.com.br/headset-gamer-havit-h5d-preto/p
2026-08-25,havan,"Nacional (rede em quase todos os estados, sede SC) — não confirmado por CEP",,Eletroeletrônicos,Eletrônicos (geral),Mouse,,Mouse Sem Fio Havit Ms58wb - Preto,,,59.99,,,sim,https://www.havan.com.br/mouse-sem-fio-havit-ms58wb-preto/p
2026-08-25,havan,"Nacional (rede em quase todos os estados, sede SC) — não confirmado por CEP",,Eletroeletrônicos,Eletrônicos (geral),Mouse,,Mouse Gamer Sem Fio Havit Ms966se - Preto,,,129.90,,,sim,https://www.havan.com.br/mouse-gamer-sem-fio-havit-ms966se-preto/p
2026-08-25,havan,"Nacional (rede em quase todos os estados, sede SC) — não confirmado por CEP",,Eletroeletrônicos,Eletrônicos (geral),Mouse,,Mouse Gamer Rgb Havit Ms1029 - Preto,,,59.99,,,sim,https://www.havan.com.br/mouse-gamer-rgb-havit-ms1029-preto/p
2026-08-25,havan,"Nacional (rede em quase todos os estados, sede SC) — não confirmado por CEP",,Eletroeletrônicos,Eletrônicos (geral),Mouse,,Mouse Sem Fio Havit Gt-Ms357 - Preto,,,29.99,,,sim,https://www.havan.com.br/mouse-sem-fio-havit-gt-ms357-preto/p
2026-08-25,havan,"Nacional (rede em quase todos os estados, sede SC) — não confirmado por CEP",,Eletroeletrônicos,Eletrônicos (geral),Mouse,,Mouse Sem Fio Havit Ms53wb - Preto,,,39.99,,,sim,https://www.havan.com.br/mouse-sem-fio-havit-ms53wb-preto/p
2026-08-25,havan,"Nacional (rede em quase todos os estados, sede SC) — não confirmado por CEP",,Eletroeletrônicos,Eletrônicos (geral),Mouse,,Mouse Sem Fio Havit Ms858gts - Preto,,,29.99,,,sim,https://www.havan.com.br/mouse-sem-fio-havit-ms858gts-preto/p
2026-08-25,havan,"Nacional (rede em quase todos os estados, sede SC) — não confirmado por CEP",,Eletroeletrônicos,Eletrônicos (geral),Mouse,,Mouse com Fio Havit Usb Gt-Ms4217 - Preto,,,19.99,,,sim,https://www.havan.com.br/mouse-com-fio-havit-usb-gt-ms4217-preto/p
2026-08-25,havan,"Nacional (rede em quase todos os estados, sede SC) — não confirmado por CEP",,Eletroeletrônicos,Eletrônicos (geral),Teclado,,Teclado Mecânico Gamer Rgb Havit Gt-Kb911lm - ST79796,,,199.90,,,sim,https://www.havan.com.br/teclado-mecanico-gamer-rgb-havit-gt-kb911lm-st79796/p
2026-08-25,havan,"Nacional (rede em quase todos os estados, sede SC) — não confirmado por CEP",,Eletroeletrônicos,Eletrônicos (geral),Teclado,,Teclado Mecânico Gamer Rgb Havit Gt-Kb11lm - ST79797,,,229.90,,,sim,https://www.havan.com.br/teclado-mecanico-gamer-rgb-havit-gt-kb11lm-st79797/p
2026-08-25,havan,"Nacional (rede em quase todos os estados, sede SC) — não confirmado por CEP",,Eletroeletrônicos,Eletrônicos (geral),Teclado,,Teclado Mecânico Gamer Rgb Havit Kb914l - ST79798,,,199.90,,,sim,https://www.havan.com.br/teclado-mecanico-gamer-rgb-havit-kb914l-st79798/p
2026-08-25,havan,"Nacional (rede em quase todos os estados, sede SC) — não confirmado por CEP",,Eletroeletrônicos,Eletrônicos (geral),Kit,,Kit Teclado E Mouse Multi Sem Fio Cs1200 - Preto,,,199.90,,,sim,https://www.havan.com.br/kit-teclado-e-mouse-multi-sem-fio-cs1200-preto/p
2026-08-25,havan,"Nacional (rede em quase todos os estados, sede SC) — não confirmado por CEP",,Eletroeletrônicos,Eletrônicos (geral),Caixa,,Caixa de Som Bluetooth Jbl Partybox Encore,,,2699.90,,,sim,https://www.havan.com.br/caixa-de-som-bluetooth-jbl-partybox-encore-diversos/p
2026-08-25,havan,"Nacional (rede em quase todos os estados, sede SC) — não confirmado por CEP",,Eletroeletrônicos,Eletrônicos (geral),Mochila,,"Mochila De Rodas Notebook 16"" Compact Rolling Back Targus - TSB750",,,399.90,,,sim,https://www.havan.com.br/mochila-de-rodas-notebook-16-compact-rolling-back-targus-tsb750/p
2026-08-25,havan,"Nacional (rede em quase todos os estados, sede SC) — não confirmado por CEP",,Eletroeletrônicos,Eletrônicos (geral),Mochila,,"Mochila Notebook 16"" Daypack Compact Targus - TBB611",,,299.90,,,sim,https://www.havan.com.br/mochila-notebook-16-daypack-compact-targus-tbb611/p
2026-08-25,havan,"Nacional (rede em quase todos os estados, sede SC) — não confirmado por CEP",,Eletroeletrônicos,Eletrônicos (geral),Teclado,,Teclado Slim Sem Fio Bluetooth Multi Ts300 - Preto,,,109.90,,,sim,https://www.havan.com.br/teclado-slim-sem-fio-bluetooth-multi-ts300-preto/p
2026-08-25,havan,"Nacional (rede em quase todos os estados, sede SC) — não confirmado por CEP",,Eletroeletrônicos,Eletrônicos (geral),Teclado,,Teclado Slim Sem Fio Ts200 Multi - Preto,,,59.99,,,sim,https://www.havan.com.br/teclado-slim-sem-fio-ts200-multi-preto/p
2026-08-25,havan,"Nacional (rede em quase todos os estados, sede SC) — não confirmado por CEP",,Eletroeletrônicos,Eletrônicos (geral),Kit,,Kit Teclado E Mouse Sem Fio Multi Tc250 - Preto,,,99.99,,,sim,https://www.havan.com.br/kit-teclado-e-mouse-sem-fio-multi-tc250-preto/p
2026-08-25,havan,"Nacional (rede em quase todos os estados, sede SC) — não confirmado por CEP",,Eletroeletrônicos,Eletrônicos (geral),Kit,,Kit Mouse E Mousepad Gamer Armory Warrior - MO396,,,69.99,,,sim,https://www.havan.com.br/kit-mouse-e-mousepad-gamer-armory-warrior-mo396/p
2026-08-25,havan,"Nacional (rede em quase todos os estados, sede SC) — não confirmado por CEP",,Eletroeletrônicos,Eletrônicos (geral),Mochila,,Mochila Notebook 15.6 Motor Targus - TSB194,,,179.90,,,sim,https://www.havan.com.br/mochila-notebook-15-6-motor-targus-tsb194/p
2026-08-25,havan,"Nacional (rede em quase todos os estados, sede SC) — não confirmado por CEP",,Eletroeletrônicos,Eletrônicos (geral),Mochila,,"Mochila Notebook 15.6"" Geolite Essentials Targus - TSB96001",,,99.90,,,sim,https://www.havan.com.br/mochila-notebook-15-6-geolite-essentials-targus-tsb96001/p
2026-08-25,havan,"Nacional (rede em quase todos os estados, sede SC) — não confirmado por CEP",,Eletroeletrônicos,Eletrônicos (geral),Caixa,,Caixa de Som Bluetooth Waaw by Alok Boom 110 Prova D´ Água - Preto,,,699.90,,,sim,https://www.havan.com.br/caixa-de-som-bluetooth-waaw-by-alok-boom-110-prova-d-agua-preto/p
2026-08-25,havan,"Nacional (rede em quase todos os estados, sede SC) — não confirmado por CEP",,Eletroeletrônicos,Eletrônicos (geral),Caixa,,Caixa De Som Bluetooth Waaw By Alok Me 110 - Preto,,,199.90,,,sim,https://www.havan.com.br/caixa-de-som-bluetooth-waaw-by-alok-me-110-preto/p
2026-08-25,havan,"Nacional (rede em quase todos os estados, sede SC) — não confirmado por CEP",,Eletroeletrônicos,Eletrônicos (geral),Kit,,Kit Teclado E Mouse Com Fio Multi Tc309 - Preto,,,29.99,,,sim,https://www.havan.com.br/kit-teclado-e-mouse-com-fio-multi-tc309-preto/p
2026-08-25,havan,"Nacional (rede em quase todos os estados, sede SC) — não confirmado por CEP",,Eletroeletrônicos,Eletrônicos (geral),Headset,,Headset Com Fio P3 Usb Multi Ph427,,,99.90,,,sim,https://www.havan.com.br/heaset-com-fio-p3-multi-ph427-diversos/p
2026-08-25,havan,"Nacional (rede em quase todos os estados, sede SC) — não confirmado por CEP",,Eletroeletrônicos,Eletrônicos (geral),Mouse,,Mouse Sem Fio Multi Receptor Usb - MO381,,,39.99,,,sim,https://www.havan.com.br/mouse-sem-fio-multi-receptor-usb-mo381/p
2026-08-25,havan,"Nacional (rede em quase todos os estados, sede SC) — não confirmado por CEP",,Eletroeletrônicos,Eletrônicos (geral),Teclado,,Teclado Básico Slim Tc193 Laser Usb Multi - Preto,,,29.99,,,sim,https://www.havan.com.br/teclado-basico-slim-tc193-laser-usb-multi-preto/p
2026-08-25,havan,"Nacional (rede em quase todos os estados, sede SC) — não confirmado por CEP",,Eletroeletrônicos,Eletrônicos (geral),Carregador,,Carregador Portátil Power Bank 20.000Mah Multi Cb174 - Preto,,,179.90,,,sim,https://www.havan.com.br/carregador-portatil-power-bank-20-000mah-multi-cb174-preto/p
2026-08-25,havan,"Nacional (rede em quase todos os estados, sede SC) — não confirmado por CEP",,Eletroeletrônicos,Eletrônicos (geral),Carregador,,Carregador Portátil Power Bank 10.000Mah Multi Cb173 - Preto,,,99.99,,,sim,https://www.havan.com.br/carregador-portatil-power-bank-10-000mah-multi-cb173-preto/p
2026-08-25,havan,"Nacional (rede em quase todos os estados, sede SC) — não confirmado por CEP",,Eletroeletrônicos,Eletrônicos (geral),Teclado,,Teclado Sem Fio Logitech K380s Branco,,,199.90,,,sim,https://www.havan.com.br/teclado-sem-fio-logitech-k380s-branco-diversos/p
2026-08-25,havan,"Nacional (rede em quase todos os estados, sede SC) — não confirmado por CEP",,Eletroeletrônicos,Eletrônicos (geral),Teclado,,Teclado Sem Fio Logitech K380s Rosa,,,229.90,,,sim,https://www.havan.com.br/teclado-sem-fio-logitech-k380s-rosa-diversos/p
2026-08-25,havan,"Nacional (rede em quase todos os estados, sede SC) — não confirmado por CEP",,Eletroeletrônicos,Eletrônicos (geral),Teclado,,Teclado Sem Fio Logitech K380s Grafite,,,199.90,,,sim,https://www.havan.com.br/teclado-sem-fio-logitech-k380s-grafite-diversos/p
2026-08-25,havan,"Nacional (rede em quase todos os estados, sede SC) — não confirmado por CEP",,Eletroeletrônicos,Eletrônicos (geral),Mouse,,Mouse Logitech M350s Sem Fio Rosa,,,119.90,,,sim,https://www.havan.com.br/mouse-logitech-m350s-sem-fio-rosa-diversos/p
2026-08-25,havan,"Nacional (rede em quase todos os estados, sede SC) — não confirmado por CEP",,Eletroeletrônicos,Eletrônicos (geral),Smart,,Smart Tv 75'' 4K Uhd Samsung U8600f 2025 - Bivolt,,,6699.90,,,sim,https://www.havan.com.br/smart-tv-75-u8600-samsung-diversos/p
2026-08-25,havan,"Nacional (rede em quase todos os estados, sede SC) — não confirmado por CEP",,Eletroeletrônicos,Eletrônicos (geral),Mochila,,Mochila Executiva Para Notebook Prestigie Koss - ST76583,,,99.90,,,sim,https://www.havan.com.br/mochila-executiva-para-notebook-prestigie-koss-st76583/p
2026-08-25,havan,"Nacional (rede em quase todos os estados, sede SC) — não confirmado por CEP",,Eletroeletrônicos,Eletrônicos (geral),Mochila,,Mochila Notebook Tonin Executiva 2120 - Preto,,,129.90,,,sim,https://www.havan.com.br/mochila-notebook-tonin-executiva-2120-preto/p
2026-08-25,havan,"Nacional (rede em quase todos os estados, sede SC) — não confirmado por CEP",,Eletroeletrônicos,Eletrônicos (geral),Mochila,,Mochila Notebook Tonin Executiva 2115 - Preto,,,129.90,,,sim,https://www.havan.com.br/mochila-notebook-tonin-executiva-2115-preto/p
2026-08-25,havan,"Nacional (rede em quase todos os estados, sede SC) — não confirmado por CEP",,Eletroeletrônicos,Eletrônicos (geral),Mochila,,Mochila Notebook Tonin Executiva 2102 - Preto,,,99.90,,,sim,https://www.havan.com.br/mochila-notebook-tonin-executiva-2102-preto/p
2026-08-25,havan,"Nacional (rede em quase todos os estados, sede SC) — não confirmado por CEP",,Eletroeletrônicos,Eletrônicos (geral),Headset,,Headset Gamer Sem Fio Redragon Luce H888 - Preto,,,349.90,,,sim,https://www.havan.com.br/headset-gamer-sem-fio-redragon-luce-h888-preto/p
2026-08-25,havan,"Nacional (rede em quase todos os estados, sede SC) — não confirmado por CEP",,Eletroeletrônicos,Eletrônicos (geral),Fone,,Fone de Ouvido Bluetooth Handz Ultra - FB-12,,,149.90,,,sim,https://www.havan.com.br/fone-de-ouvido-bluetooth-handz-ultra-fb-12/p
2026-08-25,havan,"Nacional (rede em quase todos os estados, sede SC) — não confirmado por CEP",,Eletroeletrônicos,Eletrônicos (geral),Fone,,Fone de Ouvido Bluetooth Handz Visor Lcd Touch Screen - FB-13,,,149.90,,,sim,https://www.havan.com.br/fone-de-ouvido-bluetooth-handz-visor-lcd-touch-screen-fb-13/p
2026-08-25,havan,"Nacional (rede em quase todos os estados, sede SC) — não confirmado por CEP",,Eletroeletrônicos,Eletrônicos (geral),Suporte,,"Suporte De Tv 37"" A 85"" Ultra Slim Brasforma Sbrp1600",,,49.99,,,sim,https://www.havan.com.br/suporte-de-tv-37-a-85-ultra-slim-brasforma-sbrp1600-diversos/p
2026-08-25,havan,"Nacional (rede em quase todos os estados, sede SC) — não confirmado por CEP",,Eletroeletrônicos,Eletrônicos (geral),Smart,,"Smart Tv 50"" Samsung Vision Ai Tv Qled Ultra 4K Qef1 4K - Bivolt",,,2699.90,,,sim,https://www.havan.com.br/smart-tv-50-samsung-vision-ai-tv-qled-4k-qef1-4k-bivolt/p
2026-08-25,havan,"Nacional (rede em quase todos os estados, sede SC) — não confirmado por CEP",,Eletroeletrônicos,Eletrônicos (geral),Smart,,"Smart Tv 43"" Lg Full Hd 43Lr6700 Ai Alexa Webos 23 - Bivolt",,,2399.90,,,sim,https://www.havan.com.br/smart-tv-43-lg-full-hd-43lr6700-processador-a5-ger6-ai-alexa-webos-23-bivolt/p
2026-08-25,havan,"Nacional (rede em quase todos os estados, sede SC) — não confirmado por CEP",,Eletroeletrônicos,Eletrônicos (geral),Teclado,,Teclado Gamer Mecânico Logitech G413 Carbon,,,399.90,,,sim,https://www.havan.com.br/teclado-gamer-mecanico-logitech-g413-carbon-diversos/p
2026-08-25,havan,"Nacional (rede em quase todos os estados, sede SC) — não confirmado por CEP",,Eletroeletrônicos,Eletrônicos (geral),Caixa,,Caixa Acústica Lg Xboom Rnc7 Multibluetooth - Preto,,,1499.90,,,sim,https://www.havan.com.br/caixa-acustica-lg-xboom-rnc7-multibluetooth-preto/p
2026-08-25,havan,"Nacional (rede em quase todos os estados, sede SC) — não confirmado por CEP",,Eletroeletrônicos,Eletrônicos (geral),Caixa,,Caixa De Som Handz Wave Sound - SS-WS,,,329.90,,,sim,https://www.havan.com.br/caixa-de-som-handz-wave-sound-ss-ws/p
2026-08-25,havan,"Nacional (rede em quase todos os estados, sede SC) — não confirmado por CEP",,Eletroeletrônicos,Eletrônicos (geral),Mouse,,Mouse Gamer Com Fio T-Dagger Lance Corporal Rgb T-Tgm107,,,49.99,,,sim,https://www.havan.com.br/mouse-gamer-com-fio-t-dagger-lance-corporal-rgb-t-tgm107-diversos/p
2026-08-25,havan,"Nacional (rede em quase todos os estados, sede SC) — não confirmado por CEP",,Eletroeletrônicos,Eletrônicos (geral),Fone,,Fone de Ouvido Bluetooth Beatz com Anc Handz,,,199.90,,,sim,https://www.havan.com.br/fone-de-ouvido-bluetooth-beatz-com-anc-handz-diversos/p
2026-08-25,havan,"Nacional (rede em quase todos os estados, sede SC) — não confirmado por CEP",,Eletroeletrônicos,Eletrônicos (geral),Mouse,,Mouse Gamer com Fio T-Dagger Lieutenant Rgb T-Tgm301,,,69.99,,,sim,https://www.havan.com.br/mouse-gamer-com-fio-t-dagger-lieutenant-rgb-t-tgm301-diversos/p
2026-08-25,havan,"Nacional (rede em quase todos os estados, sede SC) — não confirmado por CEP",,Eletroeletrônicos,Eletrônicos (geral),Fone,,Fone de Ouvido com Fio Entrada Tipo C Handz Wire,,,39.99,,,sim,https://www.havan.com.br/fone-de-ouvido-com-fio-entrada-tipo-c-handz-wire-diversos/p
2026-08-25,havan,"Nacional (rede em quase todos os estados, sede SC) — não confirmado por CEP",,Eletroeletrônicos,Eletrônicos (geral),Mouse,,Mouse Gamer Com Fio T-Dagger Captain - T-TGM302,,,69.99,,,sim,https://www.havan.com.br/mouse-gamer-com-fio-t-dagger-captain-t-tgm302/p
2026-08-25,havan,"Nacional (rede em quase todos os estados, sede SC) — não confirmado por CEP",,Eletroeletrônicos,Eletrônicos (geral),Cabo,,Cabo Lightning Microusb 1 Metro L810 Elg - Branco,,,29.99,,,sim,https://www.havan.com.br/cabo-lightning-microusb-1-metro-l810-elg-branco/p
2026-08-25,havan,"Nacional (rede em quase todos os estados, sede SC) — não confirmado por CEP",,Eletroeletrônicos,Eletrônicos (geral),Caixa,,Caixa De Som Bluetooth Jbl Charge 6 Preto,,,1299.90,,,sim,https://www.havan.com.br/caixa-de-som-bluetooth-jbl-charge-6-preto-diversos/p
2026-08-25,havan,"Nacional (rede em quase todos os estados, sede SC) — não confirmado por CEP",,Eletroeletrônicos,Eletrônicos (geral),Caixa,,Caixa De Som Jbl Filp 7 À Prova D’Água Bluetooth Preto,,,899.90,,,sim,https://www.havan.com.br/caixa-de-som-jbl-filp-7-a-prova-dagua-bluetooth-preto-diversos/p
2026-08-25,havan,"Nacional (rede em quase todos os estados, sede SC) — não confirmado por CEP",,Eletroeletrônicos,Eletrônicos (geral),Headset,,Headset Gamer Sem Fio Redragon Skuld Pro H878bg,,,349.90,,,sim,https://www.havan.com.br/headset-gamer-sem-fio-redragon-skuld-pro-h878bg-diversos/p
2026-08-25,havan,"Nacional (rede em quase todos os estados, sede SC) — não confirmado por CEP",,Eletroeletrônicos,Eletrônicos (geral),Suporte,,"Suporte Multiarticulado De Parede Para Tvs Led 26"" A 65"" Elg",,,99.99,,,sim,https://www.havan.com.br/suporte-multiarticulado-de-parede-para-tvs-led-26-a-65-elg-diversos/p
2026-08-25,havan,"Nacional (rede em quase todos os estados, sede SC) — não confirmado por CEP",,Eletroeletrônicos,Eletrônicos (geral),Suporte,,"Suporte Multiarticulado De Parede Para Tvs De 26 A 65"" Elg",,,169.90,,,sim,https://www.havan.com.br/suporte-multiarticulado-de-parede-para-tvs-de-26-a-65-elg-diversos/p
2026-08-25,havan,"Nacional (rede em quase todos os estados, sede SC) — não confirmado por CEP",,Eletroeletrônicos,Eletrônicos (geral),Teclado,,Teclado Gamer Redragon Dark Avenger White Switch,,,299.90,,,sim,https://www.havan.com.br/teclado-gamer-redragon-dark-avenger-white-switch-diversos/p
2026-08-25,havan,"Nacional (rede em quase todos os estados, sede SC) — não confirmado por CEP",,Eletroeletrônicos,Eletrônicos (geral),Mouse,,Mouse Sem Fio Redragon Invader Pro - M719RGB-PRO,,,219.90,,,sim,https://www.havan.com.br/mouse-sem-fio-redragon-invader-pro-m719rgb-pro/p
2026-08-25,havan,"Nacional (rede em quase todos os estados, sede SC) — não confirmado por CEP",,Eletroeletrônicos,Eletrônicos (geral),Teclado,,Teclado Gamer Mecânico Fizz Pro Redragon,,,349.90,,,sim,https://www.havan.com.br/teclado-gamer-mecanico-fizz-pro-redragon-diversos/p
2026-08-25,havan,"Nacional (rede em quase todos os estados, sede SC) — não confirmado por CEP",,Eletroeletrônicos,Eletrônicos (geral),Headset,,Headset Gamer Com Fio Redragon Carmen - H261,,,199.90,,,sim,https://www.havan.com.br/headset-gamer-com-fio-redragon-carmen-h261/p
2026-08-25,havan,"Nacional (rede em quase todos os estados, sede SC) — não confirmado por CEP",,Eletroeletrônicos,Eletrônicos (geral),Mouse,,Mouse Logitech M350s Sem Fio Branco,,,119.90,,,sim,https://www.havan.com.br/mouse-logitech-m350s-sem-fio-branco-diversos/p
2026-08-25,havan,"Nacional (rede em quase todos os estados, sede SC) — não confirmado por CEP",,Eletroeletrônicos,Eletrônicos (geral),Teclado,,Teclado Mecânico Gamer Redragon Valheim Rainbow - Preto,,,149.90,,,sim,https://www.havan.com.br/teclado-mecanico-gamer-redragon-valheim-rainbow-preto/p
2026-08-25,havan,"Nacional (rede em quase todos os estados, sede SC) — não confirmado por CEP",,Eletroeletrônicos,Eletrônicos (geral),Headset,,Headset Gamer Zeus Pro Redragon - Preto,,,499.90,,,sim,https://www.havan.com.br/headset-gamer-zeus-pro-redragon-preto/p
2026-08-25,havan,"Nacional (rede em quase todos os estados, sede SC) — não confirmado por CEP",,Eletroeletrônicos,Eletrônicos (geral),Smart,,"Smart Tv Lg Ai 55""4K Uhd A7 Ai Processor 4K Gen8 Webos 25 55Ua8550",,,3099.90,,,sim,https://www.havan.com.br/smart-tv-lg-ai-55-4k-uhd-a7-ai-processor-4k-gen8-webos-25-55ua8550-diversos/p
2026-08-25,havan,"Nacional (rede em quase todos os estados, sede SC) — não confirmado por CEP",,Eletroeletrônicos,Eletrônicos (geral),Smart,,"Smart Tv Lg Ai 43"" 4K Uhd A7 Ai Processor 4K Gen8 Webos 25 43Ua750",,,2199.90,,,sim,https://www.havan.com.br/smart-tv-lg-ai-43-4k-uhd-a7-ai-processor-4k-gen8-webos-25-43ua750-diversos/p
2026-08-25,havan,"Nacional (rede em quase todos os estados, sede SC) — não confirmado por CEP",,Eletroeletrônicos,Eletrônicos (geral),Smart,,"Smart Tv Lg Ai 50""4K Uhd A7 Ai Processor 4K Gen8 Webos 25 50Ua8550",,,2699.90,,,sim,https://www.havan.com.br/smart-tv-lg-ai-50-4k-uhd-a7-ai-processor-4k-gen8-webos-25-50ua8550-diversos/p
2026-08-25,havan,"Nacional (rede em quase todos os estados, sede SC) — não confirmado por CEP",,Eletroeletrônicos,Eletrônicos (geral),Mochila,,Mochila Executiva Swicky Nytron,,,149.90,,,sim,https://www.havan.com.br/mochila-executiva-swicky-nytron-diversos/p
2026-08-25,havan,"Nacional (rede em quase todos os estados, sede SC) — não confirmado por CEP",,Eletroeletrônicos,Eletrônicos (geral),Mochila,,Mochila Executiva Nytron Ny0037,,,99.90,,,sim,https://www.havan.com.br/mochila-executiva-nytron-ny0037-diversos/p
2026-08-25,havan,"Nacional (rede em quase todos os estados, sede SC) — não confirmado por CEP",,Eletroeletrônicos,Eletrônicos (geral),Mochila,,Mochila Notebook Nytron Sp5479z,,,79.99,,,sim,https://www.havan.com.br/mochila-notebook-nytron-sp5479z-diversos/p
2026-08-25,havan,"Nacional (rede em quase todos os estados, sede SC) — não confirmado por CEP",,Eletroeletrônicos,Eletrônicos (geral),Cabo,,"Cabo Hdmi 8K Hd8k15 1,5 Metro Elg",,,39.99,,,sim,https://www.havan.com.br/cabo-hdmi-8k-hd8k15-1-5-metro-elg-diversos/p
2026-08-25,havan,"Nacional (rede em quase todos os estados, sede SC) — não confirmado por CEP",,Eletroeletrônicos,Eletrônicos (geral),Cabo,,"Cabo Hdmi 4K Hd4k25 2,5 Metros Elg",,,19.99,,,sim,https://www.havan.com.br/cabo-hdmi-4k-hd4k25-2-5-metros-elg-diversos/p
2026-08-25,havan,"Nacional (rede em quase todos os estados, sede SC) — não confirmado por CEP",,Eletroeletrônicos,Eletrônicos (geral),Cabo,,Cabo Hdmi 4K Hd4k50 5 Metros Elg,,,39.99,,,sim,https://www.havan.com.br/cabo-hdmi-4k-hd4k50-5-metros-elg-diversos/p
2026-08-25,havan,"Nacional (rede em quase todos os estados, sede SC) — não confirmado por CEP",,Eletroeletrônicos,Eletrônicos (geral),Suporte,,Suporte Fixo De Parede Para Tv Universal,,,39.99,,,sim,https://www.havan.com.br/suporte-fixo-de-parede-para-tv-universal-diversos/p
2026-08-25,havan,"Nacional (rede em quase todos os estados, sede SC) — não confirmado por CEP",,Eletroeletrônicos,Eletrônicos (geral),Antena,,"Antena Smart View 4K Elg Com Cabo Coaxial 2,5 Metros - Preto",,,29.99,,,sim,https://www.havan.com.br/antena-smart-view-4k-elg-com-cabo-coaxial-2-5-metros-preto/p
2026-08-25,havan,"Nacional (rede em quase todos os estados, sede SC) — não confirmado por CEP",,Eletroeletrônicos,Eletrônicos (geral),Antena,,"Antena Digital Interna Com Cabo De 2,5 Metros",,,79.99,,,sim,https://www.havan.com.br/antena-digital-interna-com-cabo-de-2-5-metros-diversos/p
2026-08-25,havan,"Nacional (rede em quase todos os estados, sede SC) — não confirmado por CEP",,Eletroeletrônicos,Eletrônicos (geral),Suporte,,"Suporte Para Tv Fixo 32 A 77"" Elg - FIX400",,,99.99,,,sim,https://www.havan.com.br/suporte-para-tv-fixo-32-a-77-elg-fix400/p
2026-08-25,havan,"Nacional (rede em quase todos os estados, sede SC) — não confirmado por CEP",,Eletroeletrônicos,Eletrônicos (geral),Carregador,,Carregador De Parede Com 1 Saída Usb 3.0A Elg,,,39.99,,,sim,https://www.havan.com.br/carregador-de-parede-com-1-saida-usb-3-0a-elg-diversos/p
2026-08-25,havan,"Nacional (rede em quase todos os estados, sede SC) — não confirmado por CEP",,Eletroeletrônicos,Eletrônicos (geral),Carregador,,Carregador Veicular Com 2 Portas 2.1A Tipo C E Usb-A Elg,,,39.99,,,sim,https://www.havan.com.br/carregador-veicular-com-2-portas-2-1a-tipo-c-e-usb-a-elg-diversos/p
2026-08-25,havan,"Nacional (rede em quase todos os estados, sede SC) — não confirmado por CEP",,Eletroeletrônicos,Eletrônicos (geral),Mochila,,Mochila Executiva Para Notebook Royale Koss,,,149.90,,,sim,https://www.havan.com.br/mochila-executiva-para-notebook-royale-koss-diversos/p
2026-08-25,havan,"Nacional (rede em quase todos os estados, sede SC) — não confirmado por CEP",,Eletroeletrônicos,Eletrônicos (geral),Mochila,,Mochila Executiva Para Notebook Lux Koss,,,119.90,,,sim,https://www.havan.com.br/mochila-executiva-para-notebook-lux-koss-diversos/p
2026-08-25,havan,"Nacional (rede em quase todos os estados, sede SC) — não confirmado por CEP",,Eletroeletrônicos,Eletrônicos (geral),Mochila,,Mochila Executiva Para Notebook Legacy Koss,,,99.90,,,sim,https://www.havan.com.br/mochila-executiva-para-notebook-legacy-koss-diversos/p
2026-08-25,havan,"Nacional (rede em quase todos os estados, sede SC) — não confirmado por CEP",,Eletroeletrônicos,Eletrônicos (geral),Mochila,,Mochila Executiva Para Notebook Elite Koss,,,129.90,,,sim,https://www.havan.com.br/mochila-executiva-para-notebook-elite-koss-diversos/p
2026-08-25,havan,"Nacional (rede em quase todos os estados, sede SC) — não confirmado por CEP",,Eletroeletrônicos,Eletrônicos (geral),Smart,,Smart Tv 75“ Tcl Qled 4Kp7k Google Tv - Bivolt,,,5199.90,,,sim,https://www.havan.com.br/smart-tv-75-4k-uhd-tcl-75p7k-google-tv-bivolt/p
2026-08-25,havan,"Nacional (rede em quase todos os estados, sede SC) — não confirmado por CEP",,Eletroeletrônicos,Eletrônicos (geral),Caixa,,Caixa De Som Acústica Polyvox Xc812 600W,,,799.90,,,sim,https://www.havan.com.br/caixa-de-som-acustica-polyvox-xc812-600w-diversos/p
2026-08-25,havan,"Nacional (rede em quase todos os estados, sede SC) — não confirmado por CEP",,Eletroeletrônicos,Eletrônicos (geral),Headset,,Headset Gamer Bluetooth Logitech G435 - Azul,,,299.90,,,sim,https://www.havan.com.br/headset-gamer-bluetooth-logitech-g435-azul/p
2026-08-25,havan,"Nacional (rede em quase todos os estados, sede SC) — não confirmado por CEP",,Eletroeletrônicos,Eletrônicos (geral),Mouse,,Mouse Sem Fio M240 Logitech Grafite,,,99.99,,,sim,https://www.havan.com.br/mouse-sem-fio-m240-logitech-grafite-diversos/p
2026-08-25,havan,"Nacional (rede em quase todos os estados, sede SC) — não confirmado por CEP",,Eletroeletrônicos,Eletrônicos (geral),Smart,,Smart Tv 50'' Tcl Qled 4K P7k Google Tv com Wi-Fi Dual Band,,,2499.90,,,sim,https://www.havan.com.br/smart-tv-4k-50-p7k-google-tv-com-wi-fi-dual-band-diversos/p
2026-08-25,havan,"Nacional (rede em quase todos os estados, sede SC) — não confirmado por CEP",,Eletroeletrônicos,Eletrônicos (geral),Mouse,,Mouse Sem Fio M240 Logitech - Rosa,,,79.99,,,sim,https://www.havan.com.br/mouse-sem-fio-m240-logitech-rosa/p
2026-08-25,havan,"Nacional (rede em quase todos os estados, sede SC) — não confirmado por CEP",,Eletroeletrônicos,Eletrônicos (geral),Mouse,,Mouse Sem Fio M240 Logitech - Branco,,,79.99,,,sim,https://www.havan.com.br/mouse-sem-fio-m240-logitech-branco/p
2026-08-25,havan,"Nacional (rede em quase todos os estados, sede SC) — não confirmado por CEP",,Eletroeletrônicos,Eletrônicos (geral),Cabo,,Cabo Para Recarga De Celular Elg M510,,,19.99,,,sim,https://www.havan.com.br/cabo-para-recarga-de-celular-elg-m510-diversos/p
2026-08-25,havan,"Nacional (rede em quase todos os estados, sede SC) — não confirmado por CEP",,Eletroeletrônicos,Eletrônicos (geral),Fone,,Fone De Ouvido Bluetooth Tune Buds 2 Tws Jbl,,,429.90,,,sim,https://www.havan.com.br/fone-de-ouvido-bluetooth-tune-buds-2-tws-jbl-diversos/p
2026-08-25,havan,"Nacional (rede em quase todos os estados, sede SC) — não confirmado por CEP",,Eletroeletrônicos,Eletrônicos (geral),Fone,,Fone De Ouvido Bluetooth Jbl Tune Flex 2 Preto,,,429.90,,,sim,https://www.havan.com.br/fone-de-ouvido-bluetooth-jbl-tune-flex-2-preto-diversos/p
2026-08-25,havan,"Nacional (rede em quase todos os estados, sede SC) — não confirmado por CEP",,Eletroeletrônicos,Eletrônicos (geral),Fone,,Fone De Ouvido Sem Fio Jbl Wave Beam 2,,,289.90,,,sim,https://www.havan.com.br/fone-de-ouvido-sem-fio-jbl-wave-beam-2-diversos/p
2026-08-25,havan,"Nacional (rede em quase todos os estados, sede SC) — não confirmado por CEP",,Eletroeletrônicos,Eletrônicos (geral),Capa,,Capa Book Cover Para Galaxy Tab A9+,,,99.90,,,sim,https://www.havan.com.br/capa-book-cover-para-galaxy-tab-a9-diversos/p
2026-08-25,havan,"Nacional (rede em quase todos os estados, sede SC) — não confirmado por CEP",,Eletroeletrônicos,Eletrônicos (geral),Smart,,"Smart Tv 65"" Uhd Crystal Samsung Un65u8600fgxzd - Bivolt",,,4299.90,,,sim,https://www.havan.com.br/smart-tv-65-uhd-crystal-samsung-un65u8600fgxzd-bivolt/p
2026-08-25,havan,"Nacional (rede em quase todos os estados, sede SC) — não confirmado por CEP",,Eletroeletrônicos,Eletrônicos (geral),Smart,,"Smart Tv Samsung 55"" Crystal Uhd 4K U8600f Tizen",,,2999.90,,,sim,https://www.havan.com.br/smart-tv-55-4k-uhd-samsung-u8600f-2025-bivolt-diversos/p
2026-08-25,havan,"Nacional (rede em quase todos os estados, sede SC) — não confirmado por CEP",,Eletroeletrônicos,Eletrônicos (geral),Smart,,Smart Tv 50'' 4K Uhd Samsung U8600f 2025 Bivolt,,,2699.90,,,sim,https://www.havan.com.br/smart-tv-50-4k-uhd-samsung-u8600f-2025-bivolt-diversos/p
2026-08-25,havan,"Nacional (rede em quase todos os estados, sede SC) — não confirmado por CEP",,Eletroeletrônicos,Eletrônicos (geral),Smart,,"Smart Tv 32"" Hd H5000 Samsung Un32h5000fgxzd",,,1299.90,,,sim,https://www.havan.com.br/smart-tv-32-hd-h5000-samsung-un32h5000fgxzd-diversos/p
2026-08-25,havan,"Nacional (rede em quase todos os estados, sede SC) — não confirmado por CEP",,Eletroeletrônicos,Eletrônicos (geral),Smart,,Smart Tv 55'' Tcl Qled 4K 55P7k Google Tv Wi-Fi Dual Band,,,2899.90,,,sim,https://www.havan.com.br/smart-tv-55-tcl-qled-4k-55p7k-google-tv-wi-fi-dual-band-diversos/p
2026-08-25,havan,"Nacional (rede em quase todos os estados, sede SC) — não confirmado por CEP",,Eletroeletrônicos,Eletrônicos (geral),Smart,,Smart Tv 65'' Tcl Qled 65P7k 4K Uhd Google Tv,,,3899.90,,,sim,https://www.havan.com.br/smart-tv-65-tcl-qled-65p7k-4k-uhd-google-tv-diversos/p
2026-08-25,havan,"Nacional (rede em quase todos os estados, sede SC) — não confirmado por CEP",,Eletroeletrônicos,Eletrônicos (geral),Caixa,,Caixa De Som Bluetooth Jbl Partybox Stage 320 Branca,,,4299.90,,,sim,https://www.havan.com.br/caixa-de-som-bluetooth-jbl-partybox-stage-320-branca-diversos/p
2026-08-25,havan,"Nacional (rede em quase todos os estados, sede SC) — não confirmado por CEP",,Eletroeletrônicos,Eletrônicos (geral),Caixa,,Caixa Partybox Jbl Club 120 - Branco,,,3299.90,,,sim,https://www.havan.com.br/caixa-partybox-jbl-club-120-branco/p
2026-08-25,havan,"Nacional (rede em quase todos os estados, sede SC) — não confirmado por CEP",,Eletroeletrônicos,Eletrônicos (geral),Teclado,,Teclado Gamer Razer Blackwidow V3 Tenkeyless - Preto,,,399.90,,,sim,https://www.havan.com.br/teclado-gamer-razer-blackwidow-v3-tenkeyless-preto/p
2026-08-25,havan,"Nacional (rede em quase todos os estados, sede SC) — não confirmado por CEP",,Eletroeletrônicos,Eletrônicos (geral),Mochila,,Mochila Notebook Guardit Samsonite,,,249.90,,,sim,https://www.havan.com.br/mochila-notebook-guard-it-samsonite-diversos/p
2026-08-25,havan,"Nacional (rede em quase todos os estados, sede SC) — não confirmado por CEP",,Eletroeletrônicos,Eletrônicos (geral),Cadeira,,Cadeira Gamer Rgb Pollux Com Apoio Cervical Elg Braço 3D,,,1199.90,,,sim,https://www.havan.com.br/cadeira-gamer-rgb-pollux-com-apoio-cervical-elg-braco-3d-diversos/p
2026-08-25,havan,"Nacional (rede em quase todos os estados, sede SC) — não confirmado por CEP",,Eletroeletrônicos,Eletrônicos (geral),Mouse,,Mouse Gamer Ceres Pro Hyperlight Branco Elg,,,79.99,,,sim,https://www.havan.com.br/mouse-gamer-ceres-pro-hyperlight-branco-elg-diversos/p
2026-08-25,havan,"Nacional (rede em quase todos os estados, sede SC) — não confirmado por CEP",,Eletroeletrônicos,Eletrônicos (geral),Teclado,,Teclado Gamer Elg Lesath Com Membrana,,,29.99,,,sim,https://www.havan.com.br/teclado-gamer-elg-lesath-com-membrana-diversos/p
2026-08-25,havan,"Nacional (rede em quase todos os estados, sede SC) — não confirmado por CEP",,Eletroeletrônicos,Eletrônicos (geral),Mousepad,,Mousepad Gamer Elg Merak Speed Extra Large,,,99.99,,,sim,https://www.havan.com.br/mousepad-gamer-elg-merak-speed-extra-large-diversos/p
2026-08-25,havan,"Nacional (rede em quase todos os estados, sede SC) — não confirmado por CEP",,Eletroeletrônicos,Eletrônicos (geral),Mousepad,,Mousepad Gamer Elg Merak Speed Medium Preto,,,49.99,,,sim,https://www.havan.com.br/mousepad-gamer-elg-merak-speed-medium-preto-diversos/p
2026-08-25,havan,"Nacional (rede em quase todos os estados, sede SC) — não confirmado por CEP",,Eletroeletrônicos,Eletrônicos (geral),Smart,,Smart Tv 24” Philco Ptv24g5yr2cp Roku Tv Dolby Audio e Entrada 12V - Bivolt,,,899.90,,,sim,https://www.havan.com.br/smart-tv-24-philco-ptv24g5yr2cp-roku-tv-dolby-audio-e-entrada-12v-bivolt/p
2026-08-25,havan,"Nacional (rede em quase todos os estados, sede SC) — não confirmado por CEP",,Eletroeletrônicos,Eletrônicos (geral),Power,,Power Bank 20000Mah Elg Com Display Indicador Preto,,,199.90,,,sim,https://www.havan.com.br/power-bank-20000mah-elg-com-display-indicador-preto-diversos/p
2026-08-25,havan,"Nacional (rede em quase todos os estados, sede SC) — não confirmado por CEP",,Eletroeletrônicos,Eletrônicos (geral),Cabo,,"Cabo 3 Em 1 Turbo Tipo-C Micro Usb Compatível Com Lightning Elg 1,2M",,,29.99,,,sim,https://www.havan.com.br/cabo-3-em-1-turbo-tipo-c-micro-usb-compativel-com-lightning-elg-12m-diversos/p
2026-08-25,havan,"Nacional (rede em quase todos os estados, sede SC) — não confirmado por CEP",,Eletroeletrônicos,Eletrônicos (geral),Kit,,Kit Roteador Wi-Fi 6 Dual Band Twibi Force Ax - Bivolt,,,499.90,,,sim,https://www.havan.com.br/kit-roteador-wi-fi-6-dual-band-twibi-force-ax-bivolt/p
2026-08-25,havan,"Nacional (rede em quase todos os estados, sede SC) — não confirmado por CEP",,Eletroeletrônicos,Eletrônicos (geral),Caixa,,Caixa De Som Bluetooth Jbl Go Essential - Preto,,,149.90,,,sim,https://www.havan.com.br/caixa-de-som-bluetooth-jbl-go-essential-preto/p
2026-08-25,havan,"Nacional (rede em quase todos os estados, sede SC) — não confirmado por CEP",,Eletroeletrônicos,Eletrônicos (geral),Mouse,,Mouse Sem Fio Maxprint 1600 Dpi - Preto,,,44.99,,,sim,https://www.havan.com.br/mouse-sem-fio-maxprint-1600-dpi-preto/p
2026-08-25,havan,"Nacional (rede em quase todos os estados, sede SC) — não confirmado por CEP",,Eletroeletrônicos,Eletrônicos (geral),Roteador,,Roteador Wi-Fi 6 Dual Band Ax 1500 Intelbras,,,279.90,,,sim,https://www.havan.com.br/roteador-wi-fi-6-dual-band-ax-1500-intelbras-diversos/p
2026-08-25,havan,"Nacional (rede em quase todos os estados, sede SC) — não confirmado por CEP",,Eletroeletrônicos,Eletrônicos (geral),Teclado,,Teclado Gamer Razer Cynosa Lite,,,149.90,,,sim,https://www.havan.com.br/teclado-gamer-razer-cynosa-lite-diversos/p
2026-08-25,havan,"Nacional (rede em quase todos os estados, sede SC) — não confirmado por CEP",,Eletroeletrônicos,Eletrônicos (geral),Tablet,,Tablet 7” Positivo Vision Spidey Octa-Core 3Gb Ram 64Gb - Preto,,,649.90,,,sim,https://www.havan.com.br/tablet-7-positivo-vision-spidey-octa-core-3gb-ram-64gb-preto/p
2026-08-25,havan,"Nacional (rede em quase todos os estados, sede SC) — não confirmado por CEP",,Eletroeletrônicos,Eletrônicos (geral),Tablet,,"Tablet 10,1” Tcl 10L Gen2 3Gb Ram 32Gb - Preto",,,899.90,,,sim,https://www.havan.com.br/tablet-10-1-tcl-10l-gen2-3gb-ram-32gb-preto/p
2026-08-25,havan,"Nacional (rede em quase todos os estados, sede SC) — não confirmado por CEP",,Eletroeletrônicos,Eletrônicos (geral),Caixa,,Caixa de Som Amplificada Philco Ex Bass 1200W Pcx6900,,,1399.90,,,sim,https://www.havan.com.br/caixa-de-som-amplificada-philco-ex-bass-1200w-pcx6900-diversos/p
2026-08-25,havan,"Nacional (rede em quase todos os estados, sede SC) — não confirmado por CEP",,Eletroeletrônicos,Eletrônicos (geral),Smart,,Smart Tv 40” Philco Ptv40m9gr2cgb Roku Tv Led Dolby Audio - Bivolt,,,1499.90,,,sim,https://www.havan.com.br/smart-tv-40-philco-ptv40m9gr2cgb-roku-tv-led-dolby-audio-bivolt/p
2026-08-25,havan,"Nacional (rede em quase todos os estados, sede SC) — não confirmado por CEP",,Eletroeletrônicos,Eletrônicos (geral),Caixa,,Caixa De Som Amplificada 2600W Philco Pcx26000 Flash Lights - Bivolt,,,1999.90,,,sim,https://www.havan.com.br/caixa-de-som-amplificada-2600w-philco-pcx26000-flash-lights-bivolt/p
2026-08-25,havan,"Nacional (rede em quase todos os estados, sede SC) — não confirmado por CEP",,Eletroeletrônicos,Eletrônicos (geral),Caixa,,Caixa De Som Amplificada 380W Flash Lights Philco Pcx4800,,,599.90,,,sim,https://www.havan.com.br/caixa-de-som-amplificada-380w-flash-lights-philco-pcx4800-diversos/p
2026-08-25,havan,"Nacional (rede em quase todos os estados, sede SC) — não confirmado por CEP",,Eletroeletrônicos,Eletrônicos (geral),Teclado,,Teclado Gamer Logitech Mecânico Com Fio G413 - Preto,,,299.90,,,sim,https://www.havan.com.br/teclado-gamer-logitech-mecanico-com-fio-g413-preto/p
2026-08-25,havan,"Nacional (rede em quase todos os estados, sede SC) — não confirmado por CEP",,Eletroeletrônicos,Eletrônicos (geral),Mouse,,Mouse Sem Fio Maxprint Com 1600Dpi E Bateria Recarregável - Preto,,,39.99,,,sim,https://www.havan.com.br/mouse-sem-fio-maxprint-com-1600dpi-e-bateria-recarregavel-preto/p
2026-08-25,havan,"Nacional (rede em quase todos os estados, sede SC) — não confirmado por CEP",,Eletroeletrônicos,Eletrônicos (geral),Fone,,Fone Gamer Wireless Jbl Quantum 360 - Sem Fio,,,499.90,,,sim,https://www.havan.com.br/fone-gamer-wireless-jbl-quantum-360-sem-fio/p
2026-08-25,havan,"Nacional (rede em quase todos os estados, sede SC) — não confirmado por CEP",,Eletroeletrônicos,Eletrônicos (geral),Mouse,,Mouse Sem Fio Bluetooth M196 Logitech - Grafite,,,79.99,,,sim,https://www.havan.com.br/mouse-sem-fio-bluetooth-m196-logitech-grafite/p
2026-08-25,havan,"Nacional (rede em quase todos os estados, sede SC) — não confirmado por CEP",,Eletroeletrônicos,Eletrônicos (geral),Mouse,,Mouse Sem Fio M196 Bluetooth Logitech - Branco,,,79.99,,,sim,https://www.havan.com.br/mouse-sem-fio-m196-bluetooth-logitech-branco/p
2026-08-25,havan,"Nacional (rede em quase todos os estados, sede SC) — não confirmado por CEP",,Eletroeletrônicos,Eletrônicos (geral),Mouse,,Mouse Sem Fio Logitech M196 Bluetooth - Rosa,,,79.99,,,sim,https://www.havan.com.br/mouse-sem-fio-logitech-m196-bluetooth-rosa/p
2026-08-25,havan,"Nacional (rede em quase todos os estados, sede SC) — não confirmado por CEP",,Eletroeletrônicos,Eletrônicos (geral),Fone,,Fone De Ouvido Com Fio Jbl Tune T500 - Preto,,,149.90,,,sim,https://www.havan.com.br/fone-de-ouvido-jbl-tune-t500-preto/p
2026-08-25,havan,"Nacional (rede em quase todos os estados, sede SC) — não confirmado por CEP",,Eletroeletrônicos,Eletrônicos (geral),Kit,,Kit Teclado E Mouse Multilaser Com Fio Tc310 - Preto,,,69.99,,,sim,https://www.havan.com.br/kit-teclado-e-mouse-multilaser-com-fio-tc310-preto/p
2026-08-25,havan,"Nacional (rede em quase todos os estados, sede SC) — não confirmado por CEP",,Eletroeletrônicos,Eletrônicos (geral),Caixa,,Caixa De Som Bluetooth Jbl Xtreme 4 Azul - 28913741,,,2199.90,,,sim,https://www.havan.com.br/caixa-de-som-bluetooth-jbl-xtreme-4-azul-28913741/p
2026-08-25,havan,"Nacional (rede em quase todos os estados, sede SC) — não confirmado por CEP",,Eletroeletrônicos,Eletrônicos (geral),Controle,,Controle Sem Fio Dualsense Ps5 Mindnight Sony - Preto,,,499.90,,,sim,https://www.havan.com.br/controle-sem-fio-dualsense-ps5-mindnight-sony-preto/p
2026-08-25,havan,"Nacional (rede em quase todos os estados, sede SC) — não confirmado por CEP",,Eletroeletrônicos,Eletrônicos (geral),Fone,,Fone De Ouvido Jbl Sem Fio Wave Buds 2 Tws,,,289.90,,,sim,https://www.havan.com.br/fone-de-ouvido-jbl-sem-fio-wave-buds-2-tws-diversos/p
2026-08-25,havan,"Nacional (rede em quase todos os estados, sede SC) — não confirmado por CEP",,Eletroeletrônicos,Eletrônicos (geral),Mouse,,Mouse Gamer Elg Ceres Hyperlight Ultraleve Preto,,,49.99,,,sim,https://www.havan.com.br/mouse-gamer-elg-ceres-hyperlight-ultraleve-preto-diversos/p
2026-08-25,havan,"Nacional (rede em quase todos os estados, sede SC) — não confirmado por CEP",,Eletroeletrônicos,Eletrônicos (geral),Carregador,,Carregador Portátil Power Bank Xiaomi 10000Mah - Branco,,,199.90,,,sim,https://www.havan.com.br/carregador-portatil-power-bank-xiaomi-10000mah-branco/p
2026-08-25,havan,"Nacional (rede em quase todos os estados, sede SC) — não confirmado por CEP",,Eletroeletrônicos,Eletrônicos (geral),Relógio,,Relógio Smartwatch Xiaomi Redmi Watch 5 Active Alexa Tela 2 Polegadas Xm826pre,,,499.90,,,sim,https://www.havan.com.br/relogio-smartwatch-xiaomi-redmi-watch-5-active-alexa-tela-2-polegadas-xm826pre-diversos/p
2026-08-25,havan,"Nacional (rede em quase todos os estados, sede SC) — não confirmado por CEP",,Eletroeletrônicos,Eletrônicos (geral),Tablet,,Tablet 7” Positivo Vision Moana Octa-Core 3Gb Ram 64Gb,,,899.90,,,sim,https://www.havan.com.br/tablet-7-positivo-vision-moana-octa-core-3gb-ram-64gb-diversos/p
2026-08-25,havan,"Nacional (rede em quase todos os estados, sede SC) — não confirmado por CEP",,Eletroeletrônicos,Eletrônicos (geral),Cadeira,,Cadeira Gamer Elite-Pro Dazz Até 140Kg,,,999.90,,,sim,https://www.havan.com.br/cadeira-gamer-elite-pro-dazz-ate-140kg-diversos/p
2026-08-25,havan,"Nacional (rede em quase todos os estados, sede SC) — não confirmado por CEP",,Eletroeletrônicos,Eletrônicos (geral),Teclado,,Teclado Oficeeasy Maxprint Com Fio,,,29.99,,,sim,https://www.havan.com.br/teclado-oficeeasy-maxprint-com-fio-diversos/p
2026-08-25,havan,"Nacional (rede em quase todos os estados, sede SC) — não confirmado por CEP",,Eletroeletrônicos,Eletrônicos (geral),Headset,,Headset Gamer Logitech Com Fio Astro A10 Ps E Pc Branco - 939-002063,,,349.90,,,sim,https://www.havan.com.br/headset-gamer-com-fio-35mm-astro-a10-p-ps-e-pc-branco-939-002063/p
2026-08-25,havan,"Nacional (rede em quase todos os estados, sede SC) — não confirmado por CEP",,Eletroeletrônicos,Eletrônicos (geral),Power,,Power Bank 10200Mah Elg Com Display Indicador Preto,,,119.90,,,sim,https://www.havan.com.br/power-bank-10200mah-elg-com-display-indicador-preto-diversos/p
2026-08-25,havan,"Nacional (rede em quase todos os estados, sede SC) — não confirmado por CEP",,Eletroeletrônicos,Eletrônicos (geral),Câmbio,,Câmbio para Simulação de Corrida Logitech G Driving Force Shifter - 941-000119,,,499.90,,,sim,https://www.havan.com.br/cambio-para-simulacao-de-corrida-logitech-g-driving-force-shifter-941-000119/p
2026-08-25,havan,"Nacional (rede em quase todos os estados, sede SC) — não confirmado por CEP",,Eletroeletrônicos,Eletrônicos (geral),Volante,,"Volante Logitech G29 Driving Force para Ps5, Ps4, Ps3 e Pc",,,1999.90,,,sim,https://www.havan.com.br/volante-e-pedais-de-corrida-logitech-g-g929-para-playstation-e-pc-diversos/p
2026-08-25,havan,"Nacional (rede em quase todos os estados, sede SC) — não confirmado por CEP",,Eletroeletrônicos,Eletrônicos (geral),Volante,,Volante e Pedais de Corrida Logitech G G920 para Xbox e Pc,,,1899.90,,,sim,https://www.havan.com.br/volante-e-pedais-de-corrida-logitech-g-g920-para-xbox-e-pc-diversos/p
2026-08-25,havan,"Nacional (rede em quase todos os estados, sede SC) — não confirmado por CEP",,Eletroeletrônicos,Eletrônicos (geral),Fone,,Fone de Ouvido Bluetooth Waaw by Alok Move 200,,,219.90,,,sim,https://www.havan.com.br/fone-de-ouvido-bluetooth-waaw-by-alok-move-200-diversos/p
2026-08-25,havan,"Nacional (rede em quase todos os estados, sede SC) — não confirmado por CEP",,Eletroeletrônicos,Eletrônicos (geral),Fone,,Fone De Ouvido Bluetooth Waaw By Alok Sense 310,,,299.90,,,sim,https://www.havan.com.br/fone-de-ouvido-bluetooth-waaw-by-alok-sense-310-diversos/p
2026-08-25,havan,"Nacional (rede em quase todos os estados, sede SC) — não confirmado por CEP",,Eletroeletrônicos,Eletrônicos (geral),Fone,,Fone de Ouvido Bluetooth Sense 210 Waaw,,,219.90,,,sim,https://www.havan.com.br/fone-de-ouvido-bluetooth-sense-210-waaw-diversos/p
2026-08-25,havan,"Nacional (rede em quase todos os estados, sede SC) — não confirmado por CEP",,Eletroeletrônicos,Eletrônicos (geral),Roteador,,Roteador Gigabit Dual Band Wi-Fi 5 Intelbras W5-1200Gs - Preto,,,249.90,,,sim,https://www.havan.com.br/roteador-gigabit-dual-band-wi-fi-5-intelbras-w5-1200gs-preto/p
2026-08-25,havan,"Nacional (rede em quase todos os estados, sede SC) — não confirmado por CEP",,Eletroeletrônicos,Eletrônicos (geral),Carregador,,Carregador De Parede Apple Usb-C 20W - MUVU3BZ/A,,,199.90,,,sim,https://www.havan.com.br/carregador-de-parede-apple-usb-c-20w-muvu3bza/p
2026-08-25,havan,"Nacional (rede em quase todos os estados, sede SC) — não confirmado por CEP",,Eletroeletrônicos,Eletrônicos (geral),Caixa,,Caixa De Som Amplificada Philco 350W Pcx4501 Flash Lights,,,499.90,,,sim,https://www.havan.com.br/caixa-de-som-amplificada-philco-350w-pcx4501-flash-lights-diversos/p
2026-08-25,havan,"Nacional (rede em quase todos os estados, sede SC) — não confirmado por CEP",,Eletroeletrônicos,Eletrônicos (geral),Notebook,,Notebook Asus Ryzen 5 8Gb 512Gb Windows 11 Home Black - Bivolt,,,4999.90,,,sim,https://www.havan.com.br/notebook-asus-ryzen-5-8-gb-512-gb-windows-11-home-black-bivolt/p
2026-08-25,havan,"Nacional (rede em quase todos os estados, sede SC) — não confirmado por CEP",,Eletroeletrônicos,Eletrônicos (geral),Fone,,Fone De Ouvido Bluetooth Mob 500Anc Waaw By Alok Resistente À Água,,,269.90,,,sim,https://www.havan.com.br/fone-de-ouvido-bluetooth-mob-500anc-waaw-by-alok-resistente-a-agua-diversos/p
2026-08-25,havan,"Nacional (rede em quase todos os estados, sede SC) — não confirmado por CEP",,Eletroeletrônicos,Eletrônicos (geral),Mousepad,,Mousepad Gamer Logitech Tecido G G640 - Preto,,,179.90,,,sim,https://www.havan.com.br/mousepad-gamer-logitech-tecido-g-g640-preto/p
2026-08-25,havan,"Nacional (rede em quase todos os estados, sede SC) — não confirmado por CEP",,Eletroeletrônicos,Eletrônicos (geral),Headset,,Headset Gamer Logitech Sem Fio G435 - Preto,,,399.90,,,sim,https://www.havan.com.br/headset-gamer-logitech-sem-fio-g435-preto/p
2026-08-25,havan,"Nacional (rede em quase todos os estados, sede SC) — não confirmado por CEP",,Eletroeletrônicos,Eletrônicos (geral),Jogo,,Jogo Playstation 5 Ea Sports Fc 25,,,379.90,,,sim,https://www.havan.com.br/jogo-playstation-5-ea-sports-fc-25-diversos/p
2026-08-25,havan,"Nacional (rede em quase todos os estados, sede SC) — não confirmado por CEP",,Eletroeletrônicos,Eletrônicos (geral),Caixa,,Caixa De Som Bluetooth Jbl Clip 5 - Preto,,,419.90,,,sim,https://www.havan.com.br/caixa-de-som-bluetooth-jbl-clip-5-preto/p
2026-08-25,havan,"Nacional (rede em quase todos os estados, sede SC) — não confirmado por CEP",,Eletroeletrônicos,Eletrônicos (geral),Mochila,,"Mochila Executiva Notebook 16"" Meghazine Mc231",,,49.99,,,sim,https://www.havan.com.br/mochila-executiva-notebook-16-meghazine-mc231-diversos/p
2026-08-25,havan,"Nacional (rede em quase todos os estados, sede SC) — não confirmado por CEP",,Eletroeletrônicos,Eletrônicos (geral),Volante,,Volante Force Driving Dazz - Preto,,,799.90,,,sim,https://www.havan.com.br/volante-force-driving-dazz-preto/p
2026-08-25,havan,"Nacional (rede em quase todos os estados, sede SC) — não confirmado por CEP",,Eletroeletrônicos,Eletrônicos (geral),Controle,,Controle Bluetooth Dazz para Ps4 e Pc - Transparente,,,279.90,,,sim,https://www.havan.com.br/console-sem-fio-prism-para-ps4-dazz-transparente/p
2026-08-25,havan,"Nacional (rede em quase todos os estados, sede SC) — não confirmado por CEP",,Eletroeletrônicos,Eletrônicos (geral),Kit,,Kit Carregador Parede Tipo C Branco Elg Recarga E Sincronização,,,49.99,,,sim,https://www.havan.com.br/kit-carregador-parede-tipo-c-branco-elg-recarga-e-sincronizacao-diversos/p
2026-08-25,havan,"Nacional (rede em quase todos os estados, sede SC) — não confirmado por CEP",,Eletroeletrônicos,Eletrônicos (geral),Kit,,Kit Carregador Parede Universal Lightning 1M Elg Recarga Sincronização,,,49.99,,,sim,https://www.havan.com.br/kit-carregador-parede-universal-lightning-1m-elg-recarga-sincronizacao-diversos/p
2026-08-25,havan,"Nacional (rede em quase todos os estados, sede SC) — não confirmado por CEP",,Eletroeletrônicos,Eletrônicos (geral),Carregador,,Carregador Wireless Tecnologia Qi Elg,,,89.99,,,sim,https://www.havan.com.br/carregador-wireless-tecnologia-qi-elg-diversos/p
2026-08-25,havan,"Nacional (rede em quase todos os estados, sede SC) — não confirmado por CEP",,Eletroeletrônicos,Eletrônicos (geral),Cabo,,Cabo Usb Tipo-C Para Lightningi Preto Elg Recarga E Sincronização,,,39.99,,,sim,https://www.havan.com.br/cabo-usb-tipo-c-para-lightningi-preto-elg-recarga-e-sincronizacao-diversos/p
2026-08-25,havan,"Nacional (rede em quase todos os estados, sede SC) — não confirmado por CEP",,Eletroeletrônicos,Eletrônicos (geral),Cabo,,Cabo Usb Tipo-C P/ Tipo-C 60W Elg Branco 1 Metro,,,39.99,,,sim,https://www.havan.com.br/cabo-usb-tipo-c-p-tipo-c-60w-elg-branco-1-metro-diversos/p
2026-08-25,havan,"Nacional (rede em quase todos os estados, sede SC) — não confirmado por CEP",,Eletroeletrônicos,Eletrônicos (geral),Soundbar,,Soundbar Jbl Bluetooth 2.1 Canais Cinema Sb580 - Bivolt,,,1699.90,,,sim,https://www.havan.com.br/soundbar-jbl-bluetooth-3-1-canais-cinema-sb580-bivolt/p
2026-08-25,havan,"Nacional (rede em quase todos os estados, sede SC) — não confirmado por CEP",,Eletroeletrônicos,Eletrônicos (geral),Headset,,Headset Gamer Jbl Quantum 100 M2 Rosa,,,179.90,,,sim,https://www.havan.com.br/headset-gamer-jbl-quantum-100-m2-rosa-diversos/p
2026-08-25,havan,"Nacional (rede em quase todos os estados, sede SC) — não confirmado por CEP",,Eletroeletrônicos,Eletrônicos (geral),Caixa,,Caixa De Som Bluetooth Jbl Retrô Authentics 300 - Bivolt,,,1999.90,,,sim,https://www.havan.com.br/caixa-de-som-bluetooth-jbl-retro-authentics-300-bivolt/p
2026-08-25,havan,"Nacional (rede em quase todos os estados, sede SC) — não confirmado por CEP",,Eletroeletrônicos,Eletrônicos (geral),Caixa,,Caixa De Som Bluetooth Lg Xboom Xg5s 18 Horas De Bateria - Bivolt,,,399.90,,,sim,https://www.havan.com.br/caixa-de-som-bluetooth-lg-xboom-xg5s-18-horas-de-bateria-bivolt/p
2026-08-25,havan,"Nacional (rede em quase todos os estados, sede SC) — não confirmado por CEP",,Eletroeletrônicos,Eletrônicos (geral),Mouse,,Mouse Redragon Cobra Pro16000 Dpi M711 - Preto,,,269.90,,,sim,https://www.havan.com.br/mouse-redragon-cobra-pro16000-dpi-m711-preto/p
2026-08-25,havan,"Nacional (rede em quase todos os estados, sede SC) — não confirmado por CEP",,Eletroeletrônicos,Eletrônicos (geral),Headset,,Headset Gamer Jbl Quantum 100 M2 - Preto,,,179.90,,,sim,https://www.havan.com.br/headset-gamer-jbl-quantum-100-m2-preto/p
2026-08-25,havan,"Nacional (rede em quase todos os estados, sede SC) — não confirmado por CEP",,Eletroeletrônicos,Eletrônicos (geral),Mochila,,Mochila Notebook Tonin Executiva 2000 - Preto,,,99.90,,,sim,https://www.havan.com.br/mochila-notebook-tonin-executiva-2000-preto/p
2026-08-25,havan,"Nacional (rede em quase todos os estados, sede SC) — não confirmado por CEP",,Eletroeletrônicos,Eletrônicos (geral),Mouse,,Mouse Maxprint Officeeasy Com Fio 1200 Dpi - Preto,,,14.99,,,sim,https://www.havan.com.br/mouse-maxprint-officeeasy-com-fio-1200-dpi-preto/p
2026-08-25,havan,"Nacional (rede em quase todos os estados, sede SC) — não confirmado por CEP",,Eletroeletrônicos,Eletrônicos (geral),Combo,,Combo Gamer Warrior 4 Em 1 Air Drop Headset 2.0 - Preto,,,249.90,,,sim,https://www.havan.com.br/combo-gamer-warrior-4-em-1-air-drop-headset-2-0-preto/p
2026-08-25,havan,"Nacional (rede em quase todos os estados, sede SC) — não confirmado por CEP",,Eletroeletrônicos,Eletrônicos (geral),Teclado,,Teclado Gamer Multilaser Warrior Mecânico Royal Score,,,169.90,,,sim,https://www.havan.com.br/teclado-gamer-warrior-mecanico-royal-score-diversos/p
2026-08-25,havan,"Nacional (rede em quase todos os estados, sede SC) — não confirmado por CEP",,Eletroeletrônicos,Eletrônicos (geral),Headset,,Headset Razer Kraken X Lite Essential Wired Gaming Enterprise Mark,,,199.90,,,sim,https://www.havan.com.br/headset-razer-kraken-x-lite-essential-wired-gaming-enterprise-mark-diversos/p
2026-08-25,havan,"Nacional (rede em quase todos os estados, sede SC) — não confirmado por CEP",,Eletroeletrônicos,Eletrônicos (geral),Headset,,Headset Gamer Warrior Huginn Preto,,,69.99,,,sim,https://www.havan.com.br/headset-warrior-huginn-preto-diversos/p
2026-08-25,havan,"Nacional (rede em quase todos os estados, sede SC) — não confirmado por CEP",,Eletroeletrônicos,Eletrônicos (geral),Teclado,,Teclado Gamer Warrior Mecânico Royal Cross,,,159.90,,,sim,https://www.havan.com.br/teclado-gamer-warrior-mecanico-royal-cross-diversos/p
2026-08-25,havan,"Nacional (rede em quase todos os estados, sede SC) — não confirmado por CEP",,Eletroeletrônicos,Eletrônicos (geral),Mouse,,Mouse Razer Deathadder Essential Ergonomic Wired Gaming,,,179.90,,,sim,https://www.havan.com.br/mouse-razer-deathadder-essential-ergonomic-wired-gaming-diversos/p
2026-08-25,havan,"Nacional (rede em quase todos os estados, sede SC) — não confirmado por CEP",,Eletroeletrônicos,Eletrônicos (geral),Caixa,,Caixa De Som Boom 200 Waaw Bluetooth V5.3 80W Rms - Bivolt,,,999.90,,,sim,https://www.havan.com.br/caixa-de-som-bluetooth-waaw-by-alok-80w-rms-boom-200-bivolt/p
2026-08-25,havan,"Nacional (rede em quase todos os estados, sede SC) — não confirmado por CEP",,Eletroeletrônicos,Eletrônicos (geral),Mouse,,Mouse Gamer Sem Fio Logitech G G305 Preto,,,219.90,,,sim,https://www.havan.com.br/mouse-gamer-sem-fio-logitech-g-g305-preto-diversos/p
2026-08-25,havan,"Nacional (rede em quase todos os estados, sede SC) — não confirmado por CEP",,Eletroeletrônicos,Eletrônicos (geral),Caixa,,Caixa Acústica Pcx6702 Philco Ex Bass 800W - Bivolt,,,999.90,,,sim,https://www.havan.com.br/caixa-acustica-pcx6702-philco-ex-bass-800w-bivolt/p
2026-08-25,havan,"Nacional (rede em quase todos os estados, sede SC) — não confirmado por CEP",,Eletroeletrônicos,Eletrônicos (geral),Kit,,Kit Roteador Wifi Mesh Dual Tp-Link Deco S7 - 2 unidades,,,679.90,,,sim,https://www.havan.com.br/kit-roteador-wifi-mesh-dual-tp-link-deco-s7-2-unidades/p
2026-08-25,havan,"Nacional (rede em quase todos os estados, sede SC) — não confirmado por CEP",,Eletroeletrônicos,Eletrônicos (geral),Caixa,,Caixa De Som Xboom Go Xg8t Lg 15H De Bateria Iluminação Lateral Ip67,,,999.90,,,sim,https://www.havan.com.br/caixa-de-som-xboom-go-xg8t-lg-15h-de-bateria-iluminacao-lateral-ip67-diversos/p
2026-08-25,havan,"Nacional (rede em quase todos os estados, sede SC) — não confirmado por CEP",,Eletroeletrônicos,Eletrônicos (geral),Soundbar,,Soundbar Lg Bluetooth 2.1 Canais Subwoofer Sem Fios Lgsqc1 - Bivolt,,,899.90,,,sim,https://www.havan.com.br/soundbar-lg-bluetooth-2-1-canais-subwoofer-sem-fios-lgsqc1-bivolt/p
2026-08-25,havan,"Nacional (rede em quase todos os estados, sede SC) — não confirmado por CEP",,Eletroeletrônicos,Eletrônicos (geral),Notebook,,"Notebook Multi Ultra Intel 4Gb 128Gb Ssd 15,6"" Windows 11 - Bivolt",,,1999.90,,,sim,https://www.havan.com.br/notebook-multi-ultra-intel-celeron-n4020c-4gb-ram-128gb-ssd-tela-de-15-6-w11-bivolt/p
2026-08-25,havan,"Nacional (rede em quase todos os estados, sede SC) — não confirmado por CEP",,Eletroeletrônicos,Eletrônicos (geral),Headset,,Headset Gamer Elg Orion Estereo P3,,,79.99,,,sim,https://www.havan.com.br/headset-gamer-elg-orion-estereo-p3-diversos/p
2026-08-25,havan,"Nacional (rede em quase todos os estados, sede SC) — não confirmado por CEP",,Eletroeletrônicos,Eletrônicos (geral),Headset,,Headset Gamer Elg Alcor Multi Plataforma Branco Led Rainbow,,,99.99,,,sim,https://www.havan.com.br/headset-gamer-alcor-multi-plataforma-branco-led-rainbow-diversos/p
2026-08-25,havan,"Nacional (rede em quase todos os estados, sede SC) — não confirmado por CEP",,Eletroeletrônicos,Eletrônicos (geral),Headset,,Headset Gamer Elg Mizar 7.1 3D,,,199.90,,,sim,https://www.havan.com.br/headset-gamer-elg-mizar-7-1-3d-diversos/p
2026-08-25,havan,"Nacional (rede em quase todos os estados, sede SC) — não confirmado por CEP",,Eletroeletrônicos,Eletrônicos (geral),Combo,,Combo Gamer 4 Em 1 Elg Canopus Abnt2,,,249.90,,,sim,https://www.havan.com.br/combo-gamer-4-em-1-elg-canopus-abnt2-diversos/p
2026-08-25,havan,"Nacional (rede em quase todos os estados, sede SC) — não confirmado por CEP",,Eletroeletrônicos,Eletrônicos (geral),Caixa,,Caixa de Som Bluetooth Jbl Go4 White - Branco,,,349.90,,,sim,https://www.havan.com.br/caixa-de-som-bluetooth-jbl-go4-white-branco/p
2026-08-25,havan,"Nacional (rede em quase todos os estados, sede SC) — não confirmado por CEP",,Eletroeletrônicos,Eletrônicos (geral),Caixa,,Caixa de Som Bluetooth Waaw by Alok 180W Rms Hyperboom 1000 - Preto,,,1499.90,,,sim,https://www.havan.com.br/caixa-de-som-bluetooth-waaw-by-alok-180w-rms-hyperboom-1000-preto/p
2026-08-25,havan,"Nacional (rede em quase todos os estados, sede SC) — não confirmado por CEP",,Eletroeletrônicos,Eletrônicos (geral),Smart,,Smart Tv 32” Philco Led Roku Tv Ptv32k34rkgb - Bivolt,,,999.90,,,sim,https://www.havan.com.br/smart-tv-32-philco-led-roku-tv-ptv32k34rkgb-bivolt/p
2026-08-25,havan,"Nacional (rede em quase todos os estados, sede SC) — não confirmado por CEP",,Eletroeletrônicos,Eletrônicos (geral),Caixa,,Caixa De Som Acústica Philco Pcx24000 2400W,,,1999.90,,,sim,https://www.havan.com.br/caixa-de-som-acustica-philco-pcx24000-2400w-diversos/p
2026-08-25,havan,"Nacional (rede em quase todos os estados, sede SC) — não confirmado por CEP",,Eletroeletrônicos,Eletrônicos (geral),Caixa,,Caixa De Som Acústica Philco Connection Pcx35000 3500W,,,2999.90,,,sim,https://www.havan.com.br/caixa-de-som-acustica-philco-connection-pcx35000-3500w-diversos/p
2026-08-25,havan,"Nacional (rede em quase todos os estados, sede SC) — não confirmado por CEP",,Eletroeletrônicos,Eletrônicos (geral),Mochila,,Mochila Notebook Tonin Executiva 2058 - Preto,,,79.99,,,sim,https://www.havan.com.br/mochila-notebook-tonin-executiva-2058-preto/p
2026-08-25,havan,"Nacional (rede em quase todos os estados, sede SC) — não confirmado por CEP",,Eletroeletrônicos,Eletrônicos (geral),Relógio,,"Relógio Smartwatch Multi G2r Gps Proteção Ip67 Tela 1,43'' We208 - Preto",,,469.90,,,sim,https://www.havan.com.br/relogio-smartwatch-multi-g2r-gps-protecao-ip67-tela-1-43-polegadas-we208-preto/p
2026-08-25,havan,"Nacional (rede em quase todos os estados, sede SC) — não confirmado por CEP",,Eletroeletrônicos,Eletrônicos (geral),Notebook,,"Notebook Acer Aspire 5 Ryzen 5 8Gb Ram 256Gb Ssd Tela de 15,6"" Windows 11 - Bivolt",,,3799.90,,,sim,https://www.havan.com.br/notebook-acer-aspire-5-8gb-ram-256gb-ssd-tela-de-15-6-w11-bivolt/p
2026-08-25,havan,"Nacional (rede em quase todos os estados, sede SC) — não confirmado por CEP",,Eletroeletrônicos,Eletrônicos (geral),Smart,,Smart Tv 50” Uhd 4K Lg Ai Alexa 50Ut8050psa - Bivolt,,,2699.90,,,sim,https://www.havan.com.br/smart-tv-50-uhd-4k-lg-ai-alexa-50ut8050psa-bivolt/p
2026-08-25,havan,"Nacional (rede em quase todos os estados, sede SC) — não confirmado por CEP",,Eletroeletrônicos,Eletrônicos (geral),Mousepad,,Mousepad Goliathus Cosmic Razer Speed Medium - Verde,,,49.99,,,sim,https://www.havan.com.br/mousepad-goliathus-cosmic-razer-speed-medium-verde/p
2026-08-25,havan,"Nacional (rede em quase todos os estados, sede SC) — não confirmado por CEP",,Eletroeletrônicos,Eletrônicos (geral),Fone,,Fone de Ouvido Gamer Waaw by Alok Energy 10Ewg - Verde,,,119.90,,,sim,https://www.havan.com.br/fone-de-ouvido-gamer-waaw-by-alok-energy-10ewg-verde/p
2026-08-25,havan,"Nacional (rede em quase todos os estados, sede SC) — não confirmado por CEP",,Eletroeletrônicos,Eletrônicos (geral),Repetidor,,Repetidor De Wi-Fi Tp-Link Tl-Wa850re 300Mbps - Branco,,,149.90,,,sim,https://www.havan.com.br/repetidor-de-wi-fi-tp-link-tl-wa850re-300mbps-branco/p
2026-08-25,havan,"Nacional (rede em quase todos os estados, sede SC) — não confirmado por CEP",,Eletroeletrônicos,Eletrônicos (geral),Caixa,,Caixa De Som Bluetooth Philco Extreme Pbs45bt - Preto,,,199.90,,,sim,https://www.havan.com.br/caixa-de-som-bluetooth-philco-extreme-pbs45bt-preto/p
2026-08-25,havan,"Nacional (rede em quase todos os estados, sede SC) — não confirmado por CEP",,Eletroeletrônicos,Eletrônicos (geral),Mouse,,Mouse Maxprint Airy Sem Fio 1600 Dpi - Preto,,,29.99,,,sim,https://www.havan.com.br/mouse-maxprint-airy-sem-fio-1600-dpi-preto/p
2026-08-25,havan,"Nacional (rede em quase todos os estados, sede SC) — não confirmado por CEP",,Eletroeletrônicos,Eletrônicos (geral),Caixa,,Caixa De Som Bluetooth Jbl Partybox Encore Preto - 2MICBR,,,1699.90,,,sim,https://www.havan.com.br/caixa-de-som-bluetooth-jbl-partybox-encore-preto-2micbr/p
2026-08-25,havan,"Nacional (rede em quase todos os estados, sede SC) — não confirmado por CEP",,Eletroeletrônicos,Eletrônicos (geral),Kit,,Kit Teclado E Mouse Maxprint Essential Com Fio - Preto,,,59.99,,,sim,https://www.havan.com.br/kit-teclado-e-mouse-maxprint-essential-com-fio-preto/p
2026-08-25,havan,"Nacional (rede em quase todos os estados, sede SC) — não confirmado por CEP",,Eletroeletrônicos,Eletrônicos (geral),Headset,,Headset Gamer Logitech Astro A10 Gaming Gen 2 Xb 939-002046 - Preto,,,399.90,,,sim,https://www.havan.com.br/headset-gamer-logitech-astro-a10-gaming-gen-2-xb-preto/p
2026-08-25,havan,"Nacional (rede em quase todos os estados, sede SC) — não confirmado por CEP",,Eletroeletrônicos,Eletrônicos (geral),Headset,,Headset Gamer Logitech Astro A10 Gaming Gen 2 Ps - 939-002056,,,399.90,,,sim,https://www.havan.com.br/headset-gamer-logitech-astro-a10-gaming-gen-2-preto-939-002056/p
2026-08-25,havan,"Nacional (rede em quase todos os estados, sede SC) — não confirmado por CEP",,Eletroeletrônicos,Eletrônicos (geral),Caixa,,Caixa De Som Bluetooth Lg Xboom Go Xg7s Power Ip67 - Bivolt,,,499.90,,,sim,https://www.havan.com.br/caixa-de-som-bluetooth-lg-xboom-go-xg7s-power-ip67-bivolt/p
2026-08-25,havan,"Nacional (rede em quase todos os estados, sede SC) — não confirmado por CEP",,Eletroeletrônicos,Eletrônicos (geral),Fone,,Fone De Ouvido Bluetooth Jbl Tune 720Bt - Preto,,,279.90,,,sim,https://www.havan.com.br/fone-de-ouvido-bluetooth-jbl-tune-720bt-preto/p
2026-08-25,havan,"Nacional (rede em quase todos os estados, sede SC) — não confirmado por CEP",,Eletroeletrônicos,Eletrônicos (geral),Kit,,Kit Teclado E Mouse Logitech Com Fio Mk120 - Preto,,,99.99,,,sim,https://www.havan.com.br/kit-teclado-e-mouse-logitech-com-fio-preto/p
2026-08-25,havan,"Nacional (rede em quase todos os estados, sede SC) — não confirmado por CEP",,Eletroeletrônicos,Eletrônicos (geral),Mouse,,Mouse Multi Sem Fio Mo380 - Preto,,,19.99,,,sim,https://www.havan.com.br/mouse-multi-sem-fio-mo380-preto/p
2026-08-25,havan,"Nacional (rede em quase todos os estados, sede SC) — não confirmado por CEP",,Eletroeletrônicos,Eletrônicos (geral),Mousepad,,"Mousepad Gamer Speed Flakes Power Flkmp002 Elg - Preto, Azul e Laranja",,,29.99,,,sim,https://www.havan.com.br/mousepad-gamer-flakes-power-speed-g-elg-preto-azul-e-laranja/p
2026-08-25,havan,"Nacional (rede em quase todos os estados, sede SC) — não confirmado por CEP",,Eletroeletrônicos,Eletrônicos (geral),Mousepad,,Mousepad Gamer Speed Flakes Power Flkmp001 Elg - Preto,,,19.99,,,sim,https://www.havan.com.br/mousepad-gamer-flakes-power-speed-elg-flkmp001-preto/p
2026-08-25,havan,"Nacional (rede em quase todos os estados, sede SC) — não confirmado por CEP",,Eletroeletrônicos,Eletrônicos (geral),Mouse,,Mouse Gamer Flakes Power Air Flkm003 Elg - Preto,,,69.99,,,sim,https://www.havan.com.br/mouse-gamer-flakes-power-air-elg-flkm003-preto/p
2026-08-25,havan,"Nacional (rede em quase todos os estados, sede SC) — não confirmado por CEP",,Eletroeletrônicos,Eletrônicos (geral),Mouse,,"Mouse Sem Fio Ms350 2,4 Ghz Com Usb Multi - Preto",,,29.99,,,sim,https://www.havan.com.br/mouse-sem-fio-ms350-2-4-ghz-com-usb-multi-preto/p
2026-08-25,havan,"Nacional (rede em quase todos os estados, sede SC) — não confirmado por CEP",,Eletroeletrônicos,Eletrônicos (geral),Caixa,,Caixa De Som Acústica Jbl Partybox Stage 320 - Bivolt,,,3999.90,,,sim,https://www.havan.com.br/caixa-de-som-acustica-jbl-partybox-stage-320-bivolt/p
2026-08-25,havan,"Nacional (rede em quase todos os estados, sede SC) — não confirmado por CEP",,Eletroeletrônicos,Eletrônicos (geral),Impressora,,Impressora Hp Multifuncional Smart Tank 584 All-In-One - Bivolt,,,899.90,,,sim,https://www.havan.com.br/impressora-hp-multifuncional-smart-tank-584-all-in-one-bivolt/p
2026-08-25,havan,"Nacional (rede em quase todos os estados, sede SC) — não confirmado por CEP",,Eletroeletrônicos,Eletrônicos (geral),Fone,,Fone de Ouvido Motorola Earbuds 3Cs - Preto,,,49.99,,,sim,https://www.havan.com.br/fone-de-ouvido-motorola-earbuds-3cs-preto/p
2026-08-25,havan,"Nacional (rede em quase todos os estados, sede SC) — não confirmado por CEP",,Eletroeletrônicos,Eletrônicos (geral),Carregador,,Carregador Para Celular De Mesa Wireless Elg - WQ1WH,,,39.99,,,sim,https://www.havan.com.br/carregador-para-celular-de-mesa-wireless-elg-wq1wh/p
2026-08-25,havan,"Nacional (rede em quase todos os estados, sede SC) — não confirmado por CEP",,Eletroeletrônicos,Eletrônicos (geral),Caixa,,Caixa De Som Bluetooth Jbl Xtreme 4 - Preto,,,2199.90,,,sim,https://www.havan.com.br/caixa-de-som-bluetooth-jbl-xtreme-4-preto/p
2026-08-25,havan,"Nacional (rede em quase todos os estados, sede SC) — não confirmado por CEP",,Eletroeletrônicos,Eletrônicos (geral),Headset,,Headset Gamer Logitech G335 - Preto,,,299.90,,,sim,https://www.havan.com.br/headset-gamer-logitech-g335-preto/p
2026-08-25,havan,"Nacional (rede em quase todos os estados, sede SC) — não confirmado por CEP",,Eletroeletrônicos,Eletrônicos (geral),Cabo,,Cabo Usb Tipo-C 1 Metro Motorola - Preto,,,49.99,,,sim,https://www.havan.com.br/cabo-usb-tipo-c-1-metro-motorola-preto/p
2026-08-25,havan,"Nacional (rede em quase todos os estados, sede SC) — não confirmado por CEP",,Eletroeletrônicos,Eletrônicos (geral),Caixa,,Caixa De Som Bluetooth Jbl Go4 Black - Bivolt,,,349.90,,,sim,https://www.havan.com.br/caixa-de-som-bluetooth-jbl-go4-black-bivolt/p
2026-08-25,havan,"Nacional (rede em quase todos os estados, sede SC) — não confirmado por CEP",,Eletroeletrônicos,Eletrônicos (geral),Smart,,Smart Tv 32” Hd Lg Thind Ai 32Lr600bpsa - Bivolt,,,1199.90,,,sim,https://www.havan.com.br/smart-tv-32-hd-lg-thind-ai-32lr600bpsa-bivolt/p
2026-08-25,havan,"Nacional (rede em quase todos os estados, sede SC) — não confirmado por CEP",,Eletroeletrônicos,Eletrônicos (geral),Fone,,Fone De Ouvido Bluetooth Pulse Tws Buds Touch Ph413 - Preto,,,149.90,,,sim,https://www.havan.com.br/fone-de-ouvido-bluetooth-tws-buds-touch-ph413-preto/p
2026-08-25,havan,"Nacional (rede em quase todos os estados, sede SC) — não confirmado por CEP",,Eletroeletrônicos,Eletrônicos (geral),Fone,,Fone de Ouvido Bluetooth Pulse Tws Start Dot 2 Ph428 - Preto,,,99.99,,,sim,https://www.havan.com.br/fone-de-ouvido-bluetooth-pulse-tws-start-dot-2-ph428-preto/p
2026-08-25,havan,"Nacional (rede em quase todos os estados, sede SC) — não confirmado por CEP",,Eletroeletrônicos,Eletrônicos (geral),Smart,,Smart Tv Box Plus Aquário Stv-3000 - Bivolt,,,299.90,,,sim,https://www.havan.com.br/smart-tv-box-plus-aquario-stv-3000-bivolt/p
2026-08-25,havan,"Nacional (rede em quase todos os estados, sede SC) — não confirmado por CEP",,Eletroeletrônicos,Eletrônicos (geral),Relógio,,"Relógio Smartwatch Multi Tela 1,78'' Amoled Proteção Ip67 M2 - Rosa",,,349.90,,,sim,https://www.havan.com.br/relogio-smartwatch-multilaser-tela-1-78-amoled-protecao-ip67-m2-rosa/p
2026-08-25,havan,"Nacional (rede em quase todos os estados, sede SC) — não confirmado por CEP",,Eletroeletrônicos,Eletrônicos (geral),Relógio,,"Relógio Smartwatch Multi Tela 1,78'' Amoled Proteção Ip67 M2 - Preto",,,349.90,,,sim,https://www.havan.com.br/relogio-smartwatch-multilaser-tela-1-78-amoled-protecao-ip67-m2-preto/p
2026-08-25,havan,"Nacional (rede em quase todos os estados, sede SC) — não confirmado por CEP",,Eletroeletrônicos,Eletrônicos (geral),Relógio,,"Relógio Smartwatch Multi Tela 1,83'' Proteção Ip67 L2 - Rosa",,,249.90,,,sim,https://www.havan.com.br/relogio-multilaser-tela-1-83-polegadas-protecao-ip67-l2-rosa/p
2026-08-25,havan,"Nacional (rede em quase todos os estados, sede SC) — não confirmado por CEP",,Eletroeletrônicos,Eletrônicos (geral),Relógio,,"Relógio Smartwatch Multi Tela 1,83'' Proteção Ip67 L2 - Preto",,,249.90,,,sim,https://www.havan.com.br/relogio-multilaser-tela-1-83-polegadas-protecao-ip67-l2-preto/p
2026-08-25,havan,"Nacional (rede em quase todos os estados, sede SC) — não confirmado por CEP",,Eletroeletrônicos,Eletrônicos (geral),Mochila,,Mochila Notebook Samsonite American Tourister Bridge - Preto,,,49.99,,,sim,https://www.havan.com.br/mochila-notebook-samsonite-american-tourister-bridge-preto/p
2026-08-25,havan,"Nacional (rede em quase todos os estados, sede SC) — não confirmado por CEP",,Eletroeletrônicos,Eletrônicos (geral),Mochila,,Mochila Notebook Samsonite Ikonn I - Preto,,,299.90,,,sim,https://www.havan.com.br/mochila-notebook-samsonite-ikonn-i-preto/p
2026-08-25,havan,"Nacional (rede em quase todos os estados, sede SC) — não confirmado por CEP",,Eletroeletrônicos,Eletrônicos (geral),Suporte,,Suporte De Mesa Elg Para Monitor De 17 A 35” Articulado - Preto,,,249.90,,,sim,https://www.havan.com.br/suporte-de-mesa-elg-para-monitor-de-17-a-35-articulado-preto/p
2026-08-25,havan,"Nacional (rede em quase todos os estados, sede SC) — não confirmado por CEP",,Eletroeletrônicos,Eletrônicos (geral),Impressora,,Impressora Hp Multifuncional Deskjet Ink Advantage 2874 - Bivolt,,,599.90,,,sim,https://www.havan.com.br/impressora-hp-multifuncional-deskjet-ink-advantage-2874-bivolt/p
2026-08-25,havan,"Nacional (rede em quase todos os estados, sede SC) — não confirmado por CEP",,Eletroeletrônicos,Eletrônicos (geral),Fone,,Fone De Ouvido Bluetooth Handz Air Pro - Verde,,,129.90,,,sim,https://www.havan.com.br/fone-de-ouvido-bluetooth-handz-air-pro-verde/p
2026-08-25,havan,"Nacional (rede em quase todos os estados, sede SC) — não confirmado por CEP",,Eletroeletrônicos,Eletrônicos (geral),Microfones,,Microfones Jbl Party Box Sem Fio Wireless - Preto,,,899.90,,,sim,https://www.havan.com.br/microfones-jbl-party-box-sem-fio-wireless-preto/p
2026-08-25,havan,"Nacional (rede em quase todos os estados, sede SC) — não confirmado por CEP",,Eletroeletrônicos,Eletrônicos (geral),Tablet,,Tablet 10” Positivo Vision Tab 4G 128Gb T3010 - Preto,,,1799.90,,,sim,https://www.havan.com.br/tablet-10-positivo-vision-tab-4g-128gb-t3010-preto/p
2026-08-25,havan,"Nacional (rede em quase todos os estados, sede SC) — não confirmado por CEP",,Eletroeletrônicos,Eletrônicos (geral),Câmera,,Câmera Webcam Full Hd Brio 100 Logitech - Grafite,,,299.90,,,sim,https://www.havan.com.br/camera-webcam-full-hd-brio-100-logitech-grafite/p
2026-08-25,havan,"Nacional (rede em quase todos os estados, sede SC) — não confirmado por CEP",,Eletroeletrônicos,Eletrônicos (geral),Mouse,,Mouse Logitech Mx Anywhere 3 Sem Fio - Rosa,,,99.90,,,sim,https://www.havan.com.br/mouse-logitech-mx-anywhere-3-sem-fio-rosa/p
2026-08-25,havan,"Nacional (rede em quase todos os estados, sede SC) — não confirmado por CEP",,Eletroeletrônicos,Eletrônicos (geral),Smart,,Smart Tv 43” Uhd 4K Samsung Alexa Built In 43Du7700 - Bivolt,,,1999.90,,,sim,https://www.havan.com.br/smart-tv-43-uhd-4k-samsung-alexa-built-in-43du7700-bivolt/p
2026-08-25,havan,"Nacional (rede em quase todos os estados, sede SC) — não confirmado por CEP",,Eletroeletrônicos,Eletrônicos (geral),Smart,,Smart Box Android Tv Izy Play Full Hd Intelbras - Bivolt,,,339.90,,,sim,https://www.havan.com.br/smart-box-android-tv-izy-play-full-hd-intelbras-bivolt/p
2026-08-25,havan,"Nacional (rede em quase todos os estados, sede SC) — não confirmado por CEP",,Eletroeletrônicos,Eletrônicos (geral),Caixa,,Caixa De Som Acústica Polyvox 2000W Bluetooth Xt2000t - Bivolt,,,1599.90,,,sim,https://www.havan.com.br/caixa-de-som-acustica-polyvox-2000w-bluetooth-xt2000t-bivolt/p
2026-08-25,havan,"Nacional (rede em quase todos os estados, sede SC) — não confirmado por CEP",,Eletroeletrônicos,Eletrônicos (geral),Smart,,"Smart Tv 60"" 4K Uhd Lg Inteligência Artificial Thinq 60Uq8050 - Bivolt",,,2999.90,,,sim,https://www.havan.com.br/smart-tv-60-4k-uhd-lg-inteligencia-artificial-thinq-60uq8050-bivolt/p
2026-08-25,havan,"Nacional (rede em quase todos os estados, sede SC) — não confirmado por CEP",,Eletroeletrônicos,Eletrônicos (geral),Caixa,,Caixa De Som Acústica Polyvox 300W Bluetooth Xc710t - Bivolt,,,499.90,,,sim,https://www.havan.com.br/caixa-de-som-acustica-polyvox-300w-bluetooth-xc710t-bivolt/p
2026-08-25,havan,"Nacional (rede em quase todos os estados, sede SC) — não confirmado por CEP",,Eletroeletrônicos,Eletrônicos (geral),Tablet,,"Tablet 7"" Multi Mickey 64Gb Nb413 - Preto",,,749.90,,,sim,https://www.havan.com.br/tablet-7-multilaser-mickey-64gb-nb413-preto/p
2026-08-25,havan,"Nacional (rede em quase todos os estados, sede SC) — não confirmado por CEP",,Eletroeletrônicos,Eletrônicos (geral),Tablet,,"Tablet 7"" Multilaser Minnie 64Gb Nb414 - Preto",,,749.90,,,sim,https://www.havan.com.br/tablet-7-multilaser-minnie-64gb-nb414-preto/p
2026-08-25,havan,"Nacional (rede em quase todos os estados, sede SC) — não confirmado por CEP",,Eletroeletrônicos,Eletrônicos (geral),Tablet,,"Tablet 7"" Multilaser Patrulha Canina Skye 64Gb Nb422 - Rosa",,,749.90,,,sim,https://www.havan.com.br/tablet-7-multilaser-patrulha-canina-skye-64gb-nb422-rosa/p
2026-08-25,havan,"Nacional (rede em quase todos os estados, sede SC) — não confirmado por CEP",,Eletroeletrônicos,Eletrônicos (geral),Tablet,,"Tablet 7"" Multilaser Patrulha Canina Chase 64Gb Nb421 - Azul",,,749.90,,,sim,https://www.havan.com.br/tablet-7-multilaser-patrulha-canina-chase-64gb-nb421-azul/p
2026-08-25,havan,"Nacional (rede em quase todos os estados, sede SC) — não confirmado por CEP",,Eletroeletrônicos,Eletrônicos (geral),Mochila,,Mochila Notebook Samsonite Ikonn Iii - Preto,,,499.90,,,sim,https://www.havan.com.br/mochila-notebook-samsonite-ikonn-iii-preto/p
2026-08-25,havan,"Nacional (rede em quase todos os estados, sede SC) — não confirmado por CEP",,Eletroeletrônicos,Eletrônicos (geral),Relógio,,"Relógio Galaxy Fit 3 Samsung Tela 1,6 Polegadas Amoled - Grafite",,,299.90,,,sim,https://www.havan.com.br/relogio-galaxy-fit-3-samsung-tela-1-6-polegadas-amoled-grafite/p
2026-08-25,havan,"Nacional (rede em quase todos os estados, sede SC) — não confirmado por CEP",,Eletroeletrônicos,Eletrônicos (geral),Caixa,,Caixa De Som Bluetooth Luna Harman Kardon - Bivolt,,,699.90,,,sim,https://www.havan.com.br/caixa-de-som-bluetooth-luna-harman-kardon-bivolt/p
2026-08-25,havan,"Nacional (rede em quase todos os estados, sede SC) — não confirmado por CEP",,Eletroeletrônicos,Eletrônicos (geral),Caixa,,Caixa De Som Bluetooth Go Play 3 Harman Kardon - Bivolt,,,1799.90,,,sim,https://www.havan.com.br/caixa-de-som-bluetooth-go-play-3-harman-kardon-bivolt/p
2026-08-25,havan,"Nacional (rede em quase todos os estados, sede SC) — não confirmado por CEP",,Eletroeletrônicos,Eletrônicos (geral),Roteador,,Roteador Wifi 6 Dual Band 2.4/5 Ghz Tp Link Archer Ax1500 - Bivolt,,,299.90,,,sim,https://www.havan.com.br/roteador-wifi-6-dual-band-2-4-5-ghz-tp-link-archer-ax1500-bivolt/p
2026-08-25,havan,"Nacional (rede em quase todos os estados, sede SC) — não confirmado por CEP",,Eletroeletrônicos,Eletrônicos (geral),Notebook,,"Notebook Acer Intel Core I5 8Gb Ram 256Gb Tela De 15,6"" W11 Home - Bivolt",,,3999.90,,,sim,https://www.havan.com.br/notebook-acer-intel-core-i5-8gb-ram-256gb-tela-de-15-6-w11-home-bivolt/p
2026-08-25,havan,"Nacional (rede em quase todos os estados, sede SC) — não confirmado por CEP",,Eletroeletrônicos,Eletrônicos (geral),Caixa,,Caixa De Som Bluetooth Philco Extreme Pbs220bt - Bivolt,,,399.90,,,sim,https://www.havan.com.br/caixa-de-som-bluetooth-philco-extreme-pbs220bt-bivolt/p
2026-08-25,havan,"Nacional (rede em quase todos os estados, sede SC) — não confirmado por CEP",,Eletroeletrônicos,Eletrônicos (geral),Caixa,,Caixa de Som Acústica Philco Extreme 350W Bluetooth Pcx4500 - Bivolt,,,499.90,,,sim,https://www.havan.com.br/caixa-de-som-acustica-philco-extreme-300w-bluetooth-pcx4500-bivolt/p
2026-08-25,havan,"Nacional (rede em quase todos os estados, sede SC) — não confirmado por CEP",,Eletroeletrônicos,Eletrônicos (geral),Mochila,,"Mochila para Notebook até 17"" Executiva Italian Travel - Mc251 - Preto",,,129.90,,,sim,https://www.havan.com.br/mochila-para-notebook-executiva-italian-travel-mc251-preto/p
2026-08-25,havan,"Nacional (rede em quase todos os estados, sede SC) — não confirmado por CEP",,Eletroeletrônicos,Eletrônicos (geral),Mouse,,Mouse Multilaser Slim Sem Fio Entrada Usb Mo307 - Preto,,,24.99,,,sim,https://www.havan.com.br/mouse-multilaser-slim-sem-fio-entrada-usb-mo307-preto/p
2026-08-25,havan,"Nacional (rede em quase todos os estados, sede SC) — não confirmado por CEP",,Eletroeletrônicos,Eletrônicos (geral),Mouse,,Mouse Multilaser Classic Com Fio Entrada Usb Mo300 - Preto,,,9.99,,,sim,https://www.havan.com.br/mouse-multilaser-classic-com-fio-entrada-usb-mo300-preto/p
2026-08-25,havan,"Nacional (rede em quase todos os estados, sede SC) — não confirmado por CEP",,Eletroeletrônicos,Eletrônicos (geral),Tablet,,"Tablet Vaio 10,4"" 4G 8Gb Ram 128Gb Android 13 Tl10 - Preto",,,2359.90,,,sim,https://www.havan.com.br/tablet-vaio-10-4-4g-8gb-ram-128gb-android-13-tl10-preto/p
2026-08-25,havan,"Nacional (rede em quase todos os estados, sede SC) — não confirmado por CEP",,Eletroeletrônicos,Eletrônicos (geral),Kit,,Kit Teclado E Mouse Multilaser Sem Fio Entrada Usb Tc212 - Preto,,,29.99,,,sim,https://www.havan.com.br/kit-teclado-e-mouse-multilaser-sem-fio-entrada-usb-tc212-preto/p
2026-08-25,havan,"Nacional (rede em quase todos os estados, sede SC) — não confirmado por CEP",,Eletroeletrônicos,Eletrônicos (geral),Caixa,,Caixa de Som Acústica Lg Xboom Super Graves Rnc5 - Bivolt,,,1299.90,,,sim,https://www.havan.com.br/caixa-de-som-acustica-lg-xboom-super-graves-rnc5-bivolt/p
2026-08-25,havan,"Nacional (rede em quase todos os estados, sede SC) — não confirmado por CEP",,Eletroeletrônicos,Eletrônicos (geral),Notebook,,"Notebook Acer Intel Core I3 8Gb Ram 256Gb Tela De 15,6"" W11 - Bivolt",,,3799.90,,,sim,https://www.havan.com.br/notebook-acer-intel-core-i3-8gb-ram-256gb-tela-de-15-6-w11-bivolt/p
2026-08-25,havan,"Nacional (rede em quase todos os estados, sede SC) — não confirmado por CEP",,Eletroeletrônicos,Eletrônicos (geral),Smart,,"Smart Tv 43"" Fhd Tcl Led Android Tv S5400a - Bivolt",,,2199.90,,,sim,https://www.havan.com.br/smart-tv-43-fhd-tcl-led-android-tv-s5400a-bivolt/p
2026-08-25,havan,"Nacional (rede em quase todos os estados, sede SC) — não confirmado por CEP",,Eletroeletrônicos,Eletrônicos (geral),Smart,,"Smart Tv 32"" Fhd Tcl Led Android Tv S5400af - Bivolt",,,1499.90,,,sim,https://www.havan.com.br/smart-tv-32-fhd-tcl-led-android-tv-s5400af-bivolt/p
2026-08-25,havan,"Nacional (rede em quase todos os estados, sede SC) — não confirmado por CEP",,Eletroeletrônicos,Eletrônicos (geral),Soundbar,,Soundbar Tcl Com Subwoofer Sem Fio Bluetooth S522w - Bivolt,,,799.90,,,sim,https://www.havan.com.br/soundbar-tcl-com-subwoofer-sem-fio-bluetooth-s522w-bivolt/p
2026-08-25,havan,"Nacional (rede em quase todos os estados, sede SC) — não confirmado por CEP",,Eletroeletrônicos,Eletrônicos (geral),Mouse,,Mouse Sem Fio M170 Com Usb Rc/Nano Logitech - Preto,,,69.99,,,sim,https://www.havan.com.br/mouse-sem-fio-m170-com-usb-rcnano-logitech-preto/p
2026-08-25,havan,"Nacional (rede em quase todos os estados, sede SC) — não confirmado por CEP",,Eletroeletrônicos,Eletrônicos (geral),Teclado,,Teclado Com Fio Multilaser Soft Silence Tc144 - Preto,,,19.99,,,sim,https://www.havan.com.br/teclado-com-fio-multilaser-soft-silence-tc144-preto/p
2026-08-25,havan,"Nacional (rede em quase todos os estados, sede SC) — não confirmado por CEP",,Eletroeletrônicos,Eletrônicos (geral),Fone,,Fone De Ouvido Bluetooth T520 Jbl - Preto,,,339.90,,,sim,https://www.havan.com.br/fone-de-ouvido-bluetooth-t520-jbl-preto/p
2026-08-25,havan,"Nacional (rede em quase todos os estados, sede SC) — não confirmado por CEP",,Eletroeletrônicos,Eletrônicos (geral),Antena,,Antena Externa Para Tv Digital Intelbras Hdtv Ae3010 - Diversos,,,99.99,,,sim,https://www.havan.com.br/antena-externa-para-tv-digital-intelbras-hdtv-ae3010-diversos/p
2026-08-25,havan,"Nacional (rede em quase todos os estados, sede SC) — não confirmado por CEP",,Eletroeletrônicos,Eletrônicos (geral),Mochila,,"Mochila para Notebook até 16"" Meghazine Italian Travel - Mc241 - Preta",,,59.99,,,sim,https://www.havan.com.br/mochila-para-notebook-ate-16-meghazine-italian-travel-preta/p
2026-08-25,havan,"Nacional (rede em quase todos os estados, sede SC) — não confirmado por CEP",,Eletroeletrônicos,Eletrônicos (geral),Suporte,,"Suporte De Tv Articulado De 23"" À 55"" Brasforma - SBRP2040",,,149.90,,,sim,https://www.havan.com.br/suporte-de-tv-articulado-de-23-a-55-brasforma-sbrp2040/p
2026-08-25,havan,"Nacional (rede em quase todos os estados, sede SC) — não confirmado por CEP",,Eletroeletrônicos,Eletrônicos (geral),Cartão,,Cartão De Memória Sd Multilaser + Leitor Usb 128Gb - Preto,,,299.90,,,sim,https://www.havan.com.br/cartao-de-memoria-sd-multilaser-leitor-usb-128gb-preto/p
2026-08-25,havan,"Nacional (rede em quase todos os estados, sede SC) — não confirmado por CEP",,Eletroeletrônicos,Eletrônicos (geral),Cartão,,Cartão De Memória Sd Multilaser + Leitor Usb 64Gb - Preto,,,129.90,,,sim,https://www.havan.com.br/cartao-de-memoria-sd-multilaser-leitor-usb-64gb-preto/p
2026-08-25,havan,"Nacional (rede em quase todos os estados, sede SC) — não confirmado por CEP",,Eletroeletrônicos,Eletrônicos (geral),Bateria,,Bateria Externa 10000Mah Power Bank Pulse Cb165 Multilaser - Preto,,,99.99,,,sim,https://www.havan.com.br/bateria-externa-10000mah-power-bank-pulse-cb165-multilaser-preto/p
2026-08-25,havan,"Nacional (rede em quase todos os estados, sede SC) — não confirmado por CEP",,Eletroeletrônicos,Eletrônicos (geral),Caixa,,Caixa De Som Acústica Polyvox 700W Bluetooth Xc715t - Bivolt,,,699.90,,,sim,https://www.havan.com.br/caixa-de-som-acustica-polyvox-700w-bluetooth-xc715t-bivolt/p
2026-08-25,havan,"Nacional (rede em quase todos os estados, sede SC) — não confirmado por CEP",,Eletroeletrônicos,Eletrônicos (geral),Caixa,,Caixa De Som Acústica Polyvox 800W Bluetooth Xt660t - Bivolt,,,899.90,,,sim,https://www.havan.com.br/caixa-de-som-acustica-polyvox-800w-bluetooth-xt660t-bivolt/p
2026-08-25,havan,"Nacional (rede em quase todos os estados, sede SC) — não confirmado por CEP",,Eletroeletrônicos,Eletrônicos (geral),Repetidor,,Repetidor Extensor Wifi 5 Dual Band Twibi Force Plug Intelbras - Bivolt,,,179.90,,,sim,https://www.havan.com.br/repetidor-extensor-wifi-5-dual-band-twibi-force-plug-intelbras-bivolt/p
2026-08-25,havan,"Nacional (rede em quase todos os estados, sede SC) — não confirmado por CEP",,Eletroeletrônicos,Eletrônicos (geral),Receptor,,Receptor Digital De Tv Via Satélite Com Antena Sat 800 Intelbras - Preto,,,399.90,,,sim,https://www.havan.com.br/receptor-digital-de-tv-via-satelite-com-antena-sat-800-intelbras-preto/p
2026-08-25,havan,"Nacional (rede em quase todos os estados, sede SC) — não confirmado por CEP",,Eletroeletrônicos,Eletrônicos (geral),Fone,,Fone De Ouvido Bluetooth Händz Air - FB-03,,,99.90,,,sim,https://www.havan.com.br/fone-de-ouvido-bluetooth-handz-air-fb-03/p
2026-08-25,havan,"Nacional (rede em quase todos os estados, sede SC) — não confirmado por CEP",,Eletroeletrônicos,Eletrônicos (geral),Cadeira,,Cadeira Gamer X-Rocker Dazz Até 140Kg - 62000151,,,999.90,,,sim,https://www.havan.com.br/cadeira-gamer-x-rocker-dazz-62000151/p
2026-08-25,havan,"Nacional (rede em quase todos os estados, sede SC) — não confirmado por CEP",,Eletroeletrônicos,Eletrônicos (geral),Antena,,Antena Interna De Tv Uhf/Hdtv Ai 1015 Intelbras - Preto,,,29.99,,,sim,https://www.havan.com.br/antena-interna-de-tv-uhf-hdtv-ai-1015-intelbras-preto/p
2026-08-25,havan,"Nacional (rede em quase todos os estados, sede SC) — não confirmado por CEP",,Eletroeletrônicos,Eletrônicos (geral),Carregador,,Carregador Por Indução 15W Wireless Pulse - CB159,,,49.99,,,sim,https://www.havan.com.br/carregador-por-inducao-15w-wireless-pulse-cb159/p
2026-08-25,havan,"Nacional (rede em quase todos os estados, sede SC) — não confirmado por CEP",,Eletroeletrônicos,Eletrônicos (geral),Antena,,Antena Digital Interna Tipo Y Aquários - Preto,,,19.99,,,sim,https://www.havan.com.br/antena-digital-interna-tipo-y-aquarios-preto/p
2026-08-25,havan,"Nacional (rede em quase todos os estados, sede SC) — não confirmado por CEP",,Eletroeletrônicos,Eletrônicos (geral),Mochila,,Mochila Para Notebook Sp 5480 Spector Nytron - Preto,,,79.99,,,sim,https://www.havan.com.br/mochila-para-notebook-sp-5480-spector-nytron-preto/p
2026-08-25,havan,"Nacional (rede em quase todos os estados, sede SC) — não confirmado por CEP",,Eletroeletrônicos,Eletrônicos (geral),Mochila,,Mochila Para Notebook Oz0026 Ozil Nytron - Preto,,,129.90,,,sim,https://www.havan.com.br/mochila-para-notebook-ozil-nytron-preto/p
2026-08-25,havan,"Nacional (rede em quase todos os estados, sede SC) — não confirmado por CEP",,Eletroeletrônicos,Eletrônicos (geral),Kit,,Kit Teclado E Mouse Multilaser Com Fio Tc240 - Preto,,,59.99,,,sim,https://www.havan.com.br/kit-teclado-e-mouse-multilaser-com-fio-tc240-preto/p
2026-08-25,havan,"Nacional (rede em quase todos os estados, sede SC) — não confirmado por CEP",,Eletroeletrônicos,Eletrônicos (geral),Kit,,Kit Teclado E Mouse Sem Fio Usb Tc270 Multilaser - Preto,,,79.99,,,sim,https://www.havan.com.br/kit-teclado-e-mouse-sei-fio-usb-tc270-multilaser-preto/p
2026-08-25,havan,"Nacional (rede em quase todos os estados, sede SC) — não confirmado por CEP",,Eletroeletrônicos,Eletrônicos (geral),Pen,,Pen Drive Multilaser Twist 32Gb Pd589 - Preto,,,49.99,,,sim,https://www.havan.com.br/pen-drive-multilaser-twist-32gb-pd589-preto/p
2026-08-25,havan,"Nacional (rede em quase todos os estados, sede SC) — não confirmado por CEP",,Eletroeletrônicos,Eletrônicos (geral),Pen,,Pen Drive Twist 64Gb Pd590 Multilaser - Preto,,,69.99,,,sim,https://www.havan.com.br/pen-drive-multilaser-twist-64gb-pd590-372581-preto/p
2026-08-25,havan,"Nacional (rede em quase todos os estados, sede SC) — não confirmado por CEP",,Eletroeletrônicos,Eletrônicos (geral),Pen,,Pen Drive Twist 128Gb Multilaser - Preto,,,119.90,,,sim,https://www.havan.com.br/pen-drive-twist-128gb-multilaser-preto/p
2026-08-25,havan,"Nacional (rede em quase todos os estados, sede SC) — não confirmado por CEP",,Eletroeletrônicos,Eletrônicos (geral),Smart,,Smart Tv 32'' Hd Lg Wifi Bluetooth Hdr 32Lq620bpsb - Bivolt,,,1299.90,,,sim,https://www.havan.com.br/smart-tv-32-hd-lg-com-inteligencia-artificial-thinq-32lq620-bivolt/p
2026-08-25,havan,"Nacional (rede em quase todos os estados, sede SC) — não confirmado por CEP",,Eletroeletrônicos,Eletrônicos (geral),Impressora,,Impressora Multifuncional Canon Mega Tank G3110 Wi-Fi - Bivolt,,,1199.90,,,sim,https://www.havan.com.br/impressora-multifuncional-canon-mega-tank-g3110-wi-fi-bivolt/p
2026-08-25,havan,"Nacional (rede em quase todos os estados, sede SC) — não confirmado por CEP",,Eletroeletrônicos,Eletrônicos (geral),Caixa,,Caixa De Som Jbl Filp 6 À Prova D’Água Bluetooth - Preto,,,299.90,,,sim,https://www.havan.com.br/caixa-de-som-jbl-filp-6-a-prova-d-agua-bluetooth-preto/p
2026-08-25,havan,"Nacional (rede em quase todos os estados, sede SC) — não confirmado por CEP",,Eletroeletrônicos,Eletrônicos (geral),Conversor,,Conversor Digital Aquário Dtv-9000 Preto - Bivolt,,,119.90,,,sim,https://www.havan.com.br/conversor-digital-aquario-dtv-9000-preto-bivolt/p
2026-08-25,havan,"Nacional (rede em quase todos os estados, sede SC) — não confirmado por CEP",,Eletroeletrônicos,Eletrônicos (geral),Cabo,,Cabo Usb Tipo-C Reversível Elg Para Recarga Sincronização 1M Tc2tc - Branco,,,29.99,,,sim,https://www.havan.com.br/cabo-usb-tipo-c-reversivel-elg-para-recarga-sincronizacao-1m-tc2tc-diversos/p
2026-08-25,havan,"Nacional (rede em quase todos os estados, sede SC) — não confirmado por CEP",,Eletroeletrônicos,Eletrônicos (geral),Cabo,,Cabo Usb Tipo-C Reversível Elg Para Recarga Sincronização 2M Tc2tc2m - Branco,,,39.99,,,sim,https://www.havan.com.br/cabo-usb-tipo-c-reversivel-elg-para-recarga-sincronizacao-2m-tc2tc2m-diversos/p
2026-08-25,havan,"Nacional (rede em quase todos os estados, sede SC) — não confirmado por CEP",,Eletroeletrônicos,Eletrônicos (geral),Carregador,,Carregador De Parede Elg 3A Power Delivery Tipo C 20W Wcpd - Bivolt,,,59.99,,,sim,https://www.havan.com.br/carregador-de-parede-elg-3a-power-delivery-tipo-c-20w-wcpd-diversos/p
2026-08-25,havan,"Nacional (rede em quase todos os estados, sede SC) — não confirmado por CEP",,Eletroeletrônicos,Eletrônicos (geral),Leitor,,Leitor Usb Tipo Pen Drive Com Cartão 32Gb Multilaser Mc163 - Preto,,,89.99,,,sim,https://www.havan.com.br/leitor-usb-tipo-pen-drive-com-cartao-32gb-multilaser-mc163-preto/p
2026-08-25,havan,"Nacional (rede em quase todos os estados, sede SC) — não confirmado por CEP",,Eletroeletrônicos,Eletrônicos (geral),Controle,,Controle Sem Fio Dualsense Playstation 5 Sony - Branco,,,499.90,,,sim,https://www.havan.com.br/controle-sem-fio-dualsense-playstation-5-sony-branco/p
2026-08-25,havan,"Nacional (rede em quase todos os estados, sede SC) — não confirmado por CEP",,Eletroeletrônicos,Eletrônicos (geral),Speaker,,Speaker Philco Pbs40bt2 Wireless - Bivolt,,,249.90,,,sim,https://www.havan.com.br/speaker-philco-pbs40bt2-wireless-diversos/p
2026-08-25,havan,"Nacional (rede em quase todos os estados, sede SC) — não confirmado por CEP",,Eletroeletrônicos,Eletrônicos (geral),Impressora,,Impressora Multifuncional Epson Ecotank L3250 - Bivolt,,,1199.90,,,sim,https://www.havan.com.br/multifuncional-epson-ecotank-l3250-bivolt/p
2026-08-25,havan,"Nacional (rede em quase todos os estados, sede SC) — não confirmado por CEP",,Eletroeletrônicos,Eletrônicos (geral),Mouse,,Mouse Gamer Philco 6 Botões - PMS31,,,19.99,,,sim,https://www.havan.com.br/mouse-gamer-philco-6-botoes-pms31/p
2026-08-25,havan,"Nacional (rede em quase todos os estados, sede SC) — não confirmado por CEP",,Eletroeletrônicos,Eletrônicos (geral),Carregador,,Carregador De Parede Universal Quick Charge Elg - WC2S-PDQC,,,89.99,,,sim,https://www.havan.com.br/carregador-de-parede-universal-quick-charge-elg-wc2s-pdqc/p
2026-08-25,havan,"Nacional (rede em quase todos os estados, sede SC) — não confirmado por CEP",,Eletroeletrônicos,Eletrônicos (geral),Cadeira,,Cadeira Gamer Xtreme Maximum Conthey - Preto,,,699.90,,,sim,https://www.havan.com.br/cadeira-gamer-xtreme-maximum-conthey-preto/p
2026-08-25,havan,"Nacional (rede em quase todos os estados, sede SC) — não confirmado por CEP",,Eletroeletrônicos,Eletrônicos (geral),Mouse,,Mouse Sem Fio Multilaser Mo277 - Preto,,,69.99,,,sim,https://www.havan.com.br/mouse-sem-fio-multilaser-mo277-preto/p
2026-08-25,havan,"Nacional (rede em quase todos os estados, sede SC) — não confirmado por CEP",,Eletroeletrônicos,Eletrônicos (geral),Carregador,,Carregador De Parede Universal Elg W124c - Branco,,,49.99,,,sim,https://www.havan.com.br/carregador-de-parede-universal-elg-w124c-branco/p
2026-08-25,havan,"Nacional (rede em quase todos os estados, sede SC) — não confirmado por CEP",,Eletroeletrônicos,Eletrônicos (geral),Cadeira,,Cadeira Gamer Xtreme Maximum Conthey - Vermelho,,,699.90,,,sim,https://www.havan.com.br/cadeira-gamer-xtreme-maximum-conthey-vermelho/p
2026-08-25,havan,"Nacional (rede em quase todos os estados, sede SC) — não confirmado por CEP",,Eletroeletrônicos,Eletrônicos (geral),Cadeira,,Cadeira Gamer Xtreme Maximum Conthey - Azul,,,699.90,,,sim,https://www.havan.com.br/cadeira-gamer-xtreme-maximum-conthey-azul/p
2026-08-25,havan,"Nacional (rede em quase todos os estados, sede SC) — não confirmado por CEP",,Eletroeletrônicos,Eletrônicos (geral),Cabo,,Cabo Lightning USB Tipo-C 2 Metros ELG TCL20 - Branco,,,39.99,,,sim,https://www.havan.com.br/cabo-lightning-usb-tipo-c-2-metros-elg-tcl20-branco/p
2026-08-25,havan,"Nacional (rede em quase todos os estados, sede SC) — não confirmado por CEP",,Eletroeletrônicos,Eletrônicos (geral),Cabo,,Cabo Lightning Usb Tipo-C 1 Metro Elg - Branco,,,29.99,,,sim,https://www.havan.com.br/cabo-lightning-usb-tipo-c-1-metro-elg-branco/p
2026-08-25,havan,"Nacional (rede em quase todos os estados, sede SC) — não confirmado por CEP",,Eletroeletrônicos,Eletrônicos (geral),Mouse,,Mouse Sem Fio Logitech M190 - Cinza,,,69.99,,,sim,https://www.havan.com.br/mouse-sem-fio-logitech-m190-cinza/p
2026-08-25,havan,"Nacional (rede em quase todos os estados, sede SC) — não confirmado por CEP",,Eletroeletrônicos,Eletrônicos (geral),Mouse,,Mouse Gamer Lightsync G203 8.000 Dpi Logitech - Preto,,,99.99,,,sim,https://www.havan.com.br/mouse-gamer-lightsync-g203-8-000-dpi-logitech-preto/p
2026-08-25,havan,"Nacional (rede em quase todos os estados, sede SC) — não confirmado por CEP",,Eletroeletrônicos,Eletrônicos (geral),Teclado,,Teclado Gamer Logitech Abnt2 Iluminação Rgb G213 - Preto,,,299.90,,,sim,https://www.havan.com.br/teclado-gamer-logitech-abnt2-iluminacao-rgb-g213-preto/p
2026-08-25,havan,"Nacional (rede em quase todos os estados, sede SC) — não confirmado por CEP",,Eletroeletrônicos,Eletrônicos (geral),Teclado,,Teclado Gamer Flakes Power Battle Elg Flkt001 - Preto,,,49.99,,,sim,https://www.havan.com.br/teclado-gamer-flakes-power-battle-elg-flkt001-preto/p
2026-08-25,havan,"Nacional (rede em quase todos os estados, sede SC) — não confirmado por CEP",,Eletroeletrônicos,Eletrônicos (geral),Mouse,,Mouse Gamer Flakes Power Stream Elg Flkm002 - Preto,,,9.99,,,sim,https://www.havan.com.br/mouse-gamer-flakes-power-stream-elg-flkm002-preto/p
2026-08-25,havan,"Nacional (rede em quase todos os estados, sede SC) — não confirmado por CEP",,Eletroeletrônicos,Eletrônicos (geral),Mouse,,Mouse Gamer Flakes Power Epic Elg Flkm001 - Preto,,,49.99,,,sim,https://www.havan.com.br/mouse-gamer-flakes-power-epic-elg-flkm001-preto/p
2026-08-25,havan,"Nacional (rede em quase todos os estados, sede SC) — não confirmado por CEP",,Eletroeletrônicos,Eletrônicos (geral),Mouse,,Mouse Gamer Dragon War 2400Dpi Elg - Preto,,,39.99,,,sim,https://www.havan.com.br/mouse-gamer-dragon-war-2400dpi-elg-preto/p
2026-08-25,havan,"Nacional (rede em quase todos os estados, sede SC) — não confirmado por CEP",,Eletroeletrônicos,Eletrônicos (geral),Adaptador,,Adaptador de Áudio para Headset P2/P3 ELG - Preto,,,14.99,,,sim,https://www.havan.com.br/adaptador-de-audio-para-headset-p2-p3-elg-preto/p
2026-08-25,havan,"Nacional (rede em quase todos os estados, sede SC) — não confirmado por CEP",,Eletroeletrônicos,Eletrônicos (geral),Fone,,Fone De Ouvido Wave Pfo02 Philco - Preto,,,79.99,,,sim,https://www.havan.com.br/fone-de-ouvido-wave-pfo02-philco-preto/p
2026-08-25,havan,"Nacional (rede em quase todos os estados, sede SC) — não confirmado por CEP",,Eletroeletrônicos,Eletrônicos (geral),Mouse,,Mouse Multilaser Com Fio Entrada Usb Mo255 - Preto,,,19.99,,,sim,https://www.havan.com.br/mouse-multilaser-com-fio-entrada-usb-mo255-preto/p
2026-08-25,havan,"Nacional (rede em quase todos os estados, sede SC) — não confirmado por CEP",,Eletroeletrônicos,Eletrônicos (geral),Antena,,Antena Interna Amplificada Ai 3101 Intelbras - Preto,,,99.99,,,sim,https://www.havan.com.br/antena-interna-amplificada-ai3101-intelbras-preto/p
2026-08-25,havan,"Nacional (rede em quase todos os estados, sede SC) — não confirmado por CEP",,Eletroeletrônicos,Eletrônicos (geral),Mouse,,Mouse Gamer Logitech G403 Rgb Lightsync - Preto,,,289.90,,,sim,https://www.havan.com.br/mouse-gamer-logitech-g403-rgb-lightsync-preto/p
2026-08-25,havan,"Nacional (rede em quase todos os estados, sede SC) — não confirmado por CEP",,Eletroeletrônicos,Eletrônicos (geral),Mouse,,Mouse Gamer G502 Hero Rgb Lightsync Logitech - Preto,,,399.90,,,sim,https://www.havan.com.br/mouse-gamer-g502-hero-rgb-lightsync-logitech-preto/p
2026-08-25,havan,"Nacional (rede em quase todos os estados, sede SC) — não confirmado por CEP",,Eletroeletrônicos,Eletrônicos (geral),Suporte,,"Suporte De Tv De Até 55"" Articulado Sbrp1030 Brasforma - Preto",,,79.99,,,sim,https://www.havan.com.br/suporte-de-tv-de-ate-55-articulado-sbrp1030-brasforma-diversos/p
2026-08-25,havan,"Nacional (rede em quase todos os estados, sede SC) — não confirmado por CEP",,Eletroeletrônicos,Eletrônicos (geral),Pen,,Pen Drive Com Capacidade De 16Gb Twist-2 Da Multilaser Pd588 - DIVERSOS,,,39.99,,,sim,https://www.havan.com.br/pen-drive-com-capacidade-de-16gb-twist-2-da-multilaser-pd588-diversos/p
2026-08-25,havan,"Nacional (rede em quase todos os estados, sede SC) — não confirmado por CEP",,Eletroeletrônicos,Eletrônicos (geral),Suporte,,"Suporte De Tv Fixo Universal Até 85"" Brasforma Sbrub759 - Preto",,,29.99,,,sim,https://www.havan.com.br/suporte-fixo-universal-ate-71-brasforma-sbrub759-preto/p
2026-08-25,havan,"Nacional (rede em quase todos os estados, sede SC) — não confirmado por CEP",,Eletroeletrônicos,Eletrônicos (geral),Cabo,,Cabo Flat USB Tipo-C 2 Metros ELMC20WH ELG - Branco,,,39.99,,,sim,https://www.havan.com.br/cabo-flat-usb-tipo-c-2-metros-elmc20wh-elg-branco/p
2026-08-25,havan,"Nacional (rede em quase todos os estados, sede SC) — não confirmado por CEP",,Eletroeletrônicos,Eletrônicos (geral),Fone,,Fone De Ouvido Multilaser Ph002 Com Microfone - Preto,,,29.99,,,sim,https://www.havan.com.br/fone-de-ouvido-multilaser-ph002-com-microfone-preto/p
2026-08-25,havan,"Nacional (rede em quase todos os estados, sede SC) — não confirmado por CEP",,Eletroeletrônicos,Eletrônicos (geral),Antena,,Antena Externa para TV Digital Aquário DTV 3000 - DIVERSOS,,,129.90,,,sim,https://www.havan.com.br/antena-externa-para-tv-digital-aquario-dtv-3000-diversos/p
2026-08-25,havan,"Nacional (rede em quase todos os estados, sede SC) — não confirmado por CEP",,Eletroeletrônicos,Eletrônicos (geral),Mousepad,,Mousepad Gamer Logitech G240 - Preto,,,59.99,,,sim,https://www.havan.com.br/mousepad-gamer-logitech-g240-diversos/p
2026-08-25,havan,"Nacional (rede em quase todos os estados, sede SC) — não confirmado por CEP",,Eletroeletrônicos,Eletrônicos (geral),Carregador,,Carregador de Parede ELG WC124A com 2 Saídas USB - Branco,,,19.99,,,sim,https://www.havan.com.br/carregador-de-parede-elg-wc124a-com-2-saidas-usb-branco/p
2026-08-25,havan,"Nacional (rede em quase todos os estados, sede SC) — não confirmado por CEP",,Eletroeletrônicos,Eletrônicos (geral),Controle,,Controle Sem Fio Dualshock Playstation 4 Sony - Preto,,,369.90,,,sim,https://www.havan.com.br/controle-sem-fio-dualshock-playstation-4-sony-preto/p
2026-08-25,havan,"Nacional (rede em quase todos os estados, sede SC) — não confirmado por CEP",,Eletroeletrônicos,Eletrônicos (geral),Cabo,,Cabo Lightning Microusb 2 Metros L820 Elg - Branco,,,39.99,,,sim,https://www.havan.com.br/cabo-lightning-microusb-2-metros-l820-elg-branco/p
2026-08-25,havan,"Nacional (rede em quase todos os estados, sede SC) — não confirmado por CEP",,Eletroeletrônicos,Eletrônicos (geral),Cabo,,Cabo USB Tipo-C 1 Metro ELMC10 ELG - Branco,,,29.99,,,sim,https://www.havan.com.br/cabo-usb-tipo-c-1m-elg-branco/p
2026-08-25,havan,"Nacional (rede em quase todos os estados, sede SC) — não confirmado por CEP",,Eletroeletrônicos,Eletrônicos (geral),Cabo,,Cabo Micro Usb Nylon Trançado Elg 1 Metro M510 - Prata,,,9.99,,,sim,https://www.havan.com.br/cabo-micro-usb-nylon-trancado-elg-1-metro-m510-prata/p
2026-08-25,havan,"Nacional (rede em quase todos os estados, sede SC) — não confirmado por CEP",,Eletroeletrônicos,Eletrônicos (geral),Suporte,,"Suporte Universal para TV 14"" a 84"" UNI100 Preto ELG - DIVERSOS",,,49.99,,,sim,https://www.havan.com.br/suporte-universal-para-tv-14-a-84-uni100-preto-elg-diversos/p
2026-08-25,havan,"Nacional (rede em quase todos os estados, sede SC) — não confirmado por CEP",,Eletroeletrônicos,Eletrônicos (geral),Mouse,,Mouse Óptico M100 Com Fio Ambidestro Preto Logitech - DIVERSOS,,,49.99,,,sim,https://www.havan.com.br/mouse-optico-m100-com-fio-ambidestro-preto-logitech-diversos/p
2026-08-25,havan,"Nacional (rede em quase todos os estados, sede SC) — não confirmado por CEP",,Eletroeletrônicos,Eletrônicos (geral),Antena,,"Antena Digital Dtv-100 Aquario Cabo 2,5M Hdtv Preto - Preto",,,39.99,,,sim,https://www.havan.com.br/antena-digital-dtv-100-aquario-cabo-2-5m-hdtv-preto-preto/p
2026-08-25,havan,"Nacional (rede em quase todos os estados, sede SC) — não confirmado por CEP",,Eletroeletrônicos,Eletrônicos (geral),Kit,,Kit Teclado E Mouse Logitech Sem Fio Mk235 - Preto,,,149.90,,,sim,https://www.havan.com.br/kit-teclado-e-mouse-logitech-sem-fio-mk235-preto/p
2026-08-25,havan,"Nacional (rede em quase todos os estados, sede SC) — não confirmado por CEP",,Eletroeletrônicos,Eletrônicos (geral),Suporte,,"Suporte Para Tv Articulado De 23 A 75"" Brasforma Sbrp145 - Preto",,,199.90,,,sim,https://www.havan.com.br/suporte-para-tv-articulado-de-23-a-75-brasforma-sbrp145-preto/p
2026-08-25,havan,"Nacional (rede em quase todos os estados, sede SC) — não confirmado por CEP",,Eletroeletrônicos,Eletrônicos (geral),Mini,,Mini Mouse Wireless Logitech M185 - Cinza,,,69.99,,,sim,https://www.havan.com.br/mini-mouse-wireless-logitech-m185-cinza/p
2026-08-25,havan,"Nacional (rede em quase todos os estados, sede SC) — não confirmado por CEP",,Eletroeletrônicos,Eletrônicos (geral),Carregador,,Carregador para Celular Veicular com 1 Porta USB ELG CC1S - DIVERSOS,,,19.99,,,sim,https://www.havan.com.br/carregador-para-celular-veicular-com-1-porta-usb-elg-cc1s-diversos/p
2026-08-25,havan,"Nacional (rede em quase todos os estados, sede SC) — não confirmado por CEP",,Eletroeletrônicos,Eletrônicos (geral),Carregador,,Carregador Universal com uma Porta USB ELG WC1A - DIVERSOS,,,29.99,,,sim,https://www.havan.com.br/carregador-universal-com-uma-porta-usb-elg-wc1a-diversos/p
2026-08-25,havan,"Nacional (rede em quase todos os estados, sede SC) — não confirmado por CEP",,Eletroeletrônicos,Eletrônicos (geral),Teclado,,Teclado K120 Com Fio e Teclado Numérico Preto Logitech - Preto,,,79.99,,,sim,https://www.havan.com.br/teclado-k120-com-fio-e-teclado-numerico-preto-logitech-preto/p
2026-08-25,havan,"Nacional (rede em quase todos os estados, sede SC) — não confirmado por CEP",,Papelaria e Escritório,Livros,Livro,,Livro Meu Diário Mágico com Caneta Princesas Culturama - 020200202,,,24.99,,,sim,https://www.havan.com.br/livro-meu-diario-magico-com-caneta-princesas-culturama-020200202/p
2026-08-25,havan,"Nacional (rede em quase todos os estados, sede SC) — não confirmado por CEP",,Papelaria e Escritório,Livros,Livro,,Livro Arte e Cor Disney Carros Volume 1 Culturama,,,19.99,,,sim,https://www.havan.com.br/livro-arte-e-cor-disney-carros-volume-1-culturama-diversos/p
2026-08-25,havan,"Nacional (rede em quase todos os estados, sede SC) — não confirmado por CEP",,Papelaria e Escritório,Livros,Livro,,Livro 500 Adesivos Frozen 2 Volume 1 Culturama,,,19.99,,,sim,https://www.havan.com.br/livro-500-adesivos-frozen-2-volume-1-culturama-diversos/p
2026-08-25,havan,"Nacional (rede em quase todos os estados, sede SC) — não confirmado por CEP",,Papelaria e Escritório,Livros,Livro,,Livro 500 Adesivos Marvel Volume 1 Culturama,,,19.99,,,sim,https://www.havan.com.br/livro-500-adesivos-marvel-volume-1-culturama-diversos/p
2026-08-25,havan,"Nacional (rede em quase todos os estados, sede SC) — não confirmado por CEP",,Papelaria e Escritório,Livros,Livro,,Livro Maleta Colorindo para Lá e para Cá Homem-Aranha Culturama,,,24.99,,,sim,https://www.havan.com.br/livro-maleta-homem-aranha-com-lapis-diversos/p
2026-08-25,havan,"Nacional (rede em quase todos os estados, sede SC) — não confirmado por CEP",,Papelaria e Escritório,Livros,Livro,,Livro Como Desenvolver a Autoconfiança,,,19.99,,,sim,https://www.havan.com.br/livro-como-desenvolver-a-autoconfianca-diversos/p
2026-08-25,havan,"Nacional (rede em quase todos os estados, sede SC) — não confirmado por CEP",,Papelaria e Escritório,Livros,Livro,,Livro Como Despertar o Líder Que Há em Você,,,19.99,,,sim,https://www.havan.com.br/livro-como-despertar-o-lider-que-ha-em-voce-diversos/p
2026-08-25,havan,"Nacional (rede em quase todos os estados, sede SC) — não confirmado por CEP",,Papelaria e Escritório,Livros,Livro,,Livro Como Falar Bem em Público,,,19.99,,,sim,https://www.havan.com.br/livro-como-falar-bem-em-publico-diversos/p
2026-08-25,havan,"Nacional (rede em quase todos os estados, sede SC) — não confirmado por CEP",,Papelaria e Escritório,Livros,Livro,,Livro Como Fazer Amigos e Influenciar Pessoas,,,19.99,,,sim,https://www.havan.com.br/livro-como-fazer-amigos-e-influenciar-pessoas-diversos/p
2026-08-25,havan,"Nacional (rede em quase todos os estados, sede SC) — não confirmado por CEP",,Papelaria e Escritório,Livros,Livro,,Livro Maleta Colorindo para Lá e para Cá Princesas Culturama,,,24.99,,,sim,https://www.havan.com.br/livro-maleta-princesas-com-lapis-diversos/p
2026-08-25,havan,"Nacional (rede em quase todos os estados, sede SC) — não confirmado por CEP",,Papelaria e Escritório,Livros,Livro,,Livro Maleta Colorindo para Lá e para Cá Galinha Pintadinha Culturama,,,24.99,,,sim,https://www.havan.com.br/livro-maleta-galinha-pintadinha-com-lapis-diversos/p
2026-08-25,havan,"Nacional (rede em quase todos os estados, sede SC) — não confirmado por CEP",,Papelaria e Escritório,Livros,Livro,,Livro Meu Diário Mágico com Caneta Frozen Culturama,,,29.99,,,sim,https://www.havan.com.br/livro-meu-diario-magico-com-caneta-frozen-diversos/p
2026-08-25,havan,"Nacional (rede em quase todos os estados, sede SC) — não confirmado por CEP",,Papelaria e Escritório,Livros,Livro,,Livro Arte e Cor Frozen Culturama,,,19.99,,,sim,https://www.havan.com.br/livro-arte-e-cor-frozen-diversos/p
2026-08-25,havan,"Nacional (rede em quase todos os estados, sede SC) — não confirmado por CEP",,Papelaria e Escritório,Livros,Livro,,Livro para Ler e Colorir com Disco Disney Culturama,,,29.99,,,sim,https://www.havan.com.br/livro-para-ler-e-colorir-com-disco-disney-culturama-diversos/p
2026-08-25,havan,"Nacional (rede em quase todos os estados, sede SC) — não confirmado por CEP",,Papelaria e Escritório,Livros,Livro,,Livro Arte e Cor Toy Story 5 Culturama,,,19.99,,,sim,https://www.havan.com.br/livro-arte-e-cor-toy-story-5-culturama-diversos/p
2026-08-25,havan,"Nacional (rede em quase todos os estados, sede SC) — não confirmado por CEP",,Papelaria e Escritório,Livros,Livro,,Livro para Ler e Colorir com Disco Disney Princesas Culturama,,,29.99,,,sim,https://www.havan.com.br/livro-para-ler-e-colorir-com-disco-disney-princesas-culturama-diversos/p
2026-08-25,havan,"Nacional (rede em quase todos os estados, sede SC) — não confirmado por CEP",,Papelaria e Escritório,Livros,Livro,,Livro com Disco para Ler e Colorir Marvel Culturama,,,29.99,,,sim,https://www.havan.com.br/livro-com-disco-para-ler-e-colorir-marvel-culturama-diversos/p
2026-08-25,havan,"Nacional (rede em quase todos os estados, sede SC) — não confirmado por CEP",,Papelaria e Escritório,Livros,Livro,,Livro com Disco para Ler e Colorir Turma da Mônica Culturama,,,29.99,,,sim,https://www.havan.com.br/livro-com-disco-para-ler-e-colorir-turma-da-monica-culturama-diversos/p
2026-08-25,havan,"Nacional (rede em quase todos os estados, sede SC) — não confirmado por CEP",,Papelaria e Escritório,Livros,Livro,,Livro 500 Adesivos Toy Story Culturama,,,19.99,,,sim,https://www.havan.com.br/livro-500-adesivos-toy-story-culturama-diversos/p
2026-08-25,havan,"Nacional (rede em quase todos os estados, sede SC) — não confirmado por CEP",,Papelaria e Escritório,Livros,Livro,,Livro Ler e Pintar Homem-Aranha Volume 1 Culturama,,,19.99,,,sim,https://www.havan.com.br/livro-ler-e-pintar-homem-aranha-v1-diversos/p
2026-08-25,havan,"Nacional (rede em quase todos os estados, sede SC) — não confirmado por CEP",,Papelaria e Escritório,Livros,Livro,,Livro para Ler e Pintar Homem-Aranha Volume 2 Culturama,,,19.99,,,sim,https://www.havan.com.br/livro-ler-e-pintar-homem-aranha-v2-diversos/p
2026-08-25,havan,"Nacional (rede em quase todos os estados, sede SC) — não confirmado por CEP",,Papelaria e Escritório,Livros,Livro,,Livro Aventura e Diversão Homem-Aranha Culturama,,,19.99,,,sim,https://www.havan.com.br/livro-aventura-e-diversao-homem-aranha-diversos/p
2026-08-25,havan,"Nacional (rede em quase todos os estados, sede SC) — não confirmado por CEP",,Papelaria e Escritório,Livros,Livro,,Livro para Ler e Pintar Toy Story Volume 1 Culturama,,,19.99,,,sim,https://www.havan.com.br/livro-ler-e-pintar-toy-story-v1-diversos/p
2026-08-25,havan,"Nacional (rede em quase todos os estados, sede SC) — não confirmado por CEP",,Papelaria e Escritório,Livros,Livro,,Livro para Ler e Pintar Toy Story Volume 2 Culturama,,,19.99,,,sim,https://www.havan.com.br/livro-ler-e-pintar-toy-story-v2-diversos/p
2026-08-25,havan,"Nacional (rede em quase todos os estados, sede SC) — não confirmado por CEP",,Papelaria e Escritório,Livros,Livro,,Livro Adesivos e Atividades com Máscara Toy Story Culturama,,,19.99,,,sim,https://www.havan.com.br/livro-mascara-adesivos-e-ativid-toy-story-diversos/p
2026-08-25,havan,"Nacional (rede em quase todos os estados, sede SC) — não confirmado por CEP",,Papelaria e Escritório,Livros,Livro,,Livro Aventura e Diversão Toy Story Culturama,,,19.99,,,sim,https://www.havan.com.br/livro-aventura-e-diversao-toy-story-diversos/p
2026-08-25,havan,"Nacional (rede em quase todos os estados, sede SC) — não confirmado por CEP",,Papelaria e Escritório,Livros,Livro,,Livro de Atividades Diversão em Jogo Disney Culturama,,,12.99,,,sim,https://www.havan.com.br/livro-de-atividades-disney-diversao-em-jogo-diversos/p
2026-08-25,havan,"Nacional (rede em quase todos os estados, sede SC) — não confirmado por CEP",,Papelaria e Escritório,Livros,Livro,,Livro de Atividades Disney em Campo Culturama,,,19.99,,,sim,https://www.havan.com.br/livro-de-atividades-disney-em-campo-diversos/p
2026-08-25,havan,"Nacional (rede em quase todos os estados, sede SC) — não confirmado por CEP",,Papelaria e Escritório,Livros,Livrinho,,Livrinho de Banho para Bebê Buba - BUBA ZOO,,,19.99,,,sim,https://www.havan.com.br/livro-de-banho-para-bebe-buba-buba-zoo/p
2026-08-25,havan,"Nacional (rede em quase todos os estados, sede SC) — não confirmado por CEP",,Papelaria e Escritório,Livros,Livro,,Livro Jogo dos Sete Erros Volume 1 - Culturama Editora,,,24.99,,,sim,https://www.havan.com.br/livro-jogo-dos-sete-erros-volume-1-culturama-editora/p
2026-08-25,havan,"Nacional (rede em quase todos os estados, sede SC) — não confirmado por CEP",,Papelaria e Escritório,Livros,Livro,,Livro de Cenários Capa Dura - Culturama Editora,,,29.99,,,sim,https://www.havan.com.br/livro-de-cenarios-capa-dura-culturama-editora/p
2026-08-25,havan,"Nacional (rede em quase todos os estados, sede SC) — não confirmado por CEP",,Papelaria e Escritório,Livros,Livro,,Livro Jogo dos Sete Erros Volume 2 - Culturama Editora,,,24.99,,,sim,https://www.havan.com.br/livro-jogo-dos-sete-erros-volume-2-culturama-editora/p
2026-08-25,havan,"Nacional (rede em quase todos os estados, sede SC) — não confirmado por CEP",,Papelaria e Escritório,Livros,Livro,,Livro Arte e Cor Mickey e Minnie Disney,,,19.99,,,sim,https://www.havan.com.br/livro-arte-e-cor-mickey-e-minnie-disney-diversos/p
2026-08-25,havan,"Nacional (rede em quase todos os estados, sede SC) — não confirmado por CEP",,Papelaria e Escritório,Livros,Livro,,Livro Deus e Eu - Bíblia com Adesivos Brilhantes Ciranda Cultural,,,19.99,,,sim,https://www.havan.com.br/livro-deus-e-eu-biblia-com-adesivos-brilhantes-ciranda-cultural-diversos/p
2026-08-25,havan,"Nacional (rede em quase todos os estados, sede SC) — não confirmado por CEP",,Papelaria e Escritório,Livros,Livro,,Livro Maravilhas de Deus - Bíblia com Adesivos Brilhantes Ciranda Cultural,,,19.99,,,sim,https://www.havan.com.br/livro-maravilhas-de-deus-biblia-com-adesivos-brilhantes-diversos/p
2026-08-25,havan,"Nacional (rede em quase todos os estados, sede SC) — não confirmado por CEP",,Papelaria e Escritório,Livros,Livro,,Livro de Atividades a Arca de Noé com 50 Adesivos Ciranda Cultural,,,14.99,,,sim,https://www.havan.com.br/livro-a-arca-de-noe-atividades-e-mais-50-adesivos-ciranda-cultural-diversos/p
2026-08-25,havan,"Nacional (rede em quase todos os estados, sede SC) — não confirmado por CEP",,Papelaria e Escritório,Livros,Livro,,Livro Boruto com Giz de Cera Ciranda Cultural - Para colorir,,,14.99,,,sim,https://www.havan.com.br/livro-boruto-com-giz-de-cera-ciranda-cultural-para-colorir/p
2026-08-25,havan,"Nacional (rede em quase todos os estados, sede SC) — não confirmado por CEP",,Papelaria e Escritório,Livros,Livro,,Livro Boruto Passatempos Divertidos Ciranda Cultural,,,12.99,,,sim,https://www.havan.com.br/livro-boruto-passatempos-divertidos-ciranda-ciltural-diversos/p
2026-08-25,havan,"Nacional (rede em quase todos os estados, sede SC) — não confirmado por CEP",,Papelaria e Escritório,Livros,Livro,,Livro Estrelas do K-Pop Atividades e Adesivos Ciranda Cultural,,,12.99,,,sim,https://www.havan.com.br/livro-estrelas-do-k-pop-atividades-e-adesivos-ciranda-culural-diversos/p
2026-08-25,havan,"Nacional (rede em quase todos os estados, sede SC) — não confirmado por CEP",,Papelaria e Escritório,Livros,Livro,,Livro Estrelas do K-Pop Meu Blocão de Colorir,,,14.99,,,sim,https://www.havan.com.br/livro-estrelas-do-k-pop-meu-blocao-de-colorir-diversos/p
2026-08-25,havan,"Nacional (rede em quase todos os estados, sede SC) — não confirmado por CEP",,Papelaria e Escritório,Livros,Livro,,Livro Robin Hood Gamer Desafio das Cores Ciranda Cultural,,,12.99,,,sim,https://www.havan.com.br/livro-robin-hood-gamer-desafio-das-cores-diversos/p
2026-08-25,havan,"Nacional (rede em quase todos os estados, sede SC) — não confirmado por CEP",,Papelaria e Escritório,Livros,Livro,,Livro Boruto Mais de 1000 Adesivos Naruto Next Generations Ciranda Cultural,,,24.99,,,sim,https://www.havan.com.br/livro-boruto-mais-de-1000-adesivos-naruto-next-generations-diversos/p
2026-08-25,havan,"Nacional (rede em quase todos os estados, sede SC) — não confirmado por CEP",,Papelaria e Escritório,Livros,Livro,,Livro a Vida de Jesus Bíblia com Adesivos Brilhantes Ciranda Cultural,,,19.99,,,sim,https://www.havan.com.br/livro-a-vida-de-jesus-biblia-com-adesivos-brilhantes-diversos/p
2026-08-25,havan,"Nacional (rede em quase todos os estados, sede SC) — não confirmado por CEP",,Papelaria e Escritório,Livros,Livro,,Livro Hot Wheels Velozes e Mostruosos Ciranda Cultural - 64 Páginas,,,34.99,,,sim,https://www.havan.com.br/livro-hot-wheels-velozes-e-mostruosos-ciranda-cultural-64-pginas/p
2026-08-25,havan,"Nacional (rede em quase todos os estados, sede SC) — não confirmado por CEP",,Papelaria e Escritório,Livros,Livro,,Livro Animais Descolados Ciranda Cultural - 14 Páginas,,,12.99,,,sim,https://www.havan.com.br/livro-animais-descolados-ciranda-cultural-14-pginas/p
2026-08-25,havan,"Nacional (rede em quase todos os estados, sede SC) — não confirmado por CEP",,Papelaria e Escritório,Livros,Livro,,Livro 365 Caça-Palavras Natureza,,,19.99,,,sim,https://www.havan.com.br/livro-365-caca-palavras-natureza-diversos/p
2026-08-25,havan,"Nacional (rede em quase todos os estados, sede SC) — não confirmado por CEP",,Papelaria e Escritório,Livros,Livro,,Livro Turma da Mônica Passatempos do Limoeiro - Ciranda Cultural,,,12.99,,,sim,https://www.havan.com.br/livro-turma-da-monica-passatempos-do-limoeiro-ciranda-cultural/p
2026-08-25,havan,"Nacional (rede em quase todos os estados, sede SC) — não confirmado por CEP",,Papelaria e Escritório,Livros,Livro,,Livro Sonic Adesivos e Atividades - Ciranda Cultural,,,12.99,,,sim,https://www.havan.com.br/livro-sonic-adesivos-e-atividades-ciranda-cultural/p
2026-08-25,havan,"Nacional (rede em quase todos os estados, sede SC) — não confirmado por CEP",,Papelaria e Escritório,Livros,Livro,,Livro Barbie com Atividades e Desenhos - Ciranda Cultural,,,49.99,,,sim,https://www.havan.com.br/livro-barbie-com-atividades-e-desenhos-ciranda-cultural/p
2026-08-25,havan,"Nacional (rede em quase todos os estados, sede SC) — não confirmado por CEP",,Papelaria e Escritório,Livros,Livro,,Livro Aquarela Aventura com Zumbis - Ciranda Cultural,,,12.99,,,sim,https://www.havan.com.br/livro-aquarela-aventura-com-zumbis-ciranda-cultural/p
2026-08-25,havan,"Nacional (rede em quase todos os estados, sede SC) — não confirmado por CEP",,Papelaria e Escritório,Livros,Livro,,Livro Letra Bastão Caneta Mágica - Ciranda Cultural,,,14.99,,,sim,https://www.havan.com.br/livro-letra-bastao-caneta-magica-ciranda-cultural/p
2026-08-25,havan,"Nacional (rede em quase todos os estados, sede SC) — não confirmado por CEP",,Papelaria e Escritório,Livros,Livro,,Livro Aquarela Barbie No Mundo das Sereias - Para colorir,,,12.99,,,sim,https://www.havan.com.br/livro-aquarela-barbie-no-mundo-das-sereias-para-colorir/p
2026-08-25,havan,"Nacional (rede em quase todos os estados, sede SC) — não confirmado por CEP",,Papelaria e Escritório,Livros,Livro,,Livro Aquabook Homem-Aranha Culturama - Colore com água,,,29.99,,,sim,https://www.havan.com.br/livro-aquabook-homem-aranha-culturama-colore-com-gua/p
2026-08-25,havan,"Nacional (rede em quase todos os estados, sede SC) — não confirmado por CEP",,Papelaria e Escritório,Livros,Livro,,Livro Principis Memórias Póstumas de Brás Cubas - Ciranda Cultural,,,24.99,,,sim,https://www.havan.com.br/livro-principis-memorias-postumas-de-bras-cubas-ciranda-cultural/p
2026-08-25,havan,"Nacional (rede em quase todos os estados, sede SC) — não confirmado por CEP",,Papelaria e Escritório,Livros,Livro,,Livro Principis o Peregrino - Ciranda Cultural,,,24.99,,,sim,https://www.havan.com.br/livro-principis-o-peregrino-ciranda-cultural/p
2026-08-25,havan,"Nacional (rede em quase todos os estados, sede SC) — não confirmado por CEP",,Papelaria e Escritório,Livros,Livro,,Livro Café com Deus Pai Edição 2026 - Mensagens Inspiradoras,,,79.99,,,sim,https://www.havan.com.br/livro-cafe-com-deus-pai-edicao-2026-mensagens-inspiradoras/p
2026-08-25,havan,"Nacional (rede em quase todos os estados, sede SC) — não confirmado por CEP",,Papelaria e Escritório,Livros,Livro,,Livro Adesivos e Atividades Stitch - Culturama,,,19.99,,,sim,https://www.havan.com.br/livro-com-mascara-adesivos-e-atividades-stitch-culturama/p
2026-08-25,havan,"Nacional (rede em quase todos os estados, sede SC) — não confirmado por CEP",,Papelaria e Escritório,Livros,Livro,,Livro Adesivos e Atividades Toy Story - Culturama,,,19.99,,,sim,https://www.havan.com.br/livro-com-mascara-adesivos-e-atividades-toy-story-culturama/p
2026-08-25,havan,"Nacional (rede em quase todos os estados, sede SC) — não confirmado por CEP",,Papelaria e Escritório,Livros,Livro,,Livro Adesivos e Atividades Homem-Aranha - Culturama,,,19.99,,,sim,https://www.havan.com.br/livro-com-mascara-adesivos-e-atividades-homem-aranha-culturama/p
2026-08-25,havan,"Nacional (rede em quase todos os estados, sede SC) — não confirmado por CEP",,Papelaria e Escritório,Livros,Livro,,Livro Caça Palavras e Palavras Cruzadas Volume 2 - Culturama Editora,,,19.99,,,sim,https://www.havan.com.br/livro-caca-palavras-e-palavras-cruzadas-com-espiral-amarelo-culturama-editora/p
2026-08-25,havan,"Nacional (rede em quase todos os estados, sede SC) — não confirmado por CEP",,Papelaria e Escritório,Livros,Livro,,Livro Arte e Cor Princesas Disney Culturama - Para colorir,,,19.99,,,sim,https://www.havan.com.br/livro-para-colorir-disney-princesas-para-colorir/p
2026-08-25,havan,"Nacional (rede em quase todos os estados, sede SC) — não confirmado por CEP",,Papelaria e Escritório,Livros,Livro,,Livro Caça Palavras e Palavras Cruzadas Volume 1 - Culturama,,,19.99,,,sim,https://www.havan.com.br/livro-caca-palavras-e-palavras-cruzadas-com-espiral-azul-culturama/p
2026-08-25,havan,"Nacional (rede em quase todos os estados, sede SC) — não confirmado por CEP",,Papelaria e Escritório,Livros,Livro,,Livro Princesas 500 Adesivos Culturama - Disney,,,19.99,,,sim,https://www.havan.com.br/livro-disney-princesas-500-adesivos-disney/p
2026-08-25,havan,"Nacional (rede em quase todos os estados, sede SC) — não confirmado por CEP",,Papelaria e Escritório,Livros,Livro,,Livro 500 Adesivos Homem-Aranha Culturama - Marvel,,,19.99,,,sim,https://www.havan.com.br/livro-marvel-com-500-adesivos-e-atividades-marvel/p
2026-08-25,havan,"Nacional (rede em quase todos os estados, sede SC) — não confirmado por CEP",,Papelaria e Escritório,Livros,Livro,,Livro Aqua Book Stitch Disney Culturama - Colore com água,,,29.99,,,sim,https://www.havan.com.br/livro-marvel-disney-stitch-aqua-book-para-colorir-com-agua-colore-com-gua/p
2026-08-25,havan,"Nacional (rede em quase todos os estados, sede SC) — não confirmado por CEP",,Papelaria e Escritório,Livros,Livro,,Livro Aqua Book Princesa Culturama - 020110203,,,29.99,,,sim,https://www.havan.com.br/livro-aqua-book-princesa-culturama-020110203/p
2026-08-25,havan,"Nacional (rede em quase todos os estados, sede SC) — não confirmado por CEP",,Papelaria e Escritório,Livros,Livro,,Livro 100 Atividades Homem-Aranha Culturama - 020050307,,,19.99,,,sim,https://www.havan.com.br/livro-100-atividades-homem-aranha-culturama-020050307/p
2026-08-25,havan,"Nacional (rede em quase todos os estados, sede SC) — não confirmado por CEP",,Papelaria e Escritório,Livros,Livro,,Livro Ler E Brincar Homem-Aranha Marvel - Culturama,,,39.99,,,sim,https://www.havan.com.br/livro-ler-e-brincar-homem-aranha-marvel-culturama/p
2026-08-25,havan,"Nacional (rede em quase todos os estados, sede SC) — não confirmado por CEP",,Papelaria e Escritório,Livros,Livro,,Livro Sonoro Os Três Porquinhos - Culturama,,,39.99,,,sim,https://www.havan.com.br/livro-sonoro-os-tres-porquinhos-culturama/p
2026-08-25,havan,"Nacional (rede em quase todos os estados, sede SC) — não confirmado por CEP",,Papelaria e Escritório,Livros,Livro,,Livro Ler E Brincar Princesas Disney - Culturama,,,39.99,,,sim,https://www.havan.com.br/livro-ler-e-brincar-princesa-disney-culturama/p
2026-08-25,havan,"Nacional (rede em quase todos os estados, sede SC) — não confirmado por CEP",,Papelaria e Escritório,Livros,Livro,,Livro Sonoro Chapeuzinho Vermelho - Culturama,,,39.99,,,sim,https://www.havan.com.br/livro-sonoro-chapeuzinho-vermelho-culturama/p
2026-08-25,havan,"Nacional (rede em quase todos os estados, sede SC) — não confirmado por CEP",,Papelaria e Escritório,Livros,Livro,,Livro Sonoro Peter Pan - Culturama,,,39.99,,,sim,https://www.havan.com.br/livro-sonoro-peter-pan-culturama/p
2026-08-25,havan,"Nacional (rede em quase todos os estados, sede SC) — não confirmado por CEP",,Papelaria e Escritório,Livros,Meu,,Meu Livro De Atividades Recortado Homem-Aranha - Culturama,,,9.99,,,sim,https://www.havan.com.br/meu-livro-de-atividades-recortado-homem-aranha-culturama/p
2026-08-25,havan,"Nacional (rede em quase todos os estados, sede SC) — não confirmado por CEP",,Papelaria e Escritório,Livros,Meu,,Meu Livro De Atividades Recortado Toy Story 4 - Culturama,,,9.99,,,sim,https://www.havan.com.br/meu-livro-de-atividades-recortado-toy-story-4-culturama/p
2026-08-25,havan,"Nacional (rede em quase todos os estados, sede SC) — não confirmado por CEP",,Papelaria e Escritório,Livros,Meu,,Meu Livro De Atividades Recortado Mickey - Culturama,,,9.99,,,sim,https://www.havan.com.br/meu-livro-de-atividades-recortado-mickey-culturama/p
2026-08-25,havan,"Nacional (rede em quase todos os estados, sede SC) — não confirmado por CEP",,Papelaria e Escritório,Livros,Meu,,Meu Livro De Atividades Recortado A Pequena Sereia - Culturama,,,9.99,,,sim,https://www.havan.com.br/meu-livro-de-atividades-recortado-a-pequena-sereia-culturama/p
2026-08-25,havan,"Nacional (rede em quase todos os estados, sede SC) — não confirmado por CEP",,Papelaria e Escritório,Livros,Livro,,Livro 365 Desenhos para Colorir Disney - Culturama,,,19.99,,,sim,https://www.havan.com.br/livro-desenhos-para-colorir-meninas-da-disney-culturama/p
2026-08-25,havan,"Nacional (rede em quase todos os estados, sede SC) — não confirmado por CEP",,Papelaria e Escritório,Livros,Livro,,Livro Ler e Brincar Histórias Bíblicas - Culturama,,,39.99,,,sim,https://www.havan.com.br/livro-com-quebra-cabeca-historias-biblicas-culturama/p
2026-08-25,havan,"Nacional (rede em quase todos os estados, sede SC) — não confirmado por CEP",,Papelaria e Escritório,Livros,Kit,,Kit Gibis Turma Da Mônica 3 Unidades N.02 - Sortido,,,19.99,,,sim,https://www.havan.com.br/kit-gibis-turma-da-monica-3-unidades-n-02-sortido/p
2026-08-25,havan,"Nacional (rede em quase todos os estados, sede SC) — não confirmado por CEP",,Papelaria e Escritório,Livros,Kit,,Kit Gibis Turma Da Mônica 3 Unidades N.01 - Sortido,,,19.99,,,sim,https://www.havan.com.br/kit-gibi-turma-da-monica-3-unidades-n-01-sortido/p
2026-08-25,havan,"Nacional (rede em quase todos os estados, sede SC) — não confirmado por CEP",,Papelaria e Escritório,Livros,Kit,,Kit 36 Canetinhas Permanente Touch - Ponta Dupla,,,19.99,,,sim,https://www.havan.com.br/kit-36-canetinhas-permanente-touch-ponta-dupla/p
2026-08-25,havan,"Nacional (rede em quase todos os estados, sede SC) — não confirmado por CEP",,Papelaria e Escritório,Livros,Kit,,Kit 48 Canetinhas Permanente Touch - Ponta Dupla,,,24.99,,,sim,https://www.havan.com.br/kit-48-canetinhas-permanente-touch-ponta-dupla/p
2026-08-25,havan,"Nacional (rede em quase todos os estados, sede SC) — não confirmado por CEP",,Papelaria e Escritório,Livros,Kit,,Kit 24 Canetinhas Permanente Touch - Ponta Dupla,,,12.99,,,sim,https://www.havan.com.br/kit-24-canetinhas-permanente-touch-ponta-dupla/p
2026-08-25,havan,"Nacional (rede em quase todos os estados, sede SC) — não confirmado por CEP",,Papelaria e Escritório,Livros,Livro,,Livro Harry Potter Casas De Hogwarts Ciranda Cultural - Para Colorir,,,14.99,,,sim,https://www.havan.com.br/livro-harry-potter-casas-de-hogwarts-ciranda-cultural-para-colorir/p
2026-08-25,havan,"Nacional (rede em quase todos os estados, sede SC) — não confirmado por CEP",,Papelaria e Escritório,Livros,Livro,,Livro Harry Potter Casas de Hogwarts - Corvinal,,,14.99,,,sim,https://www.havan.com.br/livro-harry-potter-casas-de-hogwarts-corvinal-diversos/p
2026-08-25,havan,"Nacional (rede em quase todos os estados, sede SC) — não confirmado por CEP",,Papelaria e Escritório,Livros,Livro,,Livro Harry Potter Casas De Hogwarts Grifinória Ciranda Cultural - Para Colorir,,,14.99,,,sim,https://www.havan.com.br/livro-harry-potter-casas-de-hogwarts-grifinoria-ciranda-cultural-para-colorir/p
2026-08-25,havan,"Nacional (rede em quase todos os estados, sede SC) — não confirmado por CEP",,Papelaria e Escritório,Livros,Livro,,Livro Harry Potter Casas De Hogwarts Lufa-Lufa Ciranda Cultural - Para Colorir,,,14.99,,,sim,https://www.havan.com.br/livro-harry-potter-casas-de-hogwarts-lufa-lufa-ciranda-cultural-para-colorir/p
2026-08-25,havan,"Nacional (rede em quase todos os estados, sede SC) — não confirmado por CEP",,Papelaria e Escritório,Livros,Livro,,Livro Harry Potter Casas De Hogwarts Sonserina Ciranda Cultural - Para Colorir,,,14.99,,,sim,https://www.havan.com.br/livro-harry-potter-casas-de-hogwarts-sonserina-ciranda-cultural-para-colorir/p
2026-08-25,havan,"Nacional (rede em quase todos os estados, sede SC) — não confirmado por CEP",,Papelaria e Escritório,Livros,Livro,,Livro 365 Cruzadas Diretas - Ciranda Cultural,,,19.99,,,sim,https://www.havan.com.br/livro-365-cruzadas-diretas-ciranda-cultural/p
2026-08-25,havan,"Nacional (rede em quase todos os estados, sede SC) — não confirmado por CEP",,Papelaria e Escritório,Livros,Livro,,Livro O Cortiço - Ciranda Cultural,,,29.99,,,sim,https://www.havan.com.br/livro-o-cortico-ciranda-cultural/p
2026-08-25,havan,"Nacional (rede em quase todos os estados, sede SC) — não confirmado por CEP",,Papelaria e Escritório,Livros,Livro,,Livro Iracema - Ciranda Cultural,,,9.99,,,sim,https://www.havan.com.br/livro-iracema-ciranda-cultural/p
2026-08-25,havan,"Nacional (rede em quase todos os estados, sede SC) — não confirmado por CEP",,Papelaria e Escritório,Livros,Livro,,Livro A Metamorfose - Ciranda Cultural,,,19.99,,,sim,https://www.havan.com.br/livro-a-metamorfose-ciranda-cultural/p
2026-08-25,havan,"Nacional (rede em quase todos os estados, sede SC) — não confirmado por CEP",,Papelaria e Escritório,Livros,Livro,,Livro De Colorir Comfy Relax Piscina - Culturama,,,7.99,,,sim,https://www.havan.com.br/livro-de-colorir-comfy-relax-piscina-culturama/p
2026-08-25,havan,"Nacional (rede em quase todos os estados, sede SC) — não confirmado por CEP",,Papelaria e Escritório,Livros,Livro,,Livro De Colorir Comfy Relax Passeio De Carro - Culturama,,,7.99,,,sim,https://www.havan.com.br/livro-de-colorir-comfy-relax-passeio-de-carro-culturama/p
2026-08-25,havan,"Nacional (rede em quase todos os estados, sede SC) — não confirmado por CEP",,Papelaria e Escritório,Livros,Livro,,Livro De Colorir Comfy Relax Rede - Culturama,,,7.99,,,sim,https://www.havan.com.br/livro-de-colorir-comfy-relax-rede-culturama/p
2026-08-25,havan,"Nacional (rede em quase todos os estados, sede SC) — não confirmado por CEP",,Papelaria e Escritório,Livros,Livro,,Livro De Colorir Comfy Relax Pandinha - Culturama,,,7.99,,,sim,https://www.havan.com.br/livro-de-colorir-comfy-relax-pandinha-culturama/p
2026-08-25,havan,"Nacional (rede em quase todos os estados, sede SC) — não confirmado por CEP",,Papelaria e Escritório,Livros,Kit,,Kit Canetinhas 80 Cores Touch Ponta Dupla - Della Import,,,39.99,,,sim,https://www.havan.com.br/kit-canetinhas-80-cores-touch-ponta-dupla-della-import/p
2026-08-25,havan,"Nacional (rede em quase todos os estados, sede SC) — não confirmado por CEP",,Papelaria e Escritório,Livros,Kit,,Kit Canetinhas 48 Cores Touch Ponta Dupla - Della Import,,,24.99,,,sim,https://www.havan.com.br/kit-canetinhas-48-cores-touch-ponta-dupla-della-import/p
2026-08-25,havan,"Nacional (rede em quase todos os estados, sede SC) — não confirmado por CEP",,Papelaria e Escritório,Livros,Kit,,Kit Canetinhas 24 Cores Touch Ponta Dupla - Della Import,,,12.99,,,sim,https://www.havan.com.br/kit-canetinhas-24-cores-touch-ponta-dupla-della-import/p
2026-08-25,havan,"Nacional (rede em quase todos os estados, sede SC) — não confirmado por CEP",,Papelaria e Escritório,Livros,Kit,,Kit Canetinhas 48 Cores Ponta Dupla Art Maker - Magic Kids,,,24.99,,,sim,https://www.havan.com.br/kit-canetinhas-48-cores-ponta-dupla-art-maker-magic-kids/p
2026-08-25,havan,"Nacional (rede em quase todos os estados, sede SC) — não confirmado por CEP",,Papelaria e Escritório,Livros,Livro,,Livro De Colorir Harry Potter Cozy Time Ciranda Cultural - Momento Aconchegante,,,7.99,,,sim,https://www.havan.com.br/livro-de-colorir-harry-potter-cozy-time-ciranda-cultural-momento-aconchegante/p
2026-08-25,havan,"Nacional (rede em quase todos os estados, sede SC) — não confirmado por CEP",,Papelaria e Escritório,Livros,Livro,,Livro De Colorir Comfy Relax Turminha Da Havan - Culturama,,,7.99,,,sim,https://www.havan.com.br/livro-de-colorir-comfy-relax-turminha-da-havan-culturama/p
2026-08-25,havan,"Nacional (rede em quase todos os estados, sede SC) — não confirmado por CEP",,Papelaria e Escritório,Livros,Livro,,Livro Color Stitch Disney Editora Dcl - D8309,,,29.99,,,sim,https://www.havan.com.br/livro-color-stitch-disney-editora-dcl-d8309/p
2026-08-25,havan,"Nacional (rede em quase todos os estados, sede SC) — não confirmado por CEP",,Papelaria e Escritório,Livros,Livro,,Livro Vamos Colorir Stitch Disney Editora Dcl - D8335,,,12.99,,,sim,https://www.havan.com.br/livro-vamos-colorir-stitch-disney-editora-dcl-d8335/p
2026-08-25,havan,"Nacional (rede em quase todos os estados, sede SC) — não confirmado por CEP",,Papelaria e Escritório,Livros,Livro,,Livro Hora De Modelar Stitch Disney Editora Dcl - D8311,,,49.99,,,sim,https://www.havan.com.br/livro-hora-de-modelar-stitch-disney-editora-dcl-d8311/p
2026-08-25,havan,"Nacional (rede em quase todos os estados, sede SC) — não confirmado por CEP",,Papelaria e Escritório,Livros,Livro,,Livro Comfy Relax Capivara Capa Dura Culturama - Para Colorir,,,14.99,,,sim,https://www.havan.com.br/livro-comfy-relax-capivara-capa-dura-culturama-para-colorir/p
2026-08-25,havan,"Nacional (rede em quase todos os estados, sede SC) — não confirmado por CEP",,Papelaria e Escritório,Livros,Livro,,Livro De Colorir Comfy Relax Rosa Culturama - Para Relaxar,,,14.99,,,sim,https://www.havan.com.br/livro-de-colorir-comfy-relax-rosa-culturama-para-relaxar/p
2026-08-25,havan,"Nacional (rede em quase todos os estados, sede SC) — não confirmado por CEP",,Papelaria e Escritório,Livros,Livro,,Livro Comfy Relax Azul Capa Dura Culturama - Para Colorir,,,14.99,,,sim,https://www.havan.com.br/livro-comfy-relax-azul-capa-dura-culturama-para-colorir/p
2026-08-25,havan,"Nacional (rede em quase todos os estados, sede SC) — não confirmado por CEP",,Papelaria e Escritório,Livros,Livro,,Livro 500 Adesivos Angel e Stitch Culturama - Diversão,,,19.99,,,sim,https://www.havan.com.br/livro-500-adesivos-angel-e-stitch-culturama-diverso/p
2026-08-25,havan,"Nacional (rede em quase todos os estados, sede SC) — não confirmado por CEP",,Papelaria e Escritório,Livros,Livro,,Livro Comfy Relax Laranja Capa Dura Culturama - Para Colorir,,,14.99,,,sim,https://www.havan.com.br/livro-comfy-relax-laranja-capa-dura-culturama-para-colorir/p
2026-08-25,havan,"Nacional (rede em quase todos os estados, sede SC) — não confirmado por CEP",,Papelaria e Escritório,Livros,Livro,,Livro 500 Adesivos Capivaras Culturama - Diversão,,,19.99,,,sim,https://www.havan.com.br/livro-500-adesivos-capivaras-culturama-diverso/p
2026-08-25,havan,"Nacional (rede em quase todos os estados, sede SC) — não confirmado por CEP",,Papelaria e Escritório,Livros,Livro,,Livro Arte E Cor Angel E Stitch Culturama - Para Colorir,,,19.99,,,sim,https://www.havan.com.br/livro-arte-e-cor-angel-e-stitch-culturama-para-colorir/p
2026-08-25,havan,"Nacional (rede em quase todos os estados, sede SC) — não confirmado por CEP",,Papelaria e Escritório,Livros,Livro,,Livro Arte E Cor Capivaras Culturama - Para Colorir,,,19.99,,,sim,https://www.havan.com.br/livro-arte-e-cor-capivaras-culturama-para-colorir/p
2026-08-25,havan,"Nacional (rede em quase todos os estados, sede SC) — não confirmado por CEP",,Papelaria e Escritório,Livros,Livro,,Livro De Colorir Comfy Cozy Animals Ciranda Cultural - Para Relaxar,,,7.99,,,sim,https://www.havan.com.br/livro-de-colorir-comfy-cozy-animals-ciranda-cultural-para-relaxar/p
2026-08-25,havan,"Nacional (rede em quase todos os estados, sede SC) — não confirmado por CEP",,Papelaria e Escritório,Livros,Livro,,Livro Comfy And Cozy Blue Para Colorir Ciranda Cultural - Azul,,,14.99,,,sim,https://www.havan.com.br/livro-comfy-and-cozy-blue-para-colorir-ciranda-cultural-azul/p
2026-08-25,havan,"Nacional (rede em quase todos os estados, sede SC) — não confirmado por CEP",,Papelaria e Escritório,Livros,Livro,,Livro Pop Capa Dura Divertidamente 2 Culturama Editora - 20660208,,,19.99,,,sim,https://www.havan.com.br/livro-pop-capa-dura-divertidamente-2-culturama-editora-20660208/p
2026-08-25,havan,"Nacional (rede em quase todos os estados, sede SC) — não confirmado por CEP",,Papelaria e Escritório,Livros,Livro,,Livro Aquarela Pop Baby Shark Culturama Editora - 20781001,,,19.99,,,sim,https://www.havan.com.br/livro-aquarela-pop-baby-shark-culturama-editora-20781001/p
2026-08-25,havan,"Nacional (rede em quase todos os estados, sede SC) — não confirmado por CEP",,Papelaria e Escritório,Livros,Livro,,Livro Barbie Meu Diário De Segredos Ciranda Cultural - 9788538071730,,,24.99,,,sim,https://www.havan.com.br/livro-barbie-meu-diario-de-segredos-ciranda-cultural-9788538071730/p
2026-08-25,havan,"Nacional (rede em quase todos os estados, sede SC) — não confirmado por CEP",,Papelaria e Escritório,Livros,Livro,,Livro Do Desassossego Ciranda Cultural,,,29.99,,,sim,https://www.havan.com.br/livro-do-desassossego-ciranda-cultural-diversos/p
2026-08-25,havan,"Nacional (rede em quase todos os estados, sede SC) — não confirmado por CEP",,Papelaria e Escritório,Livros,Livro,,Livro Lidere Sua Mente Ciranda Cultural,,,14.99,,,sim,https://www.havan.com.br/livro-lidere-sua-mente-ciranda-cultural-diversos/p
2026-08-25,havan,"Nacional (rede em quase todos os estados, sede SC) — não confirmado por CEP",,Papelaria e Escritório,Livros,Livro,,Livro Vire O Jogo Ciranda Cultural,,,19.99,,,sim,https://www.havan.com.br/livro-vire-o-jogo-ciranda-cultural-diversos/p
2026-08-25,havan,"Nacional (rede em quase todos os estados, sede SC) — não confirmado por CEP",,Papelaria e Escritório,Livros,Livro,,Livro Alice No País Das Maravilhas Ciranda Cultural,,,14.99,,,sim,https://www.havan.com.br/livro-alice-no-pais-das-maravilhas-ciranda-cultural-diversos/p
2026-08-25,havan,"Nacional (rede em quase todos os estados, sede SC) — não confirmado por CEP",,Papelaria e Escritório,Livros,O,,O Livro Desperte Paz Interior Ciranda Cultural,,,19.99,,,sim,https://www.havan.com.br/o-livro-desperte-paz-interior-ciranda-cultural-diversos/p
2026-08-25,havan,"Nacional (rede em quase todos os estados, sede SC) — não confirmado por CEP",,Papelaria e Escritório,Livros,O,,O Livro Desperte Autoestima Ciranda Cultural,,,19.99,,,sim,https://www.havan.com.br/o-livro-desperte-autoestima-ciranda-cultural-diversos/p
2026-08-25,havan,"Nacional (rede em quase todos os estados, sede SC) — não confirmado por CEP",,Papelaria e Escritório,Livros,Livro,,Livro Desperte Oportunidades Ciranda Cultural,,,19.90,,,sim,https://www.havan.com.br/livro-desperte-oportunidades-ciranda-cultural-diversos/p
2026-08-25,havan,"Nacional (rede em quase todos os estados, sede SC) — não confirmado por CEP",,Papelaria e Escritório,Livros,Livro,,Livro O Conde De Monte Cristo Ciranda Cultural,,,19.99,,,sim,https://www.havan.com.br/livro-o-conde-de-monte-cristo-ciranda-cultural-diversos/p
2026-08-25,havan,"Nacional (rede em quase todos os estados, sede SC) — não confirmado por CEP",,Papelaria e Escritório,Livros,Livro,,Livro A Ilha Do Tesouro Ciranda Cultural,,,19.99,,,sim,https://www.havan.com.br/livro-a-ilha-do-tesouro-ciranda-cultural-diversos/p
2026-08-25,havan,"Nacional (rede em quase todos os estados, sede SC) — não confirmado por CEP",,Papelaria e Escritório,Livros,Livro,,Livro O Poder Está Dentro De Você Ciranda Cultural,,,19.99,,,sim,https://www.havan.com.br/livro-o-poder-esta-dentro-de-voce-ciranda-cultural-diversos/p
2026-08-25,havan,"Nacional (rede em quase todos os estados, sede SC) — não confirmado por CEP",,Papelaria e Escritório,Livros,Livro,,Livro A Psicologia Do Sonho Ciranda Cultural,,,14.99,,,sim,https://www.havan.com.br/livro-a-psicologia-do-sonho-ciranda-cultural-diversos/p
2026-08-25,havan,"Nacional (rede em quase todos os estados, sede SC) — não confirmado por CEP",,Papelaria e Escritório,Livros,Livro,,Livro Crime E Castigo Ciranda Cultural,,,19.99,,,sim,https://www.havan.com.br/livro-crime-e-castigo-ciranda-cultural-diversos/p
2026-08-25,havan,"Nacional (rede em quase todos os estados, sede SC) — não confirmado por CEP",,Papelaria e Escritório,Livros,Livro,,Livro Arte Da Guerra Ciranda Cultural,,,19.99,,,sim,https://www.havan.com.br/livro-arte-da-guerra-ciranda-cultural-diversos/p
2026-08-25,havan,"Nacional (rede em quase todos os estados, sede SC) — não confirmado por CEP",,Papelaria e Escritório,Livros,Livro,,Livro Vá Mais Longe Ciranda Cultural,,,14.99,,,sim,https://www.havan.com.br/livro-va-mais-longe-ciranda-cultural-diversos/p
2026-08-25,havan,"Nacional (rede em quase todos os estados, sede SC) — não confirmado por CEP",,Papelaria e Escritório,Livros,Livro,,Livro Proteja Sua Emoção Ciranda Cultural,,,14.99,,,sim,https://www.havan.com.br/livro-proteja-sua-emocao-ciranda-cultural-diversos/p
2026-08-25,havan,"Nacional (rede em quase todos os estados, sede SC) — não confirmado por CEP",,Papelaria e Escritório,Livros,Livro,,Livro A Chave Do Autocontrole Ciranda Cultural,,,14.99,,,sim,https://www.havan.com.br/livro-a-chave-do-autocontrole-ciranda-cultural-diversos/p
2026-08-25,havan,"Nacional (rede em quase todos os estados, sede SC) — não confirmado por CEP",,Papelaria e Escritório,Livros,Livro,,Livro Anne De Green Gables Ciranda Cultural,,,19.99,,,sim,https://www.havan.com.br/livro-anne-de-green-gables-ciranda-cultural-diversos/p
2026-08-25,havan,"Nacional (rede em quase todos os estados, sede SC) — não confirmado por CEP",,Papelaria e Escritório,Livros,Livro,,Livro O Príncipe Ciranda Cultural,,,14.99,,,sim,https://www.havan.com.br/livro-o-principe-ciranda-cultural-diversos/p
2026-08-25,havan,"Nacional (rede em quase todos os estados, sede SC) — não confirmado por CEP",,Papelaria e Escritório,Livros,Livro,,Livro Controle O Estresse Ciranda Cultural,,,14.99,,,sim,https://www.havan.com.br/livro-controle-o-estresse-ciranda-cultural-diversos/p
2026-08-25,havan,"Nacional (rede em quase todos os estados, sede SC) — não confirmado por CEP",,Papelaria e Escritório,Livros,Livro,,Livro Conto De Fadas Dos Irmãos Grimm,,,19.99,,,sim,https://www.havan.com.br/livro-conto-de-fadas-dos-irmaos-grimm-diversos/p
2026-08-25,havan,"Nacional (rede em quase todos os estados, sede SC) — não confirmado por CEP",,Papelaria e Escritório,Livros,Livro,,Livro 365 Caça Palavras Ii Ciranda Cultural,,,19.99,,,sim,https://www.havan.com.br/livro-365-caca-palavras-ii-ciranda-cultural-diversos/p
2026-08-25,havan,"Nacional (rede em quase todos os estados, sede SC) — não confirmado por CEP",,Papelaria e Escritório,Livros,Livro,,Livro O Diário De Anne Frank Ciranda Cultural,,,19.99,,,sim,https://www.havan.com.br/livro-o-diario-de-anne-frank-ciranda-cultural-diversos/p
2026-08-25,havan,"Nacional (rede em quase todos os estados, sede SC) — não confirmado por CEP",,Papelaria e Escritório,Livros,Livro,,Livro A Ciência De Ficar Rico Ciranda Cultural,,,14.99,,,sim,https://www.havan.com.br/livro-a-ciencia-de-ficar-rico-ciranda-cultural-diversos/p
2026-08-25,havan,"Nacional (rede em quase todos os estados, sede SC) — não confirmado por CEP",,Papelaria e Escritório,Livros,Livro,,Livro Aquarela Barbie Dreamtopia Mundo Dos Sonhos Ciranda Cultural - Para ler e Colorir,,,12.99,,,sim,https://www.havan.com.br/livro-aquarela-barbie-dreamtopia-mundo-dos-sonhos-ciranda-cultural-para-ler-e-colorir/p
2026-08-25,havan,"Nacional (rede em quase todos os estados, sede SC) — não confirmado por CEP",,Papelaria e Escritório,Livros,Livro,,Livro 365 Desenhos Da Bíblia Para Colorir Ciranda Cultural - 9786555001990,,,14.99,,,sim,https://www.havan.com.br/365-desenhos-da-biblia-para-colorir-ciranda-cultural-9786555001990/p
2026-08-25,havan,"Nacional (rede em quase todos os estados, sede SC) — não confirmado por CEP",,Papelaria e Escritório,Livros,Livro,,Livro Capa Dura Stitch Culturama - Lilo e Stitch,,,19.99,,,sim,https://www.havan.com.br/livro-capa-dura-stitch-culturama-lilo-e-stitch/p
2026-08-25,havan,"Nacional (rede em quase todos os estados, sede SC) — não confirmado por CEP",,Papelaria e Escritório,Livros,Livro,,Livro 365 Atividades Para Treinar Matemática Ciranda Cultural - 9788538088318,,,14.99,,,sim,https://www.havan.com.br/livro-365-atividades-para-treinar-matematica-ciranda-cultural-9788538088318/p
2026-08-25,havan,"Nacional (rede em quase todos os estados, sede SC) — não confirmado por CEP",,Papelaria e Escritório,Livros,Livro,,Livro 365 Atividades Para Aprender Inglês Ciranda Cultural - 9788538090328,,,19.99,,,sim,https://www.havan.com.br/livro-365-atividades-para-aprender-ingles-ciranda-cultural-9788538090328/p
2026-08-25,havan,"Nacional (rede em quase todos os estados, sede SC) — não confirmado por CEP",,Papelaria e Escritório,Livros,Livro,,Livro Meu Diário Mágico Ciranda Cultural - 9788538066477,,,24.99,,,sim,https://www.havan.com.br/livro-meu-diario-magico-ciranda-cultural-9788538066477/p
2026-08-25,havan,"Nacional (rede em quase todos os estados, sede SC) — não confirmado por CEP",,Papelaria e Escritório,Livros,Livro,,Livro 3 Palavrinhas Deus É Amor Ciranda Cultura - 9788538096955,,,29.99,,,sim,https://www.havan.com.br/livro-3-palavrinhas-deus-e-amor-ciranda-cultura-9788538096955/p
2026-08-25,havan,"Nacional (rede em quase todos os estados, sede SC) — não confirmado por CEP",,Papelaria e Escritório,Livros,Livro,,Livro Blocão De Colorir Aprenda O Alfabeto Ciranda Cultural - 9788538093701,,,14.99,,,sim,https://www.havan.com.br/livro-blocao-de-colorir-aprenda-o-alfabeto-ciranda-cultural-9788538093701/p
2026-08-25,havan,"Nacional (rede em quase todos os estados, sede SC) — não confirmado por CEP",,Papelaria e Escritório,Livros,Livro,,Livro Cute Buddies Comfy Cozy Ciranda Cultural - Para Colorir,,,7.99,,,sim,https://www.havan.com.br/livro-cute-buddies-comfy-cozy-ciranda-cultural-para-colorir/p
2026-08-25,havan,"Nacional (rede em quase todos os estados, sede SC) — não confirmado por CEP",,Papelaria e Escritório,Livros,Livro,,Livro Comfy Cozy Fuzzy And Cute Ciranda Cultural - Para Colorir,,,7.99,,,sim,https://www.havan.com.br/livro-comfy-cozy-fuzzy-and-cute-ciranda-cultural-para-colorir/p
2026-08-25,havan,"Nacional (rede em quase todos os estados, sede SC) — não confirmado por CEP",,Papelaria e Escritório,Livros,Livro,,Livro Comfy Cozy Amazing Animals Ciranda Cultural - Para Colorir,,,14.99,,,sim,https://www.havan.com.br/livro-comfy-cozy-amazing-animals-ciranda-cultural-para-colorir/p
2026-08-25,havan,"Nacional (rede em quase todos os estados, sede SC) — não confirmado por CEP",,Papelaria e Escritório,Livros,Livro,,Livro Turma Da Mônica Colorindo O Limoeiro Ciranda Cultural - Para Colorir,,,24.99,,,sim,https://www.havan.com.br/livro-turma-da-monica-colorindo-o-limoeiro-ciranda-cultural-para-colorir/p
2026-08-25,havan,"Nacional (rede em quase todos os estados, sede SC) — não confirmado por CEP",,Papelaria e Escritório,Livros,Livro,,Livro Animais Da Fazenda Ciranda Cultural - Com Adesivos,,,12.99,,,sim,https://www.havan.com.br/livro-animais-da-fazenda-ciranda-cultural-com-adesivos/p
2026-08-25,havan,"Nacional (rede em quase todos os estados, sede SC) — não confirmado por CEP",,Papelaria e Escritório,Livros,Livro,,Livro Patrulha Canina Todas As Patinhas Em Ação Ciranda Cultural - Para Colorir,,,24.99,,,sim,https://www.havan.com.br/livro-patrulha-canina-todas-as-patinhas-em-acao-ciranda-cultural-para-colorir/p
2026-08-25,havan,"Nacional (rede em quase todos os estados, sede SC) — não confirmado por CEP",,Papelaria e Escritório,Livros,Livro,,Livro Arte e Cor Disney Minnie Culturama - 020520202,,,17.99,,,sim,https://www.havan.com.br/livro-arte-e-cor-disney-minnie-culturama-399521-020520202/p
2026-08-25,havan,"Nacional (rede em quase todos os estados, sede SC) — não confirmado por CEP",,Papelaria e Escritório,Livros,Livro,,Livro Arte e Cor Patrulha Canina Culturama - 020523001,,,17.99,,,sim,https://www.havan.com.br/livro-arte-e-cor-patrulha-canina-culturama-020523001/p
2026-08-25,havan,"Nacional (rede em quase todos os estados, sede SC) — não confirmado por CEP",,Papelaria e Escritório,Livros,Livro,,Livro Arte e Cor Naruto Culturama - 020522601,,,17.99,,,sim,https://www.havan.com.br/livro-arte-e-cor-naruto-culturama-020522601/p
2026-08-25,havan,"Nacional (rede em quase todos os estados, sede SC) — não confirmado por CEP",,Papelaria e Escritório,Livros,Livro,,Livro Arte e Cor Pixar Culturama - 020520214,,,17.99,,,sim,https://www.havan.com.br/livro-arte-e-cor-pixar-culturama-020520214/p
2026-08-25,havan,"Nacional (rede em quase todos os estados, sede SC) — não confirmado por CEP",,Papelaria e Escritório,Livros,Livro,,Livro Arte E Cor Stitch Culturama - 020520215,,,17.99,,,sim,https://www.havan.com.br/livro-arte-e-cor-stitch-culturama-020520215/p
2026-08-25,havan,"Nacional (rede em quase todos os estados, sede SC) — não confirmado por CEP",,Papelaria e Escritório,Livros,Livro,,Livro Barbie 365 Desenhos Ciranda Cultural - Para Colorir,,,14.99,,,sim,https://www.havan.com.br/livro-barbie-365-desenhos-ciranda-cultural-para-colorir/p
2026-08-25,havan,"Nacional (rede em quase todos os estados, sede SC) — não confirmado por CEP",,Papelaria e Escritório,Livros,Livro,,Livro Aquabook Maria Clara E Jp Ciranda Cultural - Hora Da Diversão,,,17.99,,,sim,https://www.havan.com.br/livro-aquabook-maria-clara-e-jp-ciranda-cultural-hora-da-diverso/p
2026-08-25,havan,"Nacional (rede em quase todos os estados, sede SC) — não confirmado por CEP",,Papelaria e Escritório,Livros,Livro,,Livro 365 Atividades Patrulha Canina Ciranda Cultural - Para Colorir,,,14.99,,,sim,https://www.havan.com.br/livro-365-atividades-patrulha-canina-ciranda-cultural-para-colorir/p
2026-08-25,havan,"Nacional (rede em quase todos os estados, sede SC) — não confirmado por CEP",,Papelaria e Escritório,Livros,Livro,,Livro Barbie Colorindo As Sereias Ciranda Cultural - Com Canetinhas,,,24.99,,,sim,https://www.havan.com.br/livro-barbie-colorindo-as-sereias-ciranda-cultural-com-canetinhas/p
2026-08-25,havan,"Nacional (rede em quase todos os estados, sede SC) — não confirmado por CEP",,Papelaria e Escritório,Livros,Livro,,Livro Patrulha Canina Salvando O Show De Inverno Ciranda Cultural - Leitura,,,14.99,,,sim,https://www.havan.com.br/livro-patrulha-canina-salvando-o-show-de-inverno-ciranda-cultural-leitura/p
2026-08-25,havan,"Nacional (rede em quase todos os estados, sede SC) — não confirmado por CEP",,Papelaria e Escritório,Livros,Livro,,Livro Super Pack Barbie Ciranda Cultural - Para Ler e Colorir,,,29.99,,,sim,https://www.havan.com.br/livro-super-pack-barbie-ciranda-cultural-para-ler-e-colorir/p
2026-08-25,havan,"Nacional (rede em quase todos os estados, sede SC) — não confirmado por CEP",,Papelaria e Escritório,Livros,Livro,,Livro Barbie Admiráveis Profissões Ciranda Cultural - Para Colorir,,,34.99,,,sim,https://www.havan.com.br/livro-barbie-admiraveis-profissoes-ciranda-cultural-para-colorir/p
2026-08-25,havan,"Nacional (rede em quase todos os estados, sede SC) — não confirmado por CEP",,Papelaria e Escritório,Livros,Livro,,Livro Animais Da Bíblia Aquabook Ciranda Cultural - Colorindo com Água,,,17.99,,,sim,https://www.havan.com.br/livro-animais-da-biblia-aquabook-ciranda-cultural-colorindo-com-gua/p
2026-08-25,havan,"Nacional (rede em quase todos os estados, sede SC) — não confirmado por CEP",,Papelaria e Escritório,Livros,Livro,,Livro Meu Diário Fantástico Ciranda Cultural - Rosa,,,14.99,,,sim,https://www.havan.com.br/livro-meu-diario-fantastico-ciranda-cultural-rosa/p
2026-08-25,havan,"Nacional (rede em quase todos os estados, sede SC) — não confirmado por CEP",,Papelaria e Escritório,Livros,Livro,,Livro Turma Da Mônica Amigos Especiais Ciranda Cultural - Lousa Magnética,,,49.99,,,sim,https://www.havan.com.br/livro-turma-da-monica-amigos-especiais-ciranda-cultural-lousa-magntica/p
2026-08-25,havan,"Nacional (rede em quase todos os estados, sede SC) — não confirmado por CEP",,Papelaria e Escritório,Livros,Livro,,Livro Turma Da Mônica Emoções Ciranda Cultural - Ler e Montar,,,29.99,,,sim,https://www.havan.com.br/livro-turma-da-monica-emocoes-ciranda-cultural-ler-e-montar/p
2026-08-25,havan,"Nacional (rede em quase todos os estados, sede SC) — não confirmado por CEP",,Papelaria e Escritório,Livros,Livro,,Livro Aquarela Pop Spidey Culturama Editora - Colorir,,,19.99,,,sim,https://www.havan.com.br/livro-aquarela-pop-spidey-culturama-editora-colorir/p
2026-08-25,havan,"Nacional (rede em quase todos os estados, sede SC) — não confirmado por CEP",,Papelaria e Escritório,Livros,Livro,,Livro Aquarela Galinha Pintadinha Culturama Editora - Colorir,,,19.99,,,sim,https://www.havan.com.br/livro-aquarela-galinha-pintadinha-culturama-editora-colorir/p
2026-08-25,havan,"Nacional (rede em quase todos os estados, sede SC) — não confirmado por CEP",,Papelaria e Escritório,Livros,Livro,,Livro Aquarela Pop Vingadores Culturama Editora - Para Colorir,,,19.99,,,sim,https://www.havan.com.br/livro-aquarela-pop-vingadores-culturama-editora-para-colorir/p
2026-08-25,havan,"Nacional (rede em quase todos os estados, sede SC) — não confirmado por CEP",,Papelaria e Escritório,Livros,Livro,,Livro 500 Adesivos Patrulha Canina Culturama Digital - Para Colorir,,,17.99,,,sim,https://www.havan.com.br/livro-500-adesivos-patrulha-canina-culturama-digital-para-colorir/p
2026-08-25,havan,"Nacional (rede em quase todos os estados, sede SC) — não confirmado por CEP",,Papelaria e Escritório,Livros,Livro,,Livro 500 Adesivos Moana 2 Culturama Digital - Para Colorir,,,19.99,,,sim,https://www.havan.com.br/livro-500-adesivos-moana-2-culturama-digital-para-colorir/p
2026-08-25,havan,"Nacional (rede em quase todos os estados, sede SC) — não confirmado por CEP",,Papelaria e Escritório,Livros,Livro,,Livro Arte E Cor Divertidamente 2 Culturama Editora - Colorir,,,17.99,,,sim,https://www.havan.com.br/livro-arte-e-cor-divertidamente-2-culturama-editora-colorir/p
2026-08-25,havan,"Nacional (rede em quase todos os estados, sede SC) — não confirmado por CEP",,Papelaria e Escritório,Livros,Livro,,Livro Arte E Cor Moana 2 Culturama Editora - Colorir,,,17.99,,,sim,https://www.havan.com.br/livro-arte-e-cor-moana-2-culturama-editora-colorir/p
2026-08-25,havan,"Nacional (rede em quase todos os estados, sede SC) — não confirmado por CEP",,Papelaria e Escritório,Livros,Livro,,Livro 500 Adesivos Stitch Culturama Editora - Diversão,,,17.99,,,sim,https://www.havan.com.br/livro-500-adesivos-stitch-culturama-editora-diverso/p
2026-08-25,havan,"Nacional (rede em quase todos os estados, sede SC) — não confirmado por CEP",,Papelaria e Escritório,Livros,Livro,,Livro Enaldinho Mistério Das Cores Ciranda Cultural - Vermelho,,,17.99,,,sim,https://www.havan.com.br/livro-enaldinho-misterio-das-cores-ciranda-cultural-vermelho/p
2026-08-25,havan,"Nacional (rede em quase todos os estados, sede SC) — não confirmado por CEP",,Papelaria e Escritório,Livros,Livro,,Livro Super Pack Sonic Ciranda Cultural - Ler e Colorir,,,29.99,,,sim,https://www.havan.com.br/livro-super-pack-sonic-ciranda-cultural-ler-e-colorir/p
2026-08-25,havan,"Nacional (rede em quase todos os estados, sede SC) — não confirmado por CEP",,Papelaria e Escritório,Livros,Livro,,Livro 365 Atividades Ciranda Cultural - Turma Da Mônica,,,14.99,,,sim,https://www.havan.com.br/livro-365-atividades-ciranda-cultural-turma-da-mnica/p
2026-08-25,havan,"Nacional (rede em quase todos os estados, sede SC) — não confirmado por CEP",,Papelaria e Escritório,Livros,Livro,,Livro Fisher-Price Meus Queridos Animais Ciranda Cultural - Com Quebra Cabeça,,,29.99,,,sim,https://www.havan.com.br/livro-fisher-price-meus-queridos-animais-ciranda-cultural-com-quebra-cabea/p
2026-08-25,havan,"Nacional (rede em quase todos os estados, sede SC) — não confirmado por CEP",,Papelaria e Escritório,Livros,Livro,,Livro 101 Desenhos Barbie Ciranda Cultural - Para Colorir,,,12.99,,,sim,https://www.havan.com.br/livro-101-desenhos-barbie-ciranda-cultural-para-colorir/p
2026-08-25,havan,"Nacional (rede em quase todos os estados, sede SC) — não confirmado por CEP",,Papelaria e Escritório,Livros,Livro,,Livro Patrulha Canina Ciranda Cultural - Ler e Colorir,,,29.99,,,sim,https://www.havan.com.br/livro-patrulha-canina-ciranda-cultural-ler-e-colorir/p
2026-08-25,havan,"Nacional (rede em quase todos os estados, sede SC) — não confirmado por CEP",,Papelaria e Escritório,Livros,Livro,,Livro De Colorir Cute World Ciranda Cultural - Mundo Fofo,,,7.99,,,sim,https://www.havan.com.br/livro-de-colorir-cute-world-ciranda-cultural-mundo-fofo/p
2026-08-25,havan,"Nacional (rede em quase todos os estados, sede SC) — não confirmado por CEP",,Papelaria e Escritório,Livros,Livro,,Livro De Colorir Cozy Sunny Days Ciranda Cultural - Dias Ensolarados,,,7.99,,,sim,https://www.havan.com.br/livro-de-colorir-cozy-sunny-days-ciranda-cultural-dias-ensolarados/p
2026-08-25,havan,"Nacional (rede em quase todos os estados, sede SC) — não confirmado por CEP",,Papelaria e Escritório,Livros,Livro,,Livro De Colorir Comfy Cozy Days Ciranda Cultural - Dias Confortáveis,,,7.99,,,sim,https://www.havan.com.br/livro-de-colorir-comfy-cozy-days-ciranda-cultural-dias-confortveis/p
2026-08-25,havan,"Nacional (rede em quase todos os estados, sede SC) — não confirmado por CEP",,Papelaria e Escritório,Livros,Livro,,Livro De Colorir Comfy Cozy Time Ciranda Cultural - Momento Aconchegante,,,7.99,,,sim,https://www.havan.com.br/livro-de-colorir-comfy-cozy-time-ciranda-cultural-momento-aconchegante/p
2026-08-25,havan,"Nacional (rede em quase todos os estados, sede SC) — não confirmado por CEP",,Papelaria e Escritório,Livros,Livro,,Livro De 100 Atividades Stitch Culturama - 20050219,,,19.99,,,sim,https://www.havan.com.br/livro-de-100-atividades-stitch-culturama-20050219/p
2026-08-25,havan,"Nacional (rede em quase todos os estados, sede SC) — não confirmado por CEP",,Papelaria e Escritório,Livros,Livro,,Livro Amigos Fantásticos Ciranda Cultural - Ler e se divertir,,,49.99,,,sim,https://www.havan.com.br/livro-amigos-fantasticos-ciranda-cultural-ler-e-se-divertir/p
2026-08-25,havan,"Nacional (rede em quase todos os estados, sede SC) — não confirmado por CEP",,Papelaria e Escritório,Livros,Livro,,Livro Amigos Animais Ciranda Cultural - Colorido,,,49.99,,,sim,https://www.havan.com.br/livro-amigos-animais-ciranda-cultural-colorido/p
2026-08-25,havan,"Nacional (rede em quase todos os estados, sede SC) — não confirmado por CEP",,Papelaria e Escritório,Livros,Livro,,Livro Com 365 Atividades Enaldinho Ciranda Digital - Desafios E Desenhos,,,14.99,,,sim,https://www.havan.com.br/livro-com-365-atividades-enaldinho-ciranda-digital-desafios-e-desenhos/p
2026-08-25,havan,"Nacional (rede em quase todos os estados, sede SC) — não confirmado por CEP",,Papelaria e Escritório,Livros,Livro,,Livro Três Palavrinhas Ciranda Cultural - Ler E Colorir,,,24.99,,,sim,https://www.havan.com.br/livro-tres-palavrinhas-ciranda-cultural-ler-e-colorir/p
2026-08-25,havan,"Nacional (rede em quase todos os estados, sede SC) — não confirmado por CEP",,Papelaria e Escritório,Livros,Livro,,Livro Diário Secreto Ciranda Cultural - Enaldinho,,,24.99,,,sim,https://www.havan.com.br/livro-diario-secreto-ciranda-cultural-enaldinho/p
2026-08-25,havan,"Nacional (rede em quase todos os estados, sede SC) — não confirmado por CEP",,Papelaria e Escritório,Livros,Livro,,Livro Conhecendo As Profissões Ciranda Cultural - Turma Da Mônica,,,34.99,,,sim,https://www.havan.com.br/livro-conhecendo-as-profissoes-ciranda-cultural-turma-da-mnica/p
2026-08-25,havan,"Nacional (rede em quase todos os estados, sede SC) — não confirmado por CEP",,Papelaria e Escritório,Livros,Livro,,Livro Passatempos Do Enaldinho Ciranda Cultural - Com Adesivos,,,12.99,,,sim,https://www.havan.com.br/livro-passatempos-do-enaldinho-ciranda-cultural-com-adesivos/p
2026-08-25,havan,"Nacional (rede em quase todos os estados, sede SC) — não confirmado por CEP",,Papelaria e Escritório,Livros,Livro,,Livro Arte E Cor O Rei Leão Culturama Editora - 20520219,,,19.99,,,sim,https://www.havan.com.br/livro-arte-e-cor-o-rei-leao-culturama-editora-20520219/p
2026-08-25,havan,"Nacional (rede em quase todos os estados, sede SC) — não confirmado por CEP",,Papelaria e Escritório,Livros,Livro,,Livro 500 Adesivos Divertida Mente 2 Culturama Editora - 20090213,,,19.99,,,sim,https://www.havan.com.br/livro-500-adesivos-divertida-mente-2-culturama-editora-20090213/p
2026-08-25,havan,"Nacional (rede em quase todos os estados, sede SC) — não confirmado por CEP",,Papelaria e Escritório,Livros,Livro,,Livro 500 Adesivos Rei Leão Culturama Editora,,,19.99,,,sim,https://www.havan.com.br/livro-500-adesivos-rei-leao-culturama-editora-diversos/p
2026-08-25,havan,"Nacional (rede em quase todos os estados, sede SC) — não confirmado por CEP",,Papelaria e Escritório,Livros,Livro,,Livro Meu Diário Mágico Harry Potter Ciranda Cultural - Infantil,,,24.99,,,sim,https://www.havan.com.br/livro-meu-diario-magico-harry-potter-ciranda-cultural-infantil/p
2026-08-25,havan,"Nacional (rede em quase todos os estados, sede SC) — não confirmado por CEP",,Papelaria e Escritório,Livros,Livro,,Livro Meu Diário Mágico de Unicórnios Ciranda Cultural - 9788538091349,,,24.99,,,sim,https://www.havan.com.br/livro-meu-diario-magico-de-unicornios-ciranda-cultural-9788538091349/p
2026-08-25,havan,"Nacional (rede em quase todos os estados, sede SC) — não confirmado por CEP",,Papelaria e Escritório,Livros,Livrinho,,Livrinho de Banho para Bebê Buba - Amanhecer na Fazendinha,,,19.99,,,sim,https://www.havan.com.br/livro-de-banho-para-bebe-buba-amanhecer-na-fazendinha/p
2026-08-25,havan,"Nacional (rede em quase todos os estados, sede SC) — não confirmado por CEP",,Papelaria e Escritório,Livros,Livro,,Livro Apoio Escolar Aprenda O Alfabeto Ciranda Cultural - 9786555007558,,,14.99,,,sim,https://www.havan.com.br/livro-apoio-escolar-aprenda-o-alfabeto-ciranda-cultural-9786555007558/p
2026-08-25,havan,"Nacional (rede em quase todos os estados, sede SC) — não confirmado por CEP",,Papelaria e Escritório,Livros,Livro,,Livro 365 Jogos Divertidos Ciranda Cultural - 9786555001853,,,14.99,,,sim,https://www.havan.com.br/livro-365-jogos-divertidos-ciranda-cultural-9786555001853/p
2026-08-25,havan,"Nacional (rede em quase todos os estados, sede SC) — não confirmado por CEP",,Papelaria e Escritório,Livros,Livro,,Livro A Fazenda Do Zenon A Vida Na Fazenda Ciranda Cultural - 9786555008388,,,12.99,,,sim,https://www.havan.com.br/livro-a-fazenda-do-zenon-a-vida-na-fazenda-ciranda-cultural-9786555008388/p
2026-08-25,havan,"Nacional (rede em quase todos os estados, sede SC) — não confirmado por CEP",,Papelaria e Escritório,Livros,Livro,,Livro Patrulha Canina 365 Desenhos Para Colorir Ciranda Cultural - 9788538091615,,,14.99,,,sim,https://www.havan.com.br/livro-patrulha-canina-365-desenhos-para-colorir-ciranda-cultural-9788538091615/p
2026-08-25,havan,"Nacional (rede em quase todos os estados, sede SC) — não confirmado por CEP",,Papelaria e Escritório,Livros,Livro,,Livro Apoio Escolar Aprenda Caligrafia Ciranda Cultural - 9786555007572,,,14.99,,,sim,https://www.havan.com.br/livro-apoio-escolar-aprenda-caligrafia-ciranda-cultural-9786555007572/p
2026-08-25,havan,"Nacional (rede em quase todos os estados, sede SC) — não confirmado por CEP",,Papelaria e Escritório,Livros,Livro,,Livro 101 Primeiros Desenhos Patrulha Canina Ciranda Cultural - Para Colorir,,,12.99,,,sim,https://www.havan.com.br/livro-101-primeiros-desenhos-patrulha-canina-ciranda-cultural-para-colorir/p
2026-08-25,havan,"Nacional (rede em quase todos os estados, sede SC) — não confirmado por CEP",,Papelaria e Escritório,Livros,Livro,,"Livro 365 Caça-Palavras Países, Capitais E Cidades Ciranda Cultural - 9786555007749",,,14.99,,,sim,https://www.havan.com.br/livro-365-caca-palavras-paises-capitais-e-cidades-ciranda-cultural-9786555007749/p
2026-08-25,havan,"Nacional (rede em quase todos os estados, sede SC) — não confirmado por CEP",,Papelaria e Escritório,Livros,Livro,,Livro Arte E Cor Turma Da Mônica Culturama - 020520501,,,17.99,,,sim,https://www.havan.com.br/livro-arte-e-cor-turma-da-monica-culturama-020520501/p
2026-08-25,havan,"Nacional (rede em quase todos os estados, sede SC) — não confirmado por CEP",,Papelaria e Escritório,Livros,Livro,,Livro Arte E Cor Marvel Culturama - 020520301,,,19.99,,,sim,https://www.havan.com.br/livro-arte-e-cor-marvel-culturama-020520301/p
2026-08-25,havan,"Nacional (rede em quase todos os estados, sede SC) — não confirmado por CEP",,Papelaria e Escritório,Livros,Livro,,Livro 365 Desenhos Para Colorir Disney Pixar Culturama - 020070202,,,19.99,,,sim,https://www.havan.com.br/livro-365-desenhos-para-colorir-disney-pixar-culturama-020070202/p
2026-08-25,havan,"Nacional (rede em quase todos os estados, sede SC) — não confirmado por CEP",,Papelaria e Escritório,Livros,Livro,,Livro 101 Primeiros Desenhos Ciranda Cultural - 9786555003864,,,12.99,,,sim,https://www.havan.com.br/livro-101-primeiros-desenhos-ciranda-cultural-9786555003864/p
2026-08-25,havan,"Nacional (rede em quase todos os estados, sede SC) — não confirmado por CEP",,Papelaria e Escritório,Livros,Livro,,Livro Patrulha Canina Diversão Com Os Filhotes Ciranda Cultural - 9788538077817,,,17.99,,,sim,https://www.havan.com.br/livro-patrulha-canina-diversao-com-os-filhotes-ciranda-cultural-9788538077817/p
2026-08-25,havan,"Nacional (rede em quase todos os estados, sede SC) — não confirmado por CEP",,Papelaria e Escritório,Livros,Livro,,Livro Barbie 365 Atividades E Desenhos Para Colorir Ciranda Cultural - 9788538089759,,,14.99,,,sim,https://www.havan.com.br/livro-barbie-365-atividades-e-desenhos-para-colorir-ciranda-cultural-9788538089759/p
2026-08-25,havan,"Nacional (rede em quase todos os estados, sede SC) — não confirmado por CEP",,Papelaria e Escritório,Livros,Livro,,Livro A Fazenda Do Zenon Colorindo A Fazenda Ciranda Cultural - 9788538093718,,,14.99,,,sim,https://www.havan.com.br/livro-a-fazenda-do-zenon-colorindo-a-fazenda-ciranda-cultural-9788538093718/p
2026-08-25,havan,"Nacional (rede em quase todos os estados, sede SC) — não confirmado por CEP",,Papelaria e Escritório,Livros,Livro,,Livro Fisher Price Aprendendo As Horas Ciranda Cultural - 9786555001785,,,14.99,,,sim,https://www.havan.com.br/livro-fisher-price-aprendendo-as-horas-ciranda-cultural-9786555001785/p
2026-08-25,havan,"Nacional (rede em quase todos os estados, sede SC) — não confirmado por CEP",,Papelaria e Escritório,Livros,Livro,,Livro 500 Adesivos Marvel Homem-Aranha Culturama - 020090301,,,17.99,,,sim,https://www.havan.com.br/livro-500-adesivos-marvel-homem-aranha-culturama-020090301/p
2026-08-25,havan,"Nacional (rede em quase todos os estados, sede SC) — não confirmado por CEP",,Papelaria e Escritório,Livros,Livro,,Livro Massa Jogando Limpo Com Cebolinha E Cascão Estrela - 3005101300021,,,59.99,,,sim,https://www.havan.com.br/livro-massa-jogando-limpo-com-cebolinha-e-cascao-estrela-3005101300021/p
2026-08-25,havan,"Nacional (rede em quase todos os estados, sede SC) — não confirmado por CEP",,Papelaria e Escritório,Livros,Livro,,Livro 365 Atividades Com Unicórnios Ciranda Cultural - 9788538089797,,,14.99,,,sim,https://www.havan.com.br/livro-365-atividades-com-unicornios-ciranda-cultural-diversos/p
2026-08-25,havan,"Nacional (rede em quase todos os estados, sede SC) — não confirmado por CEP",,Papelaria e Escritório,Livros,Livro,,Livro De Atividades 500 Adesivos Turma Da Mônica - Culturama,,,17.99,,,sim,https://www.havan.com.br/livro-de-atividades-500-adesivos-turma-da-monica-culturama/p
2026-08-25,havan,"Nacional (rede em quase todos os estados, sede SC) — não confirmado por CEP",,Papelaria e Escritório,Livros,Livro,,Livro Castelo Encantado Disney Rapunzel Com Adesivos - Culturama,,,9.99,,,sim,https://www.havan.com.br/livro-castelo-encantado-disney-rapunzel-com-adesivos-culturama/p
2026-08-25,havan,"Nacional (rede em quase todos os estados, sede SC) — não confirmado por CEP",,Papelaria e Escritório,Livros,Livro,,Livro 365 Desenhos Para Colorir Marvel - Culturama,,,19.99,,,sim,https://www.havan.com.br/livro-365-desenhos-para-colorir-marvel-culturama/p
2026-08-25,havan,"Nacional (rede em quase todos os estados, sede SC) — não confirmado por CEP",,Papelaria e Escritório,Livros,Livro,,Livro Coisas de Menino Proibido para Meninas Ciranda Cultura - Preto,,,24.99,,,sim,https://www.havan.com.br/livro-coisas-de-menino-proibido-para-meninas-ciranda-cultura-preto/p
2026-08-25,havan,"Nacional (rede em quase todos os estados, sede SC) — não confirmado por CEP",,Papelaria e Escritório,Livros,Livrinho,,Livrinho de Banho para Bebê Buba - Animais da Floresta,,,19.99,,,sim,https://www.havan.com.br/livro-de-banho-para-bebe-buba-animais-da-floresta/p
